rank,team,powerRating,strengthOfSchedulePR,qualityWinFactorPR,championshipPercentage,ratingPercentageIndex,strengthOfScheduleRPI,qualityWinFactorRPI,selection,gender,division,webSource,rank,championPercentage,winRatio
1.0,Northwestern ,1,3,1,18.0,2,5,1,8,girls,D1,laxmath,,,12 - 2
2.0,Syracuse ,2,1,3,11.5,3,2,5,10,girls,D1,laxmath,,,12 - 3
3.0,Boston College ,4,13,8,9.5,12,8,8,28,girls,D1,laxmath,,,12 - 3
4.0,Notre Dame ,6,18,2,8.0,8,14,3,25,girls,D1,laxmath,,,13 - 2
5.0,Michigan ,7,21,6,5.0,4,22,2,28,girls,D1,laxmath,,,14 - 1
6.0,Maryland ,11,2,12,4.5,5,1,10,16,girls,D1,laxmath,,,11 - 4
7.0,Yale ,3,14,4,4.5,1,10,6,17,girls,D1,laxmath,,,11 - 1
8.0,Loyola ,5,23,5,4.0,10,24,4,38,girls,D1,laxmath,,,13 - 1
9.0,Virginia ,8,6,7,4.0,6,4,11,21,girls,D1,laxmath,,,12 - 3
10.0,Johns Hopkins ,17,4,16,3.0,9,3,16,28,girls,D1,laxmath,,,10 - 5
11.0,Stony Brook ,10,28,11,3.0,14,31,12,57,girls,D1,laxmath,,,13 - 2
12.0,Brown ,22,32,29,2.5,20,26,33,79,girls,D1,laxmath,,,9 - 4
13.0,Denver ,12,12,10,2.5,16,18,9,43,girls,D1,laxmath,,,11 - 3
14.0,Florida ,14,37,9,2.5,18,27,7,52,girls,D1,laxmath,,,13 - 2
15.0,Princeton ,16,5,18,2.5,13,12,17,42,girls,D1,laxmath,,,8 - 4
16.0,Navy ,19,45,23,2.0,25,46,28,99,girls,D1,laxmath,,,11 - 3
17.0,Stanford ,9,16,19,2.0,11,17,20,48,girls,D1,laxmath,,,9 - 3
18.0,Cornell ,33,22,48,1.5,38,48,42,128,girls,D1,laxmath,,,7 - 6
19.0,Harvard ,18,33,27,1.5,28,64,24,116,girls,D1,laxmath,,,8 - 3
20.0,North Carolina ,15,7,17,1.5,17,6,19,42,girls,D1,laxmath,,,9 - 5
21.0,Penn ,13,9,14,1.5,7,9,13,29,girls,D1,laxmath,,,9 - 3
22.0,Southern California ,25,26,33,1.5,22,36,29,87,girls,D1,laxmath,,,10 - 4
23.0,Fairfield ,28,69,13,0.0,15,42,14,71,girls,D1,laxmath,,,13 - 1
24.0,Richmond ,32,71,15,0.0,31,80,15,126,girls,D1,laxmath,,,12 - 2
25.0,Clemson ,21,20,35,0.0,26,20,38,84,girls,D1,laxmath,,,9 - 6
26.0,Duke ,31,19,31,0.0,32,11,34,77,girls,D1,laxmath,,,10 - 6
27.0,Virginia Tech ,37,29,51,0.0,39,28,61,128,girls,D1,laxmath,,,9 - 7
28.0,Akron ,117,120,92,0.0,110,116,91,317,girls,D1,laxmath,,,6 - 8
29.0,Albany ,45,11,80,0.0,43,13,75,131,girls,D1,laxmath,,,4 - 9
30.0,American ,86,80,87,0.0,74,61,88,223,girls,D1,laxmath,,,6 - 8
31.0,Arizona State ,40,35,67,0.0,50,16,71,137,girls,D1,laxmath,,,7 - 8
32.0,Army ,34,24,59,0.0,41,25,65,131,girls,D1,laxmath,,,6 - 7
33.0,Austin Peay ,0,0,0,0.0,0,0,0,0,girls,D1,laxmath,,,0 - 0
34.0,Binghamton ,59,73,69,0.0,59,66,68,193,girls,D1,laxmath,,,8 - 6
35.0,Boston University ,91,52,89,0.0,73,53,93,219,girls,D1,laxmath,,,4 - 9
36.0,Bryant ,50,67,52,0.0,42,65,52,159,girls,D1,laxmath,,,8 - 5
37.0,Bucknell ,92,77,94,0.0,94,99,94,287,girls,D1,laxmath,,,4 - 8
38.0,Butler ,106,58,125,0.0,107,78,125,310,girls,D1,laxmath,,,2 - 12
39.0,California ,80,70,100,0.0,87,75,102,264,girls,D1,laxmath,,,4 - 9
40.0,Campbell ,94,62,127,0.0,91,47,127,265,girls,D1,laxmath,,,3 - 12
41.0,Canisius ,88,104,57,0.0,62,103,53,218,girls,D1,laxmath,,,10 - 5
42.0,Central Connecticut ,130,124,106,0.0,124,125,107,356,girls,D1,laxmath,,,2 - 10
43.0,Central Michigan ,100,64,101,0.0,92,49,100,241,girls,D1,laxmath,,,4 - 11
44.0,Cincinnati ,62,84,47,0.0,68,98,45,211,girls,D1,laxmath,,,10 - 5
45.0,Coastal Carolina ,52,75,42,0.0,37,71,44,152,girls,D1,laxmath,,,10 - 4
46.0,Colgate ,84,39,109,0.0,78,38,117,233,girls,D1,laxmath,,,2 - 11
47.0,Colorado ,24,31,20,0.0,27,29,18,74,girls,D1,laxmath,,,10 - 4
48.0,Columbia ,81,43,98,0.0,84,70,96,250,girls,D1,laxmath,,,3 - 9
49.0,Connecticut ,30,48,45,0.0,45,59,49,153,girls,D1,laxmath,,,8 - 5
50.0,Dartmouth ,29,30,43,0.0,33,34,50,117,girls,D1,laxmath,,,7 - 5
51.0,Davidson ,51,65,65,0.0,54,51,66,171,girls,D1,laxmath,,,8 - 6
52.0,Delaware ,49,63,50,0.0,49,74,54,177,girls,D1,laxmath,,,9 - 5
53.0,Delaware State ,129,125,126,0.0,121,113,124,358,girls,D1,laxmath,,,2 - 11
54.0,Detroit Mercy ,116,109,123,0.0,120,121,122,363,girls,D1,laxmath,,,3 - 11
55.0,Drexel ,27,36,30,0.0,21,21,21,63,girls,D1,laxmath,,,10 - 4
56.0,Duquesne ,114,105,81,0.0,96,109,80,285,girls,D1,laxmath,,,7 - 7
57.0,East Carolina ,77,49,110,0.0,83,45,114,242,girls,D1,laxmath,,,3 - 11
58.0,Eastern Michigan ,109,110,64,0.0,103,115,63,281,girls,D1,laxmath,,,6 - 6
59.0,Elon ,71,61,75,0.0,65,84,76,225,girls,D1,laxmath,,,7 - 7
60.0,Fairleigh Dickinson ,128,127,129,0.0,126,118,129,373,girls,D1,laxmath,,,2 - 13
61.0,Florida State ,0,0,0,0.0,0,0,0,0,girls,D1,laxmath,,,0 - 0
62.0,Furman ,89,83,90,0.0,90,85,89,264,girls,D1,laxmath,,,6 - 8
63.0,Gardner Webb ,131,99,130,0.0,125,111,130,366,girls,D1,laxmath,,,0 - 14
64.0,George Mason ,85,116,68,0.0,88,107,67,262,girls,D1,laxmath,,,9 - 6
65.0,George Washington ,113,101,120,0.0,111,93,119,323,girls,D1,laxmath,,,4 - 11
66.0,Georgetown ,42,27,77,0.0,57,30,73,160,girls,D1,laxmath,,,6 - 9
67.0,High Point ,76,90,53,0.0,71,94,56,221,girls,D1,laxmath,,,8 - 5
68.0,Hofstra ,41,57,58,0.0,51,81,57,189,girls,D1,laxmath,,,9 - 5
69.0,Holy Cross ,43,59,28,0.0,24,43,30,97,girls,D1,laxmath,,,10 - 3
70.0,Howard ,132,126,131,0.0,127,126,131,384,girls,D1,laxmath,,,0 - 14
71.0,Iona ,83,92,44,0.0,46,72,43,161,girls,D1,laxmath,,,10 - 4
72.0,Jacksonville ,55,40,74,0.0,60,37,77,174,girls,D1,laxmath,,,5 - 8
73.0,James Madison ,23,15,37,0.0,19,19,31,69,girls,D1,laxmath,,,9 - 5
74.0,Kennesaw State ,108,108,102,0.0,116,127,103,346,girls,D1,laxmath,,,5 - 9
75.0,Kent State ,112,103,108,0.0,105,100,108,313,girls,D1,laxmath,,,5 - 10
76.0,La Salle ,120,94,114,0.0,114,96,111,321,girls,D1,laxmath,,,2 - 10
77.0,Lafayette ,93,82,97,0.0,101,97,98,296,girls,D1,laxmath,,,4 - 9
78.0,Le Moyne ,111,118,70,0.0,76,90,69,235,girls,D1,laxmath,,,8 - 6
79.0,Lehigh ,53,53,54,0.0,53,82,55,190,girls,D1,laxmath,,,7 - 5
80.0,Liberty ,72,38,95,0.0,64,33,95,192,girls,D1,laxmath,,,5 - 10
81.0,Lindenwood ,60,106,34,0.0,67,120,35,222,girls,D1,laxmath,,,11 - 3
82.0,LIU ,97,113,82,0.0,82,88,81,251,girls,D1,laxmath,,,7 - 7
83.0,Longwood ,103,111,83,0.0,109,122,82,313,girls,D1,laxmath,,,7 - 7
84.0,Louisville ,35,17,72,0.0,44,23,74,141,girls,D1,laxmath,,,7 - 9
85.0,Manhattan ,118,86,118,0.0,95,62,118,275,girls,D1,laxmath,,,4 - 11
86.0,Marist ,107,76,124,0.0,99,63,120,282,girls,D1,laxmath,,,3 - 11
87.0,Marquette ,61,41,96,0.0,69,41,97,207,girls,D1,laxmath,,,5 - 10
88.0,Massachusetts ,36,55,38,0.0,29,57,40,126,girls,D1,laxmath,,,9 - 4
89.0,Massachusetts-Lowell ,58,107,41,0.0,58,86,41,185,girls,D1,laxmath,,,11 - 4
90.0,Mercer ,47,72,49,0.0,48,54,51,153,girls,D1,laxmath,,,8 - 5
91.0,Merrimack ,123,115,121,0.0,113,91,123,327,girls,D1,laxmath,,,3 - 11
92.0,Monmouth ,69,56,84,0.0,79,79,86,244,girls,D1,laxmath,,,6 - 8
93.0,Mount St Marys ,75,68,99,0.0,61,40,99,200,girls,D1,laxmath,,,5 - 9
94.0,New Hampshire ,110,74,115,0.0,102,77,112,291,girls,D1,laxmath,,,2 - 10
95.0,Niagara ,48,85,32,0.0,35,76,32,143,girls,D1,laxmath,,,12 - 3
96.0,Ohio State ,46,47,60,0.0,56,50,46,152,girls,D1,laxmath,,,7 - 7
97.0,Old Dominion ,96,66,119,0.0,100,73,121,294,girls,D1,laxmath,,,3 - 11
98.0,Oregon ,56,88,55,0.0,72,102,62,236,girls,D1,laxmath,,,7 - 5
99.0,Penn State ,26,10,39,0.0,23,15,36,74,girls,D1,laxmath,,,8 - 6
100.0,Pittsburgh ,70,34,93,0.0,70,35,92,197,girls,D1,laxmath,,,5 - 11
101.0,Presbyterian ,127,119,116,0.0,122,124,113,359,girls,D1,laxmath,,,2 - 11
102.0,Queens ,82,98,71,0.0,81,95,70,246,girls,D1,laxmath,,,8 - 6
103.0,Quinnipiac ,95,79,117,0.0,98,58,115,271,girls,D1,laxmath,,,2 - 11
104.0,Radford ,124,123,103,0.0,119,123,104,346,girls,D1,laxmath,,,4 - 9
105.0,Rhode Island ,0,0,0,0.0,0,0,0,0,girls,D1,laxmath,,,0 - 0
106.0,Rider ,101,112,78,0.0,93,104,78,275,girls,D1,laxmath,,,8 - 7
107.0,Robert Morris ,119,96,111,0.0,112,105,116,333,girls,D1,laxmath,,,4 - 11
108.0,Rutgers ,20,8,61,0.0,34,7,47,88,girls,D1,laxmath,,,6 - 8
109.0,Sacred Heart ,98,114,63,0.0,66,87,58,211,girls,D1,laxmath,,,8 - 5
110.0,San Diego State ,99,42,122,0.0,89,55,126,270,girls,D1,laxmath,,,2 - 12
111.0,Siena ,57,81,40,0.0,36,67,39,142,girls,D1,laxmath,,,11 - 4
112.0,South Florida ,0,0,0,0.0,0,0,0,0,girls,D1,laxmath,,,0 - 0
113.0,St Bonaventure ,87,91,91,0.0,75,68,90,233,girls,D1,laxmath,,,7 - 8
114.0,St Francis ,115,122,73,0.0,104,117,72,293,girls,D1,laxmath,,,7 - 6
115.0,St Josephs ,38,46,66,0.0,40,39,64,143,girls,D1,laxmath,,,8 - 6
116.0,Stetson ,102,102,104,0.0,108,92,101,301,girls,D1,laxmath,,,4 - 9
117.0,Stonehill ,104,121,85,0.0,106,112,84,302,girls,D1,laxmath,,,6 - 7
118.0,Temple ,39,44,36,0.0,30,44,37,111,girls,D1,laxmath,,,9 - 4
119.0,Towson ,44,25,79,0.0,47,32,85,164,girls,D1,laxmath,,,6 - 8
120.0,UC Davis ,74,78,56,0.0,52,69,59,180,girls,D1,laxmath,,,9 - 5
121.0,UMBC ,68,93,46,0.0,63,106,48,217,girls,D1,laxmath,,,9 - 4
122.0,UNC-Charlotte ,0,0,0,0.0,0,0,0,0,girls,D1,laxmath,,,0 - 0
123.0,Vanderbilt ,54,51,62,0.0,55,60,60,175,girls,D1,laxmath,,,8 - 6
124.0,VCU ,79,54,112,0.0,85,52,109,246,girls,D1,laxmath,,,4 - 11
125.0,Vermont ,78,87,86,0.0,77,83,83,243,girls,D1,laxmath,,,6 - 7
126.0,Villanova ,73,60,76,0.0,80,89,79,248,girls,D1,laxmath,,,6 - 7
127.0,Wagner ,122,117,105,0.0,115,110,105,330,girls,D1,laxmath,,,4 - 9
128.0,William & Mary ,90,50,107,0.0,86,56,106,248,girls,D1,laxmath,,,4 - 11
129.0,Winthrop ,125,97,128,0.0,118,101,128,347,girls,D1,laxmath,,,1 - 12
130.0,Wofford ,105,95,88,0.0,97,108,87,292,girls,D1,laxmath,,,5 - 7
131.0,Xavier ,121,89,113,0.0,117,119,110,346,girls,D1,laxmath,,,3 - 10
132.0,Youngstown State ,126,100,132,0.0,123,114,132,369,girls,D1,laxmath,,,0 - 14
1.0,Lenoir-Rhyne ,1,5,1,28.5,1,1,1,3,boys,D2,laxmath,,,17 - 1
2.0,Limestone ,2,8,3,15.0,4,3,4,11,boys,D2,laxmath,,,17 - 2
3.0,Tampa ,3,2,2,9.5,2,6,3,11,boys,D2,laxmath,,,18 - 2
4.0,Adelphi ,4,12,4,8.5,3,2,2,7,boys,D2,laxmath,,,16 - 2
5.0,Wingate ,5,11,8,6.0,9,5,10,24,boys,D2,laxmath,,,11 - 5
6.0,Newberry ,8,19,7,4.5,16,18,8,42,boys,D2,laxmath,,,12 - 4
7.0,Rollins ,6,4,5,4.5,10,22,12,44,boys,D2,laxmath,,,12 - 4
8.0,Indianapolis ,14,15,19,3.5,8,9,16,33,boys,D2,laxmath,,,11 - 6
9.0,Westminster ,12,42,9,2.5,29,52,18,99,boys,D2,laxmath,,,11 - 3
10.0,Maryville ,13,18,15,2.0,12,14,17,43,boys,D2,laxmath,,,13 - 5
11.0,St Anselm ,7,13,12,2.0,5,4,6,15,boys,D2,laxmath,,,12 - 5
12.0,Flagler ,25,9,36,1.5,30,25,41,96,boys,D2,laxmath,,,7 - 9
13.0,Florida Southern ,10,3,17,1.5,14,11,27,52,boys,D2,laxmath,,,10 - 7
14.0,Pace ,15,20,11,1.5,6,13,7,26,boys,D2,laxmath,,,13 - 4
15.0,Bentley ,16,10,18,0.0,11,8,13,32,boys,D2,laxmath,,,9 - 6
16.0,Embry-Riddle ,20,14,39,0.0,35,48,40,123,boys,D2,laxmath,,,6 - 8
17.0,Mercy ,11,44,6,0.0,7,16,5,28,boys,D2,laxmath,,,13 - 2
18.0,Mercyhurst ,21,47,16,0.0,15,10,9,34,boys,D2,laxmath,,,13 - 5
19.0,Rockhurst ,23,28,23,0.0,22,32,23,77,boys,D2,laxmath,,,10 - 5
20.0,St Leo ,17,7,22,0.0,25,47,28,100,boys,D2,laxmath,,,9 - 6
21.0,Colorado Mesa ,9,39,13,0.0,23,24,15,62,boys,D2,laxmath,,,13 - 4
22.0,Florida Tech ,19,1,30,0.0,26,15,34,75,boys,D2,laxmath,,,6 - 9
23.0,Frostburg State ,32,56,21,0.0,17,21,14,52,boys,D2,laxmath,,,13 - 4
24.0,Lewis ,18,27,10,0.0,13,7,11,31,boys,D2,laxmath,,,14 - 5
25.0,Lynn ,31,6,43,0.0,42,49,60,151,boys,D2,laxmath,,,5 - 10
26.0,Seton Hill ,24,53,31,0.0,19,19,25,63,boys,D2,laxmath,,,11 - 6
27.0,Adams State ,72,29,74,0.0,75,57,78,210,boys,D2,laxmath,,,1 - 13
28.0,Alabama-Huntsville ,37,36,53,0.0,49,46,51,146,boys,D2,laxmath,,,7 - 9
29.0,American International ,50,51,58,0.0,52,45,52,149,boys,D2,laxmath,,,5 - 10
30.0,Anderson ,22,16,34,0.0,33,20,35,88,boys,D2,laxmath,,,7 - 9
31.0,Assumption ,35,22,29,0.0,24,29,26,79,boys,D2,laxmath,,,7 - 6
32.0,Barton ,48,46,59,0.0,47,27,58,132,boys,D2,laxmath,,,7 - 10
33.0,Belmont Abbey ,30,30,28,0.0,28,17,31,76,boys,D2,laxmath,,,10 - 7
34.0,Bridgeport ,61,71,55,0.0,58,62,53,173,boys,D2,laxmath,,,7 - 8
35.0,Caldwell ,68,70,60,0.0,63,70,62,195,boys,D2,laxmath,,,4 - 8
36.0,Catawba ,41,26,41,0.0,45,30,44,119,boys,D2,laxmath,,,6 - 9
37.0,Chestnut Hill ,38,68,25,0.0,31,43,22,96,boys,D2,laxmath,,,11 - 4
38.0,Chowan ,63,67,63,0.0,67,71,64,202,boys,D2,laxmath,,,5 - 9
39.0,Coker ,52,21,38,0.0,44,28,39,111,boys,D2,laxmath,,,6 - 9
40.0,Concordia-Irvine ,28,31,35,0.0,48,38,50,136,boys,D2,laxmath,,,7 - 8
41.0,CSU-Pueblo ,67,41,68,0.0,73,77,75,225,boys,D2,laxmath,,,2 - 12
42.0,D'Youville ,71,61,79,0.0,69,59,79,207,boys,D2,laxmath,,,2 - 14
43.0,Davenport ,46,55,32,0.0,36,64,29,129,boys,D2,laxmath,,,9 - 5
44.0,Davis & Elkins ,77,77,75,0.0,76,76,72,224,boys,D2,laxmath,,,3 - 11
45.0,District of Columbia ,79,73,76,0.0,77,69,74,220,boys,D2,laxmath,,,1 - 11
46.0,Dominican ,56,23,56,0.0,59,55,65,179,boys,D2,laxmath,,,4 - 9
47.0,Dominican ,70,76,66,0.0,65,72,67,204,boys,D2,laxmath,,,4 - 9
48.0,Emmanuel ,65,49,80,0.0,72,56,80,208,boys,D2,laxmath,,,1 - 15
49.0,Felician ,73,78,69,0.0,74,73,70,217,boys,D2,laxmath,,,4 - 10
50.0,Franklin Pierce ,59,40,61,0.0,56,50,59,165,boys,D2,laxmath,,,3 - 10
51.0,Georgian Court ,49,63,40,0.0,40,26,36,102,boys,D2,laxmath,,,9 - 8
52.0,Holy Family ,80,79,78,0.0,79,78,77,234,boys,D2,laxmath,,,2 - 12
53.0,Lake Erie ,51,59,45,0.0,41,36,37,114,boys,D2,laxmath,,,8 - 8
54.0,Lander ,27,32,20,0.0,21,41,20,82,boys,D2,laxmath,,,12 - 4
55.0,Lees-McRae ,76,60,65,0.0,78,68,66,212,boys,D2,laxmath,,,3 - 8
56.0,Lincoln Memorial ,44,35,46,0.0,57,42,55,154,boys,D2,laxmath,,,5 - 10
57.0,Malone ,62,69,62,0.0,61,74,61,196,boys,D2,laxmath,,,8 - 9
58.0,Mars Hill ,53,33,48,0.0,55,40,56,151,boys,D2,laxmath,,,5 - 10
59.0,Molloy ,43,50,47,0.0,34,12,38,84,boys,D2,laxmath,,,8 - 10
60.0,Montevallo ,29,34,33,0.0,38,54,33,125,boys,D2,laxmath,,,9 - 6
61.0,Mount Olive ,33,48,14,0.0,20,44,19,83,boys,D2,laxmath,,,12 - 3
62.0,North Greenville ,39,45,42,0.0,43,51,42,136,boys,D2,laxmath,,,10 - 8
63.0,Palm Beach Atlantic ,34,17,26,0.0,39,60,30,129,boys,D2,laxmath,,,6 - 5
64.0,Post ,55,72,50,0.0,54,75,48,177,boys,D2,laxmath,,,10 - 8
65.0,Quincy ,47,43,44,0.0,50,53,43,146,boys,D2,laxmath,,,6 - 8
66.0,Roberts Wesleyan ,36,54,37,0.0,32,33,32,97,boys,D2,laxmath,,,10 - 6
67.0,Shorter ,66,65,54,0.0,70,80,54,204,boys,D2,laxmath,,,8 - 8
68.0,Southern New Hampshire ,42,25,51,0.0,46,35,45,126,boys,D2,laxmath,,,4 - 9
69.0,St Michaels ,26,38,24,0.0,27,39,21,87,boys,D2,laxmath,,,9 - 5
70.0,St Rose ,45,37,52,0.0,37,23,46,106,boys,D2,laxmath,,,7 - 10
71.0,St Thomas Aquinas ,69,75,71,0.0,68,63,71,202,boys,D2,laxmath,,,5 - 11
72.0,Thomas More ,74,64,70,0.0,66,65,68,199,boys,D2,laxmath,,,2 - 10
73.0,Tiffin ,75,66,72,0.0,71,67,69,207,boys,D2,laxmath,,,4 - 10
74.0,Tusculum ,64,24,77,0.0,64,37,76,177,boys,D2,laxmath,,,1 - 14
75.0,Virginia State ,78,80,73,0.0,80,79,73,232,boys,D2,laxmath,,,1 - 10
76.0,Walsh ,58,57,67,0.0,51,34,57,142,boys,D2,laxmath,,,6 - 10
77.0,Wheeling ,57,74,57,0.0,60,61,49,170,boys,D2,laxmath,,,7 - 8
78.0,William Jewell ,54,52,49,0.0,53,58,47,158,boys,D2,laxmath,,,6 - 8
79.0,Wilmington ,40,62,27,0.0,18,31,24,73,boys,D2,laxmath,,,11 - 4
80.0,Young Harris ,60,58,64,0.0,62,66,63,191,boys,D2,laxmath,,,6 - 9
1.0,Harford ,1,2,1,55.0,1,1,1,3,boys,,laxmath,,,13 - 1
2.0,Essex ,2,3,2,24.0,2,3,2,7,boys,,laxmath,,,11 - 3
3.0,Onondaga ,4,8,3,9.0,4,5,3,12,boys,,laxmath,,,9 - 3
4.0,Nassau ,3,5,4,7.0,3,7,5,15,boys,,laxmath,,,8 - 2
5.0,Genesee ,5,6,5,2.5,5,4,4,13,boys,,laxmath,,,8 - 4
6.0,Howard ,6,1,10,1.5,6,2,10,18,boys,,laxmath,,,3 - 8
7.0,DuPage ,7,7,8,0.0,7,6,8,21,boys,,laxmath,,,4 - 4
8.0,Anne Arundel ,8,4,9,0.0,9,8,9,26,boys,,laxmath,,,4 - 7
9.0,Delaware Tech ,10,9,11,0.0,11,10,11,32,boys,,laxmath,,,3 - 9
10.0,Herkimer ,9,14,7,0.0,8,11,6,25,boys,,laxmath,,,7 - 6
11.0,Hudson Valley ,11,16,6,0.0,10,13,7,30,boys,,laxmath,,,7 - 5
12.0,Mercer County ,13,10,14,0.0,12,9,16,37,boys,,laxmath,,,1 - 10
13.0,Mohawk Valley ,14,12,16,0.0,13,12,15,40,boys,,laxmath,,,1 - 8
14.0,Monroe ,12,15,12,0.0,14,15,12,41,boys,,laxmath,,,2 - 6
15.0,Sussex County ,15,11,15,0.0,16,16,14,46,boys,,laxmath,,,1 - 8
16.0,Tompkins-Cortland ,16,13,13,0.0,15,14,13,42,boys,,laxmath,,,1 - 6
,Wisconsin Red Club ,1,4,3,,3,7,3,13,boys,,laxmath,1.0,33 . 0 %,7 - 1
,Notre Dame Club ,2,6,1,,2,15,1,18,boys,,laxmath,2.0,20 . 50 %,11 - 1
,Ohio State Gray ,3,1,9,,4,2,10,16,boys,,laxmath,3.0,12 . 0 %,5 - 1
,Michigan State ,4,20,11,,16,22,11,49,boys,,laxmath,4.0,9 . 0 %,6 - 4
,Illinois State Club ,6,3,4,,5,5,5,15,boys,,laxmath,5.0,4 . 0 %,6 - 4
,UW Eau Claire Club ,9,18,10,,10,19,7,36,boys,,laxmath,6.0,4 . 0 %,7 - 3
,Wisconsin White Club ,7,23,8,,12,27,8,47,boys,,laxmath,7.0,4 . 0 %,6 - 2
,Mankato State Club ,5,15,2,,1,3,2,6,boys,,laxmath,8.0,3 . 0 %,9 - 1
,Northern Michigan Club ,12,30,12,,15,30,12,57,boys,,laxmath,9.0,2 . 0 %,7 - 2
,Marquette Club ,10,5,13,,9,4,15,28,boys,,laxmath,10.0,1 . 50 %,5 - 6
,St Cloud State Club ,13,9,6,,7,6,9,22,boys,,laxmath,11.0,1 . 50 %,5 - 3
,UW La Crosse Club ,15,17,21,,22,17,19,58,boys,,laxmath,12.0,1 . 50 %,3 - 5
,Central Michigan Club ,16,21,15,,14,20,14,48,boys,,laxmath,13.0,0 . 0 %,4 - 3
,Iowa Club ,8,13,7,,6,8,6,20,boys,,laxmath,14.0,0 . 0 %,5 - 2
,Loyola Chicago Club ,11,24,5,,8,10,4,22,boys,,laxmath,15.0,0 . 0 %,9 - 3
,Northwestern ,14,2,18,,21,9,25,55,boys,,laxmath,16.0,0 . 0 %,2 - 8
,Carleton Club ,17,11,23,,19,11,23,53,boys,,laxmath,17.0,0 . 0 %,2 - 6
,Ferris State Club ,21,25,25,,25,23,24,72,boys,,laxmath,18.0,0 . 0 %,4 - 6
,Mad Cow LC ,28,22,31,,27,18,30,75,boys,,laxmath,19.0,0 . 0 %,2 - 8
,Michigan Tech Club ,22,31,17,,18,26,16,60,boys,,laxmath,20.0,0 . 0 %,4 - 3
,Northern Illinois Club ,29,8,28,,31,21,28,80,boys,,laxmath,21.0,0 . 0 %,0 - 7
,Oakland Club ,31,12,27,,30,25,29,84,boys,,laxmath,22.0,0 . 0 %,1 - 8
,Saginaw Valley State Clu,30,14,30,,26,16,31,73,boys,,laxmath,23.0,0 . 0 %,1 - 8
,St Xavier Club ,25,26,26,,29,29,26,84,boys,,laxmath,24.0,0 . 0 %,2 - 5
,UW Milwaukee Club ,27,27,29,,28,28,27,83,boys,,laxmath,25.0,0 . 0 %,3 - 6
,UW Oshkosh Club ,26,29,19,,20,24,18,62,boys,,laxmath,26.0,0 . 0 %,3 - 3
,UW Platteville Club ,24,16,24,,13,12,22,47,boys,,laxmath,27.0,0 . 0 %,4 - 6
,UW River Falls Club ,23,7,22,,24,13,21,58,boys,,laxmath,28.0,0 . 0 %,1 - 5
,UW Whitewater Club ,19,28,16,,23,31,13,67,boys,,laxmath,29.0,0 . 0 %,3 - 2
,Winona State Club ,18,19,20,,17,14,20,51,boys,,laxmath,30.0,0 . 0 %,5 - 6
,Wisconsin Badger Club ,20,10,14,,11,1,17,29,boys,,laxmath,31.0,0 . 0 %,1 - 3
,West Chester Club ,1,5,1,,2,10,1,13,boys,D2,laxmath,1.0,27 . 50 %,12 - 3
,Louisville Club ,4,22,9,,1,1,3,5,boys,D2,laxmath,2.0,14 . 0 %,10 - 4
,High Point Club ,2,9,2,,3,15,2,20,boys,D2,laxmath,3.0,13 . 50 %,13 - 2
,Georgetown Club ,5,20,16,,27,55,16,98,boys,D2,laxmath,4.0,6 . 50 %,7 - 4
,Williamson ,3,4,7,,10,6,10,26,boys,D2,laxmath,5.0,6 . 0 %,5 - 3
,RIT Club ,10,37,24,,12,20,9,41,boys,D2,laxmath,6.0,3 . 50 %,7 - 2
,Bucknell Club ,13,44,12,,16,47,13,76,boys,D2,laxmath,7.0,3 . 0 %,2 - 0
,Drexel Club ,6,6,13,,14,12,24,50,boys,D2,laxmath,8.0,3 . 0 %,3 - 6
,Massachusetts B Club ,12,14,3,,7,9,4,20,boys,D2,laxmath,9.0,2 . 50 %,8 - 2
,Tufts Club ,15,21,32,,15,19,22,56,boys,D2,laxmath,10.0,2 . 50 %,4 - 3
,Binghamton Club ,17,32,5,,4,4,7,15,boys,D2,laxmath,11.0,2 . 0 %,8 - 3
,Brown Club ,9,13,8,,9,11,8,28,boys,D2,laxmath,12.0,2 . 0 %,5 - 5
,Electric City LC ,7,28,4,,6,28,5,39,boys,D2,laxmath,13.0,2 . 0 %,6 - 3
,Bryant Club ,14,11,6,,5,5,6,16,boys,D2,laxmath,14.0,1 . 50 %,6 - 2
,Marist Club ,8,42,28,,29,27,28,84,boys,D2,laxmath,15.0,1 . 50 %,4 - 7
,Rowan Club ,20,7,31,,30,14,37,81,boys,D2,laxmath,16.0,1 . 50 %,2 - 4
,TCNJ Club ,11,17,10,,13,24,12,49,boys,D2,laxmath,17.0,1 . 50 %,6 - 2
,Babson Club ,22,24,33,,26,13,26,65,boys,D2,laxmath,18.0,0 . 0 %,5 - 3
,Clarkson Club ,16,57,11,,19,51,11,81,boys,D2,laxmath,19.0,0 . 0 %,4 - 1
,George Mason Club ,21,15,42,,28,31,55,114,boys,D2,laxmath,20.0,0 . 0 %,5 - 6
,Massachusetts-Lowell Clu,24,23,36,,25,17,29,71,boys,D2,laxmath,21.0,0 . 0 %,4 - 3
,Virginia Commonwealth Cl,28,34,41,,35,49,36,120,boys,D2,laxmath,22.0,0 . 0 %,5 - 3
,Duquesne Club ,27,60,15,,23,45,15,83,boys,D2,laxmath,23.0,0 . 0 %,7 - 1
,RPI Club ,35,40,19,,64,64,20,148,boys,D2,laxmath,24.0,0 . 0 %,0 - 2
,Akron Club ,59,52,63,,40,52,58,150,boys,D2,laxmath,25.0,0 . 0 %,4 - 7
,Bloomsburg Club ,48,30,66,,51,23,65,139,boys,D2,laxmath,26.0,0 . 0 %,0 - 6
,Bowling Green Club ,63,47,50,,43,54,44,141,boys,D2,laxmath,27.0,0 . 0 %,3 - 3
,Carnegie Mellon Club ,61,45,60,,48,21,59,128,boys,D2,laxmath,28.0,0 . 0 %,0 - 4
,Catholic Club ,44,18,34,,57,39,48,144,boys,D2,laxmath,29.0,0 . 0 %,0 - 2
,CCNY Club ,64,49,51,,56,48,52,156,boys,D2,laxmath,30.0,0 . 0 %,1 - 7
,Christopher Newport Club,60,19,47,,53,22,45,120,boys,D2,laxmath,31.0,0 . 0 %,1 - 2
,Dickinson Club ,0,0,0,,0,0,0,0,boys,D2,laxmath,32.0,0 . 0 %,0 - 0
,Gannon Club ,66,61,30,,59,46,33,138,boys,D2,laxmath,33.0,0 . 0 %,0 - 1
,George Washington Club ,46,25,58,,47,38,64,149,boys,D2,laxmath,34.0,0 . 0 %,2 - 5
,Ithaca Club ,0,0,0,,0,0,0,0,boys,D2,laxmath,35.0,0 . 0 %,0 - 0
,IUP Club ,55,56,48,,39,30,46,115,boys,D2,laxmath,36.0,0 . 0 %,1 - 2
,Johns Hopkins Club ,0,0,0,,0,0,0,0,boys,D2,laxmath,37.0,0 . 0 %,0 - 0
,Kent State Club ,43,48,35,,17,33,27,77,boys,D2,laxmath,38.0,0 . 0 %,8 - 5
,Kentucky Club ,29,10,22,,8,63,19,90,boys,D2,laxmath,39.0,0 . 0 %,4 - 4
,Kutztown Club ,18,26,25,,20,40,31,91,boys,D2,laxmath,40.0,0 . 0 %,5 - 4
,Le Moyne Club ,51,41,57,,38,25,53,116,boys,D2,laxmath,41.0,0 . 0 %,1 - 5
,Millersville Club ,42,46,37,,42,58,34,134,boys,D2,laxmath,42.0,0 . 0 %,5 - 2
,New Haven Club ,50,51,29,,50,53,32,135,boys,D2,laxmath,43.0,0 . 0 %,1 - 2
,Niagara Club ,31,31,56,,34,29,51,114,boys,D2,laxmath,44.0,0 . 0 %,5 - 7
,NYU Club ,45,59,43,,58,57,39,154,boys,D2,laxmath,45.0,0 . 0 %,4 - 4
,Oswego Club ,62,50,44,,46,59,40,145,boys,D2,laxmath,46.0,0 . 0 %,1 - 4
,PSU Berks Club ,54,35,61,,54,41,60,155,boys,D2,laxmath,47.0,0 . 0 %,1 - 5
,Quinnipiac Club ,40,29,64,,32,7,61,100,boys,D2,laxmath,48.0,0 . 0 %,2 - 10
,Radford Club ,30,3,38,,21,18,49,88,boys,D2,laxmath,49.0,0 . 0 %,2 - 3
,Richmond Club ,47,36,45,,41,37,41,119,boys,D2,laxmath,50.0,0 . 0 %,1 - 2
,Robert Morris Club ,57,55,46,,33,35,42,110,boys,D2,laxmath,51.0,0 . 0 %,2 - 2
,Rochester Club ,26,43,39,,37,42,43,122,boys,D2,laxmath,52.0,0 . 0 %,4 - 6
,Rutgers-Camden Club ,53,27,65,,52,34,66,152,boys,D2,laxmath,53.0,0 . 0 %,1 - 7
,Shippensburg Club ,39,33,40,,24,26,38,88,boys,D2,laxmath,54.0,0 . 0 %,4 - 3
,Slippery Rock Club ,49,54,52,,36,43,47,126,boys,D2,laxmath,55.0,0 . 0 %,4 - 4
,St Anselm Club ,52,8,59,,45,16,56,117,boys,D2,laxmath,56.0,0 . 0 %,0 - 6
,St Bonaventure Club ,56,39,62,,49,32,62,143,boys,D2,laxmath,57.0,0 . 0 %,1 - 5
,St Josephs ,23,12,26,,31,8,35,74,boys,D2,laxmath,58.0,0 . 0 %,3 - 8
,Stevens Club ,41,38,53,,44,44,50,138,boys,D2,laxmath,59.0,0 . 0 %,1 - 5
,Stony Brook Club ,58,53,54,,55,56,57,168,boys,D2,laxmath,60.0,0 . 0 %,5 - 5
,Toledo Club ,65,58,55,,60,50,54,164,boys,D2,laxmath,61.0,0 . 0 %,0 - 3
,Trinity Club ,0,0,0,,0,0,0,0,boys,D2,laxmath,62.0,0 . 0 %,0 - 0
,UMBC Club ,25,2,49,,22,2,63,87,boys,D2,laxmath,63.0,0 . 0 %,1 - 12
,VMI Club ,37,1,23,,11,3,25,39,boys,D2,laxmath,64.0,0 . 0 %,0 - 1
,William & Mary Club ,19,16,27,,18,36,30,84,boys,D2,laxmath,65.0,0 . 0 %,5 - 4
,York Club ,0,0,0,,0,0,0,0,boys,D2,laxmath,66.0,0 . 0 %,0 - 0
1.0,Middlebury ,1,7,1,24.0,1,4,1,6,girls,D3,laxmath,,,13 - 0
2.0,Tufts ,2,6,3,22.5,2,10,4,16,girls,D3,laxmath,,,11 - 2
3.0,Franklin & Marshall ,7,14,5,5.5,9,11,3,23,girls,D3,laxmath,,,13 - 2
4.0,Gettysburg ,4,12,10,5.5,6,14,6,26,girls,D3,laxmath,,,11 - 2
5.0,Salisbury ,5,4,6,5.5,3,1,9,13,girls,D3,laxmath,,,10 - 3
6.0,Wesleyan ,3,2,2,5.0,4,8,2,14,girls,D3,laxmath,,,10 - 2
7.0,Colby ,9,8,17,4.0,17,20,19,56,girls,D3,laxmath,,,9 - 4
8.0,William Smith ,11,23,9,3.5,15,23,11,49,girls,D3,laxmath,,,12 - 2
9.0,MIT ,8,48,8,3.0,25,33,7,65,girls,D3,laxmath,,,12 - 2
10.0,Washington & Lee ,6,30,4,2.5,5,2,5,12,girls,D3,laxmath,,,12 - 3
11.0,Haverford ,27,24,60,2.0,24,18,53,95,girls,D3,laxmath,,,9 - 4
12.0,Bowdoin ,16,9,42,1.5,28,29,76,133,girls,D3,laxmath,,,8 - 5
13.0,Stevens ,20,37,14,1.5,33,113,18,164,girls,D3,laxmath,,,10 - 1
14.0,Williams ,14,10,72,1.5,34,32,81,147,girls,D3,laxmath,,,7 - 5
15.0,Christopher Newport ,18,15,51,0.0,14,28,23,65,girls,D3,laxmath,,,11 - 4
16.0,Roanoke ,19,33,20,0.0,22,31,12,65,girls,D3,laxmath,,,11 - 3
17.0,Scranton ,28,38,22,0.0,21,50,29,100,girls,D3,laxmath,,,11 - 2
18.0,Swarthmore ,61,80,70,0.0,81,60,62,203,girls,D3,laxmath,,,9 - 4
19.0,TCNJ ,17,25,21,0.0,10,5,22,37,girls,D3,laxmath,,,8 - 4
20.0,Trinity ,15,5,83,0.0,36,12,93,141,girls,D3,laxmath,,,6 - 6
21.0,Amherst ,13,3,19,0.0,16,7,44,67,girls,D3,laxmath,,,8 - 5
22.0,Babson ,10,43,7,0.0,13,24,13,50,girls,D3,laxmath,,,11 - 2
23.0,Catholic ,32,16,63,0.0,30,6,56,92,girls,D3,laxmath,,,7 - 6
24.0,Colorado College ,24,51,59,0.0,11,13,51,75,girls,D3,laxmath,,,10 - 3
25.0,Connecticut College ,30,11,66,0.0,32,21,88,141,girls,D3,laxmath,,,7 - 6
26.0,Denison ,25,27,46,0.0,8,3,25,36,girls,D3,laxmath,,,9 - 4
27.0,Dickinson ,47,32,80,0.0,19,15,58,92,girls,D3,laxmath,,,9 - 4
28.0,Hamilton ,21,1,54,0.0,37,17,79,133,girls,D3,laxmath,,,5 - 6
29.0,Muhlenberg ,42,40,55,0.0,31,71,48,150,girls,D3,laxmath,,,9 - 3
30.0,Springfield ,23,59,18,0.0,35,83,21,139,girls,D3,laxmath,,,12 - 2
31.0,Stevenson ,37,44,56,0.0,43,44,61,148,girls,D3,laxmath,,,9 - 4
32.0,Union ,31,34,77,0.0,67,115,96,278,girls,D3,laxmath,,,6 - 4
33.0,Washington College ,33,21,93,0.0,46,26,100,172,girls,D3,laxmath,,,8 - 6
34.0,Adrian ,215,217,127,0.0,208,268,125,601,girls,D3,laxmath,,,5 - 5
35.0,Albertus Magnus ,290,276,291,0.0,275,227,289,791,girls,D3,laxmath,,,1 - 12
36.0,Albion ,188,158,186,0.0,176,74,187,437,girls,D3,laxmath,,,4 - 7
37.0,Albright ,169,57,287,0.0,223,114,290,627,girls,D3,laxmath,,,1 - 12
38.0,Alfred ,195,204,164,0.0,224,237,164,625,girls,D3,laxmath,,,5 - 7
39.0,Alfred State ,0,0,0,0.0,0,0,0,0,girls,D3,laxmath,,,0 - 0
40.0,Allegheny ,129,143,165,0.0,160,173,165,498,girls,D3,laxmath,,,5 - 6
41.0,Alma ,205,172,187,0.0,210,201,188,599,girls,D3,laxmath,,,4 - 7
42.0,Alvernia ,137,84,243,0.0,182,100,251,533,girls,D3,laxmath,,,4 - 9
43.0,Anderson ,241,279,45,0.0,225,221,50,496,girls,D3,laxmath,,,5 - 6
44.0,Anna Maria ,275,275,236,0.0,252,256,237,745,girls,D3,laxmath,,,3 - 8
45.0,Arcadia ,101,121,193,0.0,214,195,195,604,girls,D3,laxmath,,,6 - 7
46.0,Augsburg ,255,197,273,0.0,248,177,274,699,girls,D3,laxmath,,,2 - 10
47.0,Augustana ,262,239,238,0.0,255,258,238,751,girls,D3,laxmath,,,2 - 8
48.0,Aurora ,108,116,155,0.0,70,54,154,278,girls,D3,laxmath,,,6 - 6
49.0,Averett ,247,132,274,0.0,202,109,272,583,girls,D3,laxmath,,,1 - 10
50.0,Baldwin Wallace ,103,125,145,0.0,79,65,144,288,girls,D3,laxmath,,,9 - 6
51.0,Bard ,242,77,282,0.0,243,200,281,724,girls,D3,laxmath,,,1 - 12
52.0,Bates ,43,17,137,0.0,91,37,147,275,girls,D3,laxmath,,,5 - 8
53.0,Beloit ,212,215,118,0.0,150,186,120,456,girls,D3,laxmath,,,6 - 5
54.0,Benedictine ,0,0,0,0.0,0,0,0,0,girls,D3,laxmath,,,0 - 0
55.0,Berry ,118,177,57,0.0,51,144,45,240,girls,D3,laxmath,,,11 - 4
56.0,Bethany ,270,249,261,0.0,259,212,261,732,girls,D3,laxmath,,,3 - 9
57.0,Brevard ,237,270,128,0.0,201,262,126,589,girls,D3,laxmath,,,8 - 5
58.0,Bridgewater ,111,94,156,0.0,126,116,155,397,girls,D3,laxmath,,,7 - 7
59.0,Bridgewater State ,130,91,237,0.0,146,110,243,499,girls,D3,laxmath,,,5 - 9
60.0,Brockport ,72,68,133,0.0,88,101,132,321,girls,D3,laxmath,,,7 - 5
61.0,Bryn Athyn ,180,200,49,0.0,124,243,55,422,girls,D3,laxmath,,,7 - 2
62.0,Bryn Mawr ,238,36,288,0.0,179,41,287,507,girls,D3,laxmath,,,0 - 13
63.0,Buffalo State ,141,133,138,0.0,134,155,136,425,girls,D3,laxmath,,,6 - 5
64.0,Cabrini ,46,67,50,0.0,49,61,66,176,girls,D3,laxmath,,,10 - 3
65.0,Cal Lutheran ,194,130,251,0.0,184,97,252,533,girls,D3,laxmath,,,4 - 9
66.0,Calvin ,163,149,210,0.0,178,210,209,597,girls,D3,laxmath,,,5 - 8
67.0,Canton ,131,170,139,0.0,180,214,137,531,girls,D3,laxmath,,,6 - 5
68.0,Capital ,76,71,96,0.0,23,36,83,142,girls,D3,laxmath,,,9 - 4
69.0,Carroll ,94,141,62,0.0,62,118,67,247,girls,D3,laxmath,,,10 - 3
70.0,Carthage ,110,152,97,0.0,89,119,97,305,girls,D3,laxmath,,,9 - 4
71.0,Castleton ,260,246,275,0.0,246,174,275,695,girls,D3,laxmath,,,2 - 10
72.0,Cedar Crest ,233,274,89,0.0,186,273,87,546,girls,D3,laxmath,,,6 - 3
73.0,Centenary ,250,252,178,0.0,238,271,178,687,girls,D3,laxmath,,,3 - 7
74.0,Centre ,125,156,58,0.0,54,108,46,208,girls,D3,laxmath,,,11 - 3
75.0,Chapman ,139,135,107,0.0,117,153,107,377,girls,D3,laxmath,,,7 - 4
76.0,Chatham ,168,151,166,0.0,162,175,166,503,girls,D3,laxmath,,,5 - 6
77.0,Chicago ,36,28,79,0.0,12,16,63,91,girls,D3,laxmath,,,6 - 4
78.0,Claremont-Mudd-Scripps ,44,106,52,0.0,64,91,57,212,girls,D3,laxmath,,,10 - 3
79.0,Clark ,184,137,147,0.0,139,106,156,401,girls,D3,laxmath,,,7 - 7
80.0,Clarkson ,64,64,94,0.0,95,134,94,323,girls,D3,laxmath,,,8 - 4
81.0,Coast Guard ,55,74,64,0.0,39,39,77,155,girls,D3,laxmath,,,9 - 4
82.0,Cobleskill ,0,0,0,0.0,0,0,0,0,girls,D3,laxmath,,,0 - 0
83.0,Colby-Sawyer ,177,257,65,0.0,99,147,68,314,girls,D3,laxmath,,,10 - 3
84.0,Concordia-Wisconsin ,221,220,211,0.0,226,254,210,690,girls,D3,laxmath,,,4 - 8
85.0,Cornell College ,167,233,31,0.0,114,217,33,364,girls,D3,laxmath,,,12 - 2
86.0,Cortland ,39,41,67,0.0,40,45,69,154,girls,D3,laxmath,,,9 - 4
87.0,Curry ,254,232,249,0.0,253,242,249,744,girls,D3,laxmath,,,5 - 9
88.0,Dean ,267,272,256,0.0,244,208,256,708,girls,D3,laxmath,,,3 - 9
89.0,Delaware Valley ,197,145,227,0.0,207,151,226,584,girls,D3,laxmath,,,5 - 8
90.0,DePauw ,82,102,114,0.0,65,112,115,292,girls,D3,laxmath,,,6 - 4
91.0,DeSales ,93,154,32,0.0,98,196,34,328,girls,D3,laxmath,,,10 - 2
92.0,Drew ,71,56,188,0.0,129,104,189,422,girls,D3,laxmath,,,7 - 7
93.0,Eastern ,248,112,252,0.0,247,206,262,715,girls,D3,laxmath,,,2 - 9
94.0,Eastern Connecticut ,124,131,157,0.0,153,150,157,460,girls,D3,laxmath,,,6 - 6
95.0,Eastern Mennonite ,268,208,244,0.0,212,125,244,581,girls,D3,laxmath,,,3 - 9
96.0,Edgewood ,193,184,151,0.0,132,123,152,407,girls,D3,laxmath,,,7 - 6
97.0,Elizabethtown ,160,115,212,0.0,203,197,211,611,girls,D3,laxmath,,,4 - 7
98.0,Elmhurst ,261,216,239,0.0,234,219,239,692,girls,D3,laxmath,,,2 - 8
99.0,Elmira ,0,0,0,0.0,0,0,0,0,girls,D3,laxmath,,,0 - 0
100.0,Elms ,253,261,146,0.0,189,224,145,558,girls,D3,laxmath,,,4 - 5
101.0,Emerson ,216,98,213,0.0,154,80,219,453,girls,D3,laxmath,,,3 - 8
102.0,Emmanuel ,133,193,95,0.0,73,124,95,292,girls,D3,laxmath,,,10 - 4
103.0,Endicott ,41,39,85,0.0,55,19,102,176,girls,D3,laxmath,,,8 - 6
104.0,Farmingdale State ,126,108,226,0.0,135,66,227,428,girls,D3,laxmath,,,5 - 8
105.0,FDU-Florham ,123,78,214,0.0,145,117,216,478,girls,D3,laxmath,,,3 - 7
106.0,Ferrum ,209,247,86,0.0,157,199,78,434,girls,D3,laxmath,,,9 - 4
107.0,Fitchburg State ,219,229,158,0.0,204,209,158,571,girls,D3,laxmath,,,6 - 6
108.0,Framingham State ,66,109,47,0.0,63,140,52,255,girls,D3,laxmath,,,10 - 3
109.0,Franciscan ,246,175,245,0.0,241,203,245,689,girls,D3,laxmath,,,1 - 9
110.0,Franklin ,281,231,200,0.0,269,238,203,710,girls,D3,laxmath,,,0 - 6
111.0,Fredonia ,186,136,271,0.0,220,152,271,643,girls,D3,laxmath,,,4 - 10
112.0,Geneseo ,40,50,53,0.0,47,88,47,182,girls,D3,laxmath,,,10 - 3
113.0,Geneva College ,0,0,0,0.0,0,0,0,0,girls,D3,laxmath,,,0 - 0
114.0,George Fox ,75,140,74,0.0,38,52,59,149,girls,D3,laxmath,,,9 - 3
115.0,Gordon ,231,146,283,0.0,237,183,283,703,girls,D3,laxmath,,,2 - 11
116.0,Goucher ,196,118,272,0.0,218,142,273,633,girls,D3,laxmath,,,3 - 10
117.0,Greensboro ,282,242,277,0.0,263,257,276,796,girls,D3,laxmath,,,1 - 11
118.0,Grove City ,134,244,75,0.0,163,266,73,502,girls,D3,laxmath,,,10 - 3
119.0,Guilford ,234,234,189,0.0,170,164,190,524,girls,D3,laxmath,,,6 - 7
120.0,Gwynedd Mercy ,256,147,285,0.0,267,218,285,770,girls,D3,laxmath,,,0 - 11
121.0,Hamline ,206,228,167,0.0,183,194,167,544,girls,D3,laxmath,,,5 - 6
122.0,Hanover ,259,265,173,0.0,233,264,174,671,girls,D3,laxmath,,,4 - 7
123.0,Hartford ,161,160,159,0.0,177,170,159,506,girls,D3,laxmath,,,6 - 6
124.0,Hartwick ,89,93,140,0.0,136,161,138,435,girls,D3,laxmath,,,6 - 5
125.0,Heidelberg ,0,0,0,0.0,0,0,0,0,girls,D3,laxmath,,,0 - 0
126.0,Hendrix ,222,205,218,0.0,191,216,196,603,girls,D3,laxmath,,,4 - 8
127.0,Hilbert ,280,256,228,0.0,278,267,228,773,girls,D3,laxmath,,,0 - 7
128.0,Hood ,107,66,253,0.0,159,121,253,533,girls,D3,laxmath,,,4 - 9
129.0,Hope ,80,95,100,0.0,44,57,103,204,girls,D3,laxmath,,,8 - 4
130.0,Huntingdon ,276,263,240,0.0,257,259,240,756,girls,D3,laxmath,,,2 - 8
131.0,Husson ,203,179,179,0.0,211,205,179,595,girls,D3,laxmath,,,3 - 6
132.0,Illinois Tech ,240,225,257,0.0,231,178,257,666,girls,D3,laxmath,,,3 - 9
133.0,Illinois Wesleyan ,138,124,194,0.0,127,81,197,405,girls,D3,laxmath,,,6 - 7
134.0,Immaculata ,127,155,129,0.0,147,168,127,442,girls,D3,laxmath,,,8 - 5
135.0,Ithaca ,22,22,12,0.0,7,42,14,63,girls,D3,laxmath,,,11 - 1
136.0,John Carroll ,112,119,160,0.0,93,78,160,331,girls,D3,laxmath,,,6 - 6
137.0,Johnson & Wales ,109,183,101,0.0,78,103,108,289,girls,D3,laxmath,,,7 - 4
138.0,Juniata ,56,92,23,0.0,72,172,26,270,girls,D3,laxmath,,,11 - 2
139.0,Kalamazoo ,136,186,24,0.0,53,184,27,264,girls,D3,laxmath,,,7 - 2
140.0,Kean ,88,70,180,0.0,97,55,191,343,girls,D3,laxmath,,,7 - 7
141.0,Keene State ,114,142,108,0.0,112,156,109,377,girls,D3,laxmath,,,7 - 4
142.0,Kenyon ,52,42,134,0.0,56,56,128,240,girls,D3,laxmath,,,5 - 5
143.0,Keuka ,249,163,278,0.0,261,215,277,753,girls,D3,laxmath,,,1 - 10
144.0,Kings ,230,153,289,0.0,258,171,291,720,girls,D3,laxmath,,,1 - 12
145.0,La Roche ,271,269,221,0.0,239,232,220,691,girls,D3,laxmath,,,2 - 7
146.0,Lake Forest ,86,182,25,0.0,59,138,28,225,girls,D3,laxmath,,,11 - 2
147.0,Lasell ,244,258,201,0.0,216,207,204,627,girls,D3,laxmath,,,5 - 7
148.0,Lawrence ,0,0,0,0.0,0,0,0,0,girls,D3,laxmath,,,0 - 0
149.0,Lebanon Valley ,91,85,120,0.0,128,128,121,377,girls,D3,laxmath,,,8 - 5
150.0,Lewis & Clark ,245,187,292,0.0,268,193,292,753,girls,D3,laxmath,,,0 - 12
151.0,Linfield ,202,189,219,0.0,230,230,217,677,girls,D3,laxmath,,,4 - 7
152.0,Lycoming ,128,86,202,0.0,137,131,205,473,girls,D3,laxmath,,,5 - 7
153.0,Lynchburg ,78,114,115,0.0,92,94,110,296,girls,D3,laxmath,,,9 - 5
154.0,Maine Maritime ,210,253,141,0.0,190,241,139,570,girls,D3,laxmath,,,6 - 5
155.0,Maine-Farmington ,266,262,181,0.0,251,274,180,705,girls,D3,laxmath,,,3 - 6
156.0,Manhattanville ,191,178,215,0.0,196,176,212,584,girls,D3,laxmath,,,4 - 7
157.0,Marian ,218,212,233,0.0,215,188,235,638,girls,D3,laxmath,,,4 - 8
158.0,Marietta ,176,194,195,0.0,181,160,198,539,girls,D3,laxmath,,,6 - 7
159.0,Maritime ,140,167,90,0.0,104,189,89,382,girls,D3,laxmath,,,6 - 3
160.0,Mary Washington ,48,19,220,0.0,90,43,225,358,girls,D3,laxmath,,,4 - 8
161.0,Marymount ,90,97,148,0.0,109,79,148,336,girls,D3,laxmath,,,8 - 6
162.0,Marywood ,122,127,196,0.0,149,136,199,484,girls,D3,laxmath,,,6 - 7
163.0,Massachusetts Maritime ,199,185,229,0.0,171,158,229,558,girls,D3,laxmath,,,5 - 8
164.0,Massachusetts-Boston ,258,198,286,0.0,273,231,286,790,girls,D3,laxmath,,,0 - 11
165.0,Massachusetts-Dartmouth ,187,250,102,0.0,174,236,104,514,girls,D3,laxmath,,,8 - 4
166.0,McDaniel ,79,62,174,0.0,130,70,175,375,girls,D3,laxmath,,,6 - 7
167.0,Merchant Marine ,115,157,48,0.0,100,222,54,376,girls,D3,laxmath,,,8 - 2
168.0,Meredith ,92,148,121,0.0,110,85,116,311,girls,D3,laxmath,,,8 - 5
169.0,Messiah ,50,31,152,0.0,102,27,149,278,girls,D3,laxmath,,,5 - 8
170.0,Methodist ,119,218,37,0.0,94,185,39,318,girls,D3,laxmath,,,10 - 2
171.0,Misericordia ,97,52,203,0.0,108,68,213,389,girls,D3,laxmath,,,4 - 7
172.0,Mitchell ,292,260,267,0.0,260,213,267,740,girls,D3,laxmath,,,0 - 9
173.0,Monmouth ,0,0,0,0.0,0,0,0,0,girls,D3,laxmath,,,0 - 0
174.0,Montclair State ,74,83,87,0.0,57,127,84,268,girls,D3,laxmath,,,7 - 3
175.0,Moravian ,87,72,153,0.0,120,143,161,424,girls,D3,laxmath,,,7 - 6
176.0,Morrisville ,223,213,168,0.0,228,260,168,656,girls,D3,laxmath,,,5 - 6
177.0,Mount Aloysius ,252,277,119,0.0,227,275,122,624,girls,D3,laxmath,,,5 - 4
178.0,Mount Holyoke ,239,107,276,0.0,219,72,278,569,girls,D3,laxmath,,,1 - 12
179.0,Mount St Joseph ,287,238,268,0.0,277,269,268,814,girls,D3,laxmath,,,1 - 9
180.0,Mount St Mary ,181,214,109,0.0,167,245,111,523,girls,D3,laxmath,,,7 - 4
181.0,Mount St Vincent ,175,171,216,0.0,205,190,214,609,girls,D3,laxmath,,,4 - 7
182.0,Mount Union ,85,87,81,0.0,52,86,64,202,girls,D3,laxmath,,,8 - 3
183.0,MSOE ,224,191,182,0.0,185,187,181,553,girls,D3,laxmath,,,3 - 6
184.0,Muskingum ,235,243,190,0.0,194,159,192,545,girls,D3,laxmath,,,7 - 7
185.0,Nazareth ,95,63,191,0.0,107,69,193,369,girls,D3,laxmath,,,5 - 7
186.0,Neumann ,178,134,204,0.0,133,126,206,465,girls,D3,laxmath,,,5 - 7
187.0,New England College ,227,237,230,0.0,199,148,230,577,girls,D3,laxmath,,,5 - 8
188.0,New Paltz ,62,123,16,0.0,26,90,16,132,girls,D3,laxmath,,,12 - 1
189.0,Nichols ,174,222,61,0.0,140,233,65,438,girls,D3,laxmath,,,11 - 3
190.0,North Carolina Wesleyan ,286,236,279,0.0,266,246,279,791,girls,D3,laxmath,,,0 - 11
191.0,North Central ,204,254,91,0.0,165,255,90,510,girls,D3,laxmath,,,7 - 3
192.0,Northwestern ,207,195,175,0.0,193,235,176,604,girls,D3,laxmath,,,5 - 6
193.0,Norwich ,201,259,82,0.0,144,211,80,435,girls,D3,laxmath,,,8 - 3
194.0,Notre Dame ,243,211,222,0.0,249,253,221,723,girls,D3,laxmath,,,2 - 7
195.0,NVU-Lyndon ,289,264,205,0.0,281,279,207,767,girls,D3,laxmath,,,0 - 6
196.0,Oberlin ,100,69,254,0.0,84,38,231,353,girls,D3,laxmath,,,4 - 10
197.0,Occidental ,155,110,169,0.0,121,96,169,386,girls,D3,laxmath,,,5 - 6
198.0,Oglethorpe ,164,199,103,0.0,75,145,91,311,girls,D3,laxmath,,,10 - 6
199.0,Ohio Northern ,135,168,149,0.0,119,105,150,374,girls,D3,laxmath,,,8 - 6
200.0,Ohio Wesleyan ,67,88,26,0.0,29,82,20,131,girls,D3,laxmath,,,11 - 2
201.0,Old Westbury ,277,227,197,0.0,245,220,200,665,girls,D3,laxmath,,,1 - 6
202.0,Oneonta ,106,65,255,0.0,152,107,254,513,girls,D3,laxmath,,,4 - 9
203.0,Oswego ,81,76,135,0.0,68,84,133,285,girls,D3,laxmath,,,7 - 5
204.0,Otterbein ,98,139,104,0.0,76,92,105,273,girls,D3,laxmath,,,8 - 4
205.0,Pacific ,263,207,264,0.0,265,239,265,769,girls,D3,laxmath,,,2 - 9
206.0,Pacific Lutheran ,0,0,0,0.0,0,0,0,0,girls,D3,laxmath,,,0 - 0
207.0,Pfeiffer ,225,230,170,0.0,173,163,170,506,girls,D3,laxmath,,,6 - 7
208.0,Piedmont ,156,251,130,0.0,155,167,129,451,girls,D3,laxmath,,,8 - 5
209.0,Plattsburgh ,171,73,258,0.0,138,63,258,459,girls,D3,laxmath,,,3 - 9
210.0,Plymouth State ,84,96,154,0.0,111,62,153,326,girls,D3,laxmath,,,6 - 6
211.0,Pomona Pitzer ,26,90,13,0.0,18,49,8,75,girls,D3,laxmath,,,12 - 1
212.0,Potsdam ,200,103,183,0.0,156,149,182,487,girls,D3,laxmath,,,3 - 6
213.0,Puget Sound ,236,176,223,0.0,229,198,222,649,girls,D3,laxmath,,,3 - 8
214.0,Purchase ,288,255,265,0.0,262,244,266,772,girls,D3,laxmath,,,1 - 9
215.0,Ramapo ,173,165,176,0.0,195,192,183,570,girls,D3,laxmath,,,3 - 6
216.0,Randolph ,273,181,206,0.0,222,234,201,657,girls,D3,laxmath,,,2 - 7
217.0,Randolph-Macon ,60,81,110,0.0,82,87,98,267,girls,D3,laxmath,,,8 - 5
218.0,Redlands ,172,120,246,0.0,143,48,246,437,girls,D3,laxmath,,,6 - 9
219.0,Regis ,208,267,131,0.0,169,191,130,490,girls,D3,laxmath,,,8 - 5
220.0,Rhode Island College ,283,271,262,0.0,279,277,263,819,girls,D3,laxmath,,,2 - 9
221.0,Rhodes ,53,75,68,0.0,20,95,60,175,girls,D3,laxmath,,,9 - 4
222.0,RIT ,73,55,161,0.0,122,99,162,383,girls,D3,laxmath,,,6 - 6
223.0,Rivier ,214,245,162,0.0,158,166,163,487,girls,D3,laxmath,,,6 - 6
224.0,Rochester ,57,47,132,0.0,113,135,131,379,girls,D3,laxmath,,,8 - 5
225.0,Roger Williams ,35,53,122,0.0,105,40,141,286,girls,D3,laxmath,,,7 - 7
226.0,Rowan ,49,18,234,0.0,83,25,236,344,girls,D3,laxmath,,,4 - 9
227.0,RPI ,51,13,144,0.0,60,47,142,249,girls,D3,laxmath,,,4 - 6
228.0,Sage ,192,162,171,0.0,221,250,171,642,girls,D3,laxmath,,,5 - 6
229.0,Salem State ,257,201,263,0.0,250,223,264,737,girls,D3,laxmath,,,2 - 9
230.0,Salve Regina ,132,89,123,0.0,58,58,134,250,girls,D3,laxmath,,,8 - 6
231.0,Sewanee ,116,150,142,0.0,71,46,123,240,girls,D3,laxmath,,,11 - 6
232.0,Shenandoah ,29,61,27,0.0,27,35,17,79,girls,D3,laxmath,,,11 - 3
233.0,Simmons ,185,188,224,0.0,115,76,223,414,girls,D3,laxmath,,,7 - 8
234.0,Skidmore ,45,35,172,0.0,123,75,172,370,girls,D3,laxmath,,,6 - 7
235.0,Smith ,102,79,184,0.0,118,53,184,355,girls,D3,laxmath,,,8 - 8
236.0,Southern Maine ,143,111,136,0.0,142,162,143,447,girls,D3,laxmath,,,4 - 5
237.0,Southern Virginia ,158,190,207,0.0,188,165,208,561,girls,D3,laxmath,,,5 - 7
238.0,Southwestern ,229,138,192,0.0,166,141,194,501,girls,D3,laxmath,,,2 - 6
239.0,Spalding ,269,241,259,0.0,240,226,259,725,girls,D3,laxmath,,,3 - 9
240.0,St Benedict ,157,180,69,0.0,116,180,70,366,girls,D3,laxmath,,,5 - 3
241.0,St John Fisher ,34,29,177,0.0,61,22,173,256,girls,D3,laxmath,,,5 - 7
242.0,St Joseph ,182,266,98,0.0,172,228,99,499,girls,D3,laxmath,,,9 - 4
243.0,St Josephs ,162,210,116,0.0,161,240,117,518,girls,D3,laxmath,,,6 - 4
244.0,St Josephs College ,142,203,76,0.0,77,182,74,333,girls,D3,laxmath,,,10 - 3
245.0,St Lawrence ,69,26,208,0.0,131,34,218,383,girls,D3,laxmath,,,3 - 9
246.0,St Marys ,220,128,266,0.0,209,129,255,593,girls,D3,laxmath,,,1 - 9
247.0,St Marys ,38,82,105,0.0,50,30,85,165,girls,D3,laxmath,,,8 - 5
248.0,St Vincent ,274,248,247,0.0,270,270,247,787,girls,D3,laxmath,,,2 - 8
249.0,Stockton ,63,126,15,0.0,45,122,15,182,girls,D3,laxmath,,,13 - 1
250.0,Suffolk ,0,0,0,0.0,0,0,0,0,girls,D3,laxmath,,,0 - 0
251.0,SUNY Poly ,232,240,217,0.0,236,247,215,698,girls,D3,laxmath,,,4 - 7
252.0,Susquehanna ,59,58,124,0.0,85,102,118,305,girls,D3,laxmath,,,9 - 5
253.0,Sweet Briar ,284,280,241,0.0,280,281,241,802,girls,D3,laxmath,,,2 - 8
254.0,Thiel ,190,223,92,0.0,198,272,92,562,girls,D3,laxmath,,,7 - 4
255.0,Thomas ,264,268,242,0.0,271,276,242,789,girls,D3,laxmath,,,2 - 8
256.0,Transylvania ,165,164,209,0.0,151,93,185,429,girls,D3,laxmath,,,5 - 7
257.0,Trine ,166,221,88,0.0,125,202,86,413,girls,D3,laxmath,,,9 - 3
258.0,Trinity Washington ,291,235,250,0.0,274,249,250,773,girls,D3,laxmath,,,0 - 8
259.0,U New England ,170,144,231,0.0,213,169,232,614,girls,D3,laxmath,,,5 - 8
260.0,Ursinus ,58,54,117,0.0,87,67,119,273,girls,D3,laxmath,,,8 - 5
261.0,Utica ,68,129,71,0.0,86,157,71,314,girls,D3,laxmath,,,10 - 3
262.0,Vassar ,83,49,260,0.0,206,130,260,596,girls,D3,laxmath,,,3 - 9
263.0,Virginia Wesleyan ,213,166,235,0.0,192,139,233,564,girls,D3,laxmath,,,4 - 8
264.0,Warren Wilson ,272,278,106,0.0,256,278,106,640,girls,D3,laxmath,,,4 - 5
265.0,Wartburg ,0,0,0,0.0,0,0,0,0,girls,D3,laxmath,,,0 - 0
266.0,Washington & Jefferson ,104,122,163,0.0,101,64,151,316,girls,D3,laxmath,,,6 - 6
267.0,Waynesburg ,285,273,284,0.0,276,261,284,821,girls,D3,laxmath,,,1 - 11
268.0,Wellesley ,183,117,280,0.0,200,98,282,580,girls,D3,laxmath,,,2 - 11
269.0,Wells ,217,281,11,0.0,164,280,10,454,girls,D3,laxmath,,,11 - 0
270.0,Wentworth Tech ,279,174,269,0.0,272,248,269,789,girls,D3,laxmath,,,0 - 9
271.0,Western Connecticut ,77,60,111,0.0,66,89,112,267,girls,D3,laxmath,,,8 - 5
272.0,Western New England ,113,101,232,0.0,168,120,234,522,girls,D3,laxmath,,,5 - 8
273.0,Westfield State ,54,45,125,0.0,69,51,135,255,girls,D3,laxmath,,,8 - 6
274.0,Westminster ,211,224,185,0.0,242,252,186,680,girls,D3,laxmath,,,3 - 7
275.0,Wheaton ,99,99,126,0.0,103,111,124,338,girls,D3,laxmath,,,9 - 5
276.0,Whitman ,189,196,143,0.0,175,263,140,578,girls,D3,laxmath,,,8 - 5
277.0,Whittier ,251,100,281,0.0,232,154,280,666,girls,D3,laxmath,,,0 - 10
278.0,Whitworth ,159,192,112,0.0,148,251,113,512,girls,D3,laxmath,,,9 - 4
279.0,Widener ,70,46,150,0.0,96,73,146,315,girls,D3,laxmath,,,7 - 6
280.0,Wilkes ,228,113,290,0.0,235,132,288,655,girls,D3,laxmath,,,2 - 12
281.0,Willamette ,117,202,43,0.0,106,204,49,359,girls,D3,laxmath,,,9 - 2
282.0,William Peace ,278,226,248,0.0,254,229,248,731,girls,D3,laxmath,,,1 - 8
283.0,Wilson ,179,219,113,0.0,187,265,114,566,girls,D3,laxmath,,,7 - 4
284.0,Wisconsin-Eau Claire ,120,159,78,0.0,42,59,75,176,girls,D3,laxmath,,,9 - 3
285.0,Wisconsin-La Crosse ,105,161,99,0.0,80,77,101,258,girls,D3,laxmath,,,9 - 4
286.0,Wisconsin-River Falls ,96,169,84,0.0,74,137,82,293,girls,D3,laxmath,,,8 - 3
287.0,Wisconsin-Stevens Point ,265,209,270,0.0,264,225,270,759,girls,D3,laxmath,,,0 - 9
288.0,Wisconsin-Stout ,226,173,225,0.0,217,181,224,622,girls,D3,laxmath,,,3 - 8
289.0,Wittenberg ,198,206,198,0.0,197,179,177,553,girls,D3,laxmath,,,6 - 7
290.0,Wooster ,65,105,44,0.0,41,133,24,198,girls,D3,laxmath,,,9 - 2
291.0,Worcester State ,121,104,199,0.0,141,146,202,489,girls,D3,laxmath,,,6 - 7
292.0,York ,12,20,73,0.0,48,9,72,129,girls,D3,laxmath,,,7 - 6
,Navy Club ,1,10,2,,2,4,2,8,boys,D1,laxmath,1.0,30 . 0 %,9 - 2
,Virginia Club ,2,2,5,,4,1,5,10,boys,D1,laxmath,2.0,16 . 50 %,6 - 2
,Maryland Club ,3,11,1,,1,3,1,5,boys,D1,laxmath,3.0,12 . 0 %,12 - 1
,Ohio State Scarlet ,4,9,3,,6,17,4,27,boys,D1,laxmath,4.0,11 . 50 %,11 - 3
,Penn Club ,9,12,10,,11,18,11,40,boys,D1,laxmath,5.0,6 . 0 %,9 - 3
,Loyola ,7,8,6,,9,9,7,25,boys,D1,laxmath,6.0,5 . 0 %,6 - 5
,Michigan ,5,1,7,,10,30,8,48,boys,D1,laxmath,7.0,4 . 0 %,4 - 3
,Delaware Club ,6,6,13,,12,7,13,32,boys,D1,laxmath,8.0,3 . 0 %,3 - 3
,Penn State Club ,10,5,12,,8,2,14,24,boys,D1,laxmath,9.0,2 . 50 %,4 - 4
,Union Club ,15,27,24,,15,24,16,55,boys,D1,laxmath,10.0,2 . 0 %,8 - 3
,Villanova Club ,12,17,8,,16,26,9,51,boys,D1,laxmath,11.0,2 . 0 %,6 - 2
,Hudson Hellfire LC ,13,18,11,,5,11,6,22,boys,D1,laxmath,12.0,1 . 50 %,8 - 3
,Fairfield Club ,8,20,4,,3,6,3,12,boys,D1,laxmath,13.0,0 . 0 %,8 - 2
,Lafayette Club ,14,15,15,,20,5,19,44,boys,D1,laxmath,14.0,0 . 0 %,2 - 3
,Ohio University Club ,11,13,17,,27,31,21,79,boys,D1,laxmath,15.0,0 . 0 %,2 - 5
,Towson Club ,16,7,20,,17,12,24,53,boys,D1,laxmath,16.0,0 . 0 %,3 - 5
,Albany Club ,30,25,30,,29,21,30,80,boys,D1,laxmath,17.0,0 . 0 %,5 - 6
,Cincinnati Club ,17,4,19,,31,28,26,85,boys,D1,laxmath,18.0,0 . 0 %,2 - 6
,Cornell Club ,26,31,21,,26,29,17,72,boys,D1,laxmath,19.0,0 . 0 %,4 - 2
,Cortland Club ,25,19,14,,14,16,18,48,boys,D1,laxmath,20.0,0 . 0 %,5 - 6
,Fordham Club ,22,26,18,,13,10,12,35,boys,D1,laxmath,21.0,0 . 0 %,6 - 3
,Hofstra Club ,31,29,27,,30,27,23,80,boys,D1,laxmath,22.0,0 . 0 %,0 - 5
,Holy Cross ,19,23,25,,22,25,22,69,boys,D1,laxmath,23.0,0 . 0 %,6 - 3
,Lehigh Club ,21,16,16,,23,20,20,63,boys,D1,laxmath,24.0,0 . 0 %,2 - 3
,Massachusetts A Club ,24,22,9,,7,15,10,32,boys,D1,laxmath,25.0,0 . 0 %,4 - 1
,Providence Club ,28,21,29,,21,13,29,63,boys,D1,laxmath,26.0,0 . 0 %,2 - 6
,Rutgers Club ,18,14,26,,19,14,27,60,boys,D1,laxmath,27.0,0 . 0 %,6 - 5
,Sacred Heart Club ,27,30,22,,24,22,15,61,boys,D1,laxmath,28.0,0 . 0 %,7 - 3
,Salisbury Club ,23,3,23,,18,8,28,54,boys,D1,laxmath,29.0,0 . 0 %,1 - 6
,Syracuse Club ,29,24,31,,28,23,31,82,boys,D1,laxmath,30.0,0 . 0 %,3 - 8
,Vermont Club ,20,28,28,,25,19,25,69,boys,D1,laxmath,31.0,0 . 0 %,4 - 4
1.0,Florida Southern ,4,1,3,13.5,1,1,1,3,girls,D2,laxmath,,,13 - 3
2.0,Maryville ,5,38,4,13.5,2,13,3,18,girls,D2,laxmath,,,14 - 0
3.0,West Chester ,3,5,2,9.0,4,44,5,53,girls,D2,laxmath,,,11 - 0
4.0,Pace ,2,11,1,7.5,5,21,2,28,girls,D2,laxmath,,,12 - 0
5.0,Tampa ,6,2,7,7.0,6,2,4,12,girls,D2,laxmath,,,12 - 3
6.0,Grand Valley State ,7,30,9,6.0,3,14,10,27,girls,D2,laxmath,,,11 - 1
7.0,Indianapolis ,17,32,17,4.0,16,10,16,42,girls,D2,laxmath,,,11 - 4
8.0,Adelphi ,1,10,5,3.5,8,18,8,34,girls,D2,laxmath,,,10 - 2
9.0,Flagler ,12,25,8,3.5,7,12,6,25,girls,D2,laxmath,,,14 - 2
10.0,Bentley ,8,8,18,2.5,24,33,35,92,girls,D2,laxmath,,,8 - 4
11.0,Regis ,9,33,6,2.5,9,22,7,38,girls,D2,laxmath,,,12 - 1
12.0,Rollins ,19,9,37,2.5,13,7,21,41,girls,D2,laxmath,,,11 - 5
13.0,St Leo ,18,6,19,2.5,14,5,14,33,girls,D2,laxmath,,,10 - 5
14.0,Embry-Riddle ,15,16,21,2.0,12,8,12,32,girls,D2,laxmath,,,12 - 4
15.0,Kutztown ,10,23,11,2.0,10,35,13,58,girls,D2,laxmath,,,10 - 2
16.0,Lynn ,16,21,14,2.0,11,15,9,35,girls,D2,laxmath,,,11 - 3
17.0,Anderson ,25,86,15,1.5,35,69,17,121,girls,D2,laxmath,,,13 - 2
18.0,Dominican ,29,91,16,1.5,38,86,18,142,girls,D2,laxmath,,,12 - 2
19.0,East Stroudsburg ,11,3,13,1.5,18,23,36,77,girls,D2,laxmath,,,8 - 4
20.0,Florida Tech ,27,7,67,1.5,30,3,55,88,girls,D2,laxmath,,,7 - 9
21.0,Limestone ,20,72,10,1.5,19,42,11,72,girls,D2,laxmath,,,14 - 1
22.0,Seton Hill ,28,46,42,1.5,29,43,38,110,girls,D2,laxmath,,,8 - 4
23.0,Wingate ,23,55,33,1.5,22,9,22,53,girls,D2,laxmath,,,12 - 4
24.0,Bloomsburg ,26,26,20,0.0,25,58,27,110,girls,D2,laxmath,,,8 - 3
25.0,Mercy ,21,12,45,0.0,36,4,59,99,girls,D2,laxmath,,,6 - 8
26.0,Northern Michigan ,31,42,23,0.0,15,60,23,98,girls,D2,laxmath,,,11 - 3
27.0,Roberts Wesleyan ,14,49,34,0.0,39,27,44,110,girls,D2,laxmath,,,8 - 5
28.0,Assumption ,13,4,40,0.0,28,31,40,99,girls,D2,laxmath,,,7 - 5
29.0,New Haven ,22,19,43,0.0,27,62,47,136,girls,D2,laxmath,,,7 - 4
30.0,Southern Connecticut ,50,68,56,0.0,58,77,60,195,girls,D2,laxmath,,,8 - 5
31.0,St Anselm ,24,22,39,0.0,43,51,48,142,girls,D2,laxmath,,,8 - 5
32.0,Adams State ,0,0,0,0.0,0,0,0,0,girls,D2,laxmath,,,0 - 0
33.0,Alabama-Huntsville ,32,44,38,0.0,32,6,20,58,girls,D2,laxmath,,,10 - 6
34.0,Alderson Broaddus ,0,0,0,0.0,0,0,0,0,girls,D2,laxmath,,,0 - 0
35.0,American International ,111,29,81,0.0,88,75,87,250,girls,D2,laxmath,,,1 - 8
36.0,Ashland ,61,76,51,0.0,40,20,46,106,girls,D2,laxmath,,,11 - 6
37.0,Barton ,86,83,103,0.0,71,36,98,205,girls,D2,laxmath,,,6 - 10
38.0,Belmont Abbey ,48,81,48,0.0,45,48,41,134,girls,D2,laxmath,,,11 - 5
39.0,Bridgeport ,85,102,41,0.0,53,91,39,183,girls,D2,laxmath,,,9 - 3
40.0,Caldwell ,114,99,82,0.0,99,101,78,278,girls,D2,laxmath,,,2 - 6
41.0,Catawba ,98,88,113,0.0,95,96,113,304,girls,D2,laxmath,,,3 - 12
42.0,Charleston ,88,98,58,0.0,64,87,61,212,girls,D2,laxmath,,,8 - 6
43.0,Chestnut Hill ,117,107,107,0.0,109,106,107,322,girls,D2,laxmath,,,1 - 9
44.0,Chowan ,103,93,75,0.0,78,99,71,248,girls,D2,laxmath,,,6 - 6
45.0,Coker ,0,0,0,0.0,0,0,0,0,girls,D2,laxmath,,,0 - 0
46.0,Colorado Mesa ,34,40,36,0.0,31,53,37,121,girls,D2,laxmath,,,7 - 4
47.0,Colorado-Colorado Spring,76,47,71,0.0,68,65,76,209,girls,D2,laxmath,,,4 - 7
48.0,Concordia-St Paul ,58,52,79,0.0,55,38,73,166,girls,D2,laxmath,,,6 - 8
49.0,Converse ,92,96,80,0.0,76,76,77,229,girls,D2,laxmath,,,8 - 7
50.0,CSU-Pueblo ,89,66,100,0.0,96,95,103,294,girls,D2,laxmath,,,2 - 9
51.0,D'Youville ,77,48,93,0.0,63,47,96,206,girls,D2,laxmath,,,5 - 9
52.0,Daemen ,93,82,97,0.0,84,83,99,266,girls,D2,laxmath,,,5 - 9
53.0,Davenport ,62,69,61,0.0,50,73,63,186,girls,D2,laxmath,,,6 - 5
54.0,Davis & Elkins ,95,111,52,0.0,81,105,53,239,girls,D2,laxmath,,,9 - 4
55.0,District of Columbia ,120,106,110,0.0,111,109,111,331,girls,D2,laxmath,,,0 - 10
56.0,Dominican ,81,59,72,0.0,92,97,74,263,girls,D2,laxmath,,,3 - 6
57.0,Edinboro ,106,84,111,0.0,93,80,110,283,girls,D2,laxmath,,,2 - 10
58.0,Emmanuel ,72,100,44,0.0,69,110,42,221,girls,D2,laxmath,,,13 - 4
59.0,Emory & Henry ,118,85,118,0.0,103,92,118,313,girls,D2,laxmath,,,0 - 15
60.0,Erskine ,0,0,0,0.0,0,0,0,0,girls,D2,laxmath,,,0 - 0
61.0,Felician ,115,108,106,0.0,108,107,106,321,girls,D2,laxmath,,,2 - 9
62.0,Findlay ,82,87,59,0.0,60,61,62,183,girls,D2,laxmath,,,9 - 6
63.0,Fort Lewis ,91,57,101,0.0,91,79,104,274,girls,D2,laxmath,,,2 - 9
64.0,Franklin Pierce ,54,17,73,0.0,74,66,86,226,girls,D2,laxmath,,,4 - 8
65.0,Frostburg State ,49,56,53,0.0,23,40,43,106,girls,D2,laxmath,,,8 - 5
66.0,Gannon ,78,58,89,0.0,82,72,92,246,girls,D2,laxmath,,,4 - 8
67.0,Georgian Court ,42,61,54,0.0,48,70,56,174,girls,D2,laxmath,,,8 - 5
68.0,Holy Family ,94,65,98,0.0,85,104,97,286,girls,D2,laxmath,,,3 - 10
69.0,Indiana ,44,51,84,0.0,72,74,79,225,girls,D2,laxmath,,,5 - 7
70.0,Lake Erie ,105,105,102,0.0,94,94,100,288,girls,D2,laxmath,,,5 - 9
71.0,Lander ,36,41,62,0.0,26,16,57,99,girls,D2,laxmath,,,7 - 6
72.0,Lee ,45,28,60,0.0,41,39,54,134,girls,D2,laxmath,,,8 - 7
73.0,Lees-McRae ,116,95,116,0.0,110,100,117,327,girls,D2,laxmath,,,0 - 11
74.0,Lenoir-Rhyne ,83,64,104,0.0,75,29,101,205,girls,D2,laxmath,,,4 - 10
75.0,Lewis ,60,63,86,0.0,65,71,89,225,girls,D2,laxmath,,,8 - 8
76.0,Lincoln Memorial ,75,54,90,0.0,66,32,90,188,girls,D2,laxmath,,,5 - 9
77.0,Lock Haven ,38,62,12,0.0,20,64,15,99,girls,D2,laxmath,,,11 - 1
78.0,Malone ,110,101,114,0.0,107,108,115,330,girls,D2,laxmath,,,3 - 11
79.0,Mars Hill ,112,89,115,0.0,102,93,116,311,girls,D2,laxmath,,,3 - 11
80.0,McKendree ,80,60,83,0.0,73,52,80,205,girls,D2,laxmath,,,7 - 8
81.0,Mercyhurst ,73,34,94,0.0,67,34,93,194,girls,D2,laxmath,,,2 - 9
82.0,Millersville ,51,15,76,0.0,56,46,81,183,girls,D2,laxmath,,,3 - 8
83.0,Missouri Western State ,39,37,49,0.0,34,24,49,107,girls,D2,laxmath,,,8 - 6
84.0,Molloy ,37,27,68,0.0,57,68,65,190,girls,D2,laxmath,,,6 - 7
85.0,Montevallo ,79,31,99,0.0,59,37,88,184,girls,D2,laxmath,,,3 - 11
86.0,Mount Olive ,30,73,22,0.0,21,17,19,57,girls,D2,laxmath,,,13 - 3
87.0,Newberry ,55,79,63,0.0,52,50,58,160,girls,D2,laxmath,,,9 - 6
88.0,North Greenville ,96,70,117,0.0,83,30,114,227,girls,D2,laxmath,,,4 - 13
89.0,Northwood ,0,0,0,0.0,0,0,0,0,girls,D2,laxmath,,,0 - 0
90.0,Notre Dame ,87,78,105,0.0,80,59,105,244,girls,D2,laxmath,,,4 - 10
91.0,Nova Southeastern ,0,0,0,0.0,0,0,0,0,girls,D2,laxmath,,,0 - 0
92.0,Palm Beach Atlantic ,52,14,95,0.0,61,11,83,155,girls,D2,laxmath,,,3 - 11
93.0,Post ,99,104,77,0.0,90,103,75,268,girls,D2,laxmath,,,4 - 6
94.0,Quincy ,47,36,85,0.0,44,49,84,177,girls,D2,laxmath,,,7 - 9
95.0,Rockhurst ,43,39,50,0.0,33,19,50,102,girls,D2,laxmath,,,8 - 6
96.0,Saginaw Valley State ,0,0,0,0.0,0,0,0,0,girls,D2,laxmath,,,0 - 0
97.0,Shepherd ,40,18,57,0.0,37,41,64,142,girls,D2,laxmath,,,5 - 6
98.0,Shippensburg ,74,13,91,0.0,62,25,95,182,girls,D2,laxmath,,,2 - 10
99.0,Shorter ,101,35,87,0.0,79,56,85,220,girls,D2,laxmath,,,2 - 9
100.0,Slippery Rock ,35,53,35,0.0,17,55,24,96,girls,D2,laxmath,,,9 - 2
101.0,Southern New Hampshire ,33,20,65,0.0,51,45,66,162,girls,D2,laxmath,,,4 - 7
102.0,Southern Wesleyan ,109,94,120,0.0,105,85,119,309,girls,D2,laxmath,,,1 - 14
103.0,St Michaels ,97,24,69,0.0,77,57,82,216,girls,D2,laxmath,,,1 - 7
104.0,St Rose ,84,50,64,0.0,87,89,70,246,girls,D2,laxmath,,,2 - 6
105.0,St Thomas Aquinas ,108,97,109,0.0,101,90,109,300,girls,D2,laxmath,,,4 - 10
106.0,Thomas Jefferson ,57,71,66,0.0,70,82,67,219,girls,D2,laxmath,,,4 - 6
107.0,Thomas More ,100,75,119,0.0,100,67,120,287,girls,D2,laxmath,,,1 - 14
108.0,Tiffin ,104,103,88,0.0,98,98,91,287,girls,D2,laxmath,,,6 - 8
109.0,Trevecca Nazarene ,0,0,0,0.0,0,0,0,0,girls,D2,laxmath,,,0 - 0
110.0,Tusculum ,90,80,108,0.0,86,63,108,257,girls,D2,laxmath,,,5 - 10
111.0,Upper Iowa ,0,0,0,0.0,0,0,0,0,girls,D2,laxmath,,,0 - 0
112.0,Ursuline ,119,92,96,0.0,106,88,102,296,girls,D2,laxmath,,,0 - 11
113.0,UVA Wise ,56,67,78,0.0,49,26,68,143,girls,D2,laxmath,,,7 - 7
114.0,Virginia State ,107,109,74,0.0,89,102,72,263,girls,D2,laxmath,,,5 - 6
115.0,Walsh ,41,77,46,0.0,47,54,51,152,girls,D2,laxmath,,,9 - 5
116.0,West Virginia Wesleyan ,113,110,92,0.0,104,111,94,309,girls,D2,laxmath,,,5 - 9
117.0,Westminster ,59,45,55,0.0,54,78,52,184,girls,D2,laxmath,,,5 - 5
118.0,William Jewell ,102,43,112,0.0,97,81,112,290,girls,D2,laxmath,,,1 - 12
119.0,Wilmington ,46,90,47,0.0,42,84,45,171,girls,D2,laxmath,,,11 - 4
120.0,Young Harris ,53,74,70,0.0,46,28,69,143,girls,D2,laxmath,,,9 - 7
,Virginia Tech ,1,17,1,,4,2,2,8,boys,D1,laxmath,1.0,14 . 50 %,17 - 3
,Concordia-Irvine ,2,1,2,,2,1,1,4,boys,D1,laxmath,2.0,13 . 0 %,15 - 5
,Chapman ,3,6,4,,5,3,4,12,boys,D1,laxmath,3.0,11 . 50 %,17 - 4
,Brigham Young ,8,5,11,,8,4,11,23,boys,D1,laxmath,4.0,7 . 50 %,14 - 7
,Georgia Tech ,4,7,5,,3,12,5,20,boys,D1,laxmath,5.0,7 . 50 %,15 - 4
,Georgia ,9,29,7,,7,14,7,28,boys,D1,laxmath,6.0,6 . 0 %,14 - 3
,Utah Valley ,5,11,6,,6,18,6,30,boys,D1,laxmath,7.0,5 . 0 %,16 - 3
,Liberty ,6,4,3,,1,7,3,11,boys,D1,laxmath,8.0,4 . 50 %,15 - 4
,Boston College ,7,22,10,,13,32,10,55,boys,D1,laxmath,9.0,4 . 0 %,10 - 3
,Simon Fraser ,12,44,8,,9,44,9,62,boys,D1,laxmath,10.0,4 . 0 %,11 - 1
,Arizona State ,17,8,15,,16,28,18,62,boys,D1,laxmath,11.0,3 . 0 %,8 - 6
,South Carolina ,11,2,17,,12,10,13,35,boys,D1,laxmath,12.0,3 . 0 %,8 - 10
,San Diego State ,14,15,12,,14,39,12,65,boys,D1,laxmath,13.0,2 . 50 %,8 - 5
,Florida State ,18,27,16,,18,34,16,68,boys,D1,laxmath,14.0,2 . 0 %,10 - 5
,Northeastern ,13,16,18,,17,38,19,74,boys,D1,laxmath,15.0,2 . 0 %,11 - 6
,Florida ,10,23,9,,10,27,8,45,boys,D1,laxmath,16.0,1 . 50 %,12 - 3
,New Hampshire ,25,30,37,,44,54,44,142,boys,D1,laxmath,17.0,0 . 0 %,6 - 7
,Oregon ,15,51,31,,34,37,27,98,boys,D1,laxmath,18.0,0 . 0 %,8 - 5
,Texas ,22,50,14,,11,13,14,38,boys,D1,laxmath,19.0,0 . 0 %,10 - 3
,UC Santa Barbara ,16,19,19,,15,30,17,62,boys,D1,laxmath,20.0,0 . 0 %,9 - 6
,USC ,30,13,53,,40,9,56,105,boys,D1,laxmath,21.0,0 . 0 %,5 - 10
,West Virginia ,31,47,25,,22,31,24,77,boys,D1,laxmath,22.0,0 . 0 %,8 - 4
,Colorado ,20,12,23,,20,5,21,46,boys,D1,laxmath,23.0,0 . 0 %,6 - 7
,Colorado State ,28,9,38,,29,22,36,87,boys,D1,laxmath,24.0,0 . 0 %,5 - 9
,Grand Canyon ,23,3,35,,32,25,38,95,boys,D1,laxmath,25.0,0 . 0 %,4 - 8
,Temple ,32,35,33,,21,40,30,91,boys,D1,laxmath,26.0,0 . 0 %,10 - 6
,Utah ,26,26,49,,47,43,50,140,boys,D1,laxmath,27.0,0 . 0 %,6 - 7
,Alabama ,60,32,43,,46,42,43,131,boys,D1,laxmath,28.0,0 . 0 %,5 - 7
,Arizona ,27,25,22,,31,19,32,82,boys,D1,laxmath,29.0,0 . 0 %,6 - 6
,Arkansas ,68,70,62,,65,55,62,182,boys,D1,laxmath,30.0,0 . 0 %,1 - 7
,Auburn ,29,21,26,,26,15,31,72,boys,D1,laxmath,31.0,0 . 0 %,8 - 7
,Boise State ,24,37,20,,30,41,22,93,boys,D1,laxmath,32.0,0 . 0 %,8 - 5
,Buffalo ,66,42,71,,72,66,71,209,boys,D1,laxmath,33.0,0 . 0 %,0 - 10
,Cal Poly ,21,10,13,,19,11,15,45,boys,D1,laxmath,34.0,0 . 0 %,8 - 6
,California ,19,20,27,,23,8,23,54,boys,D1,laxmath,35.0,0 . 0 %,7 - 7
,Central Florida ,62,41,59,,52,52,59,163,boys,D1,laxmath,36.0,0 . 0 %,3 - 9
,Clemson ,39,14,50,,41,6,47,94,boys,D1,laxmath,37.0,0 . 0 %,4 - 10
,Connecticut ,46,28,47,,61,71,51,183,boys,D1,laxmath,38.0,0 . 0 %,3 - 7
,Dominican ,37,38,56,,43,23,54,120,boys,D1,laxmath,39.0,0 . 0 %,7 - 8
,East Carolina ,63,53,73,,66,48,73,187,boys,D1,laxmath,40.0,0 . 0 %,2 - 10
,Illinois ,54,67,60,,53,69,60,182,boys,D1,laxmath,41.0,0 . 0 %,6 - 9
,Indiana ,50,60,48,,54,56,48,158,boys,D1,laxmath,42.0,0 . 0 %,3 - 5
,Iowa State ,57,72,30,,58,62,33,153,boys,D1,laxmath,43.0,0 . 0 %,6 - 7
,James Madison ,36,31,39,,35,17,37,89,boys,D1,laxmath,44.0,0 . 0 %,5 - 7
,Kansas ,56,73,36,,57,72,34,163,boys,D1,laxmath,45.0,0 . 0 %,10 - 4
,LSU ,48,68,29,,36,57,25,118,boys,D1,laxmath,46.0,0 . 0 %,10 - 4
,Miami ,59,58,40,,59,63,39,161,boys,D1,laxmath,47.0,0 . 0 %,3 - 6
,Michigan State ,41,40,34,,37,26,35,98,boys,D1,laxmath,48.0,0 . 0 %,6 - 6
,Minnesota ,40,57,24,,33,35,26,94,boys,D1,laxmath,49.0,0 . 0 %,8 - 5
,Missouri ,47,69,21,,27,70,20,117,boys,D1,laxmath,50.0,0 . 0 %,11 - 4
,NC State ,44,34,41,,39,36,40,115,boys,D1,laxmath,51.0,0 . 0 %,7 - 7
,Nebraska ,69,56,63,,71,60,63,194,boys,D1,laxmath,52.0,0 . 0 %,0 - 9
,Nevada ,65,48,57,,62,64,57,183,boys,D1,laxmath,53.0,0 . 0 %,4 - 6
,Oklahoma ,67,71,68,,63,59,64,186,boys,D1,laxmath,54.0,0 . 0 %,6 - 8
,Ole Miss ,70,66,66,,68,49,65,182,boys,D1,laxmath,55.0,0 . 0 %,3 - 8
,Oregon State ,64,52,64,,64,61,66,191,boys,D1,laxmath,56.0,0 . 0 %,4 - 9
,Pittsburgh ,52,46,51,,45,50,49,144,boys,D1,laxmath,57.0,0 . 0 %,6 - 7
,Purdue ,53,65,69,,51,68,69,188,boys,D1,laxmath,58.0,0 . 0 %,7 - 9
,Santa Clara ,33,18,44,,38,21,45,104,boys,D1,laxmath,59.0,0 . 0 %,3 - 7
,Sonoma State ,42,43,55,,49,58,52,159,boys,D1,laxmath,60.0,0 . 0 %,7 - 7
,South Florida ,51,49,52,,56,51,53,160,boys,D1,laxmath,61.0,0 . 0 %,4 - 8
,Southern Methodist ,38,63,32,,24,24,28,76,boys,D1,laxmath,62.0,0 . 0 %,12 - 5
,Stanford ,61,54,67,,69,67,67,203,boys,D1,laxmath,63.0,0 . 0 %,2 - 8
,Tennessee ,35,39,28,,25,33,29,87,boys,D1,laxmath,64.0,0 . 0 %,9 - 6
,Texas A&M ,43,59,58,,42,29,55,126,boys,D1,laxmath,65.0,0 . 0 %,7 - 7
,Texas Christian ,34,45,45,,28,16,41,85,boys,D1,laxmath,66.0,0 . 0 %,6 - 6
,Texas State ,71,61,72,,67,65,72,204,boys,D1,laxmath,67.0,0 . 0 %,4 - 9
,Texas Tech ,73,64,46,,70,53,46,169,boys,D1,laxmath,68.0,0 . 0 %,0 - 4
,UCLA ,49,24,61,,55,45,61,161,boys,D1,laxmath,69.0,0 . 0 %,3 - 10
,Vanderbilt ,58,36,42,,50,20,42,112,boys,D1,laxmath,70.0,0 . 0 %,3 - 7
,Washington ,45,33,54,,48,46,58,152,boys,D1,laxmath,71.0,0 . 0 %,5 - 7
,Washington State ,72,62,65,,73,73,68,214,boys,D1,laxmath,72.0,0 . 0 %,3 - 9
,Western Michigan ,55,55,70,,60,47,70,177,boys,D1,laxmath,73.0,0 . 0 %,3 - 10
1.0,Reinhardt ,1,6,2,37.5,2,6,2,10,boys,,laxmath,,,15 - 1
2.0,Keiser ,2,1,1,23.0,1,1,1,3,boys,,laxmath,,,16 - 2
3.0,Webber International ,3,4,4,16.0,4,17,4,25,boys,,laxmath,,,14 - 4
4.0,Cumberlands ,4,2,3,9.0,3,2,3,8,boys,,laxmath,,,13 - 5
5.0,Concordia-Ann Arbor ,5,13,7,5.0,6,20,7,33,boys,,laxmath,,,12 - 5
6.0,Indiana Tech ,7,3,8,3.5,5,3,8,16,boys,,laxmath,,,9 - 7
7.0,William Penn ,6,22,5,2.5,7,13,5,25,boys,,laxmath,,,16 - 3
8.0,Aquinas ,8,15,6,1.5,8,12,6,26,boys,,laxmath,,,11 - 3
9.0,SCAD ,9,8,9,0.0,9,18,9,36,boys,,laxmath,,,8 - 6
10.0,Life University ,13,11,17,0.0,20,14,20,54,boys,,laxmath,,,4 - 7
11.0,Siena Heights ,12,14,19,0.0,13,15,14,42,boys,,laxmath,,,6 - 9
12.0,Benedictine ,15,24,10,0.0,10,9,10,29,boys,,laxmath,,,11 - 5
13.0,Clarke ,27,28,26,0.0,27,29,25,81,boys,,laxmath,,,4 - 10
14.0,Columbia ,23,18,25,0.0,23,26,23,72,boys,,laxmath,,,3 - 9
15.0,Lawrence Tech ,19,7,16,0.0,14,8,17,39,boys,,laxmath,,,4 - 7
16.0,Lourdes ,22,21,23,0.0,25,24,24,73,boys,,laxmath,,,4 - 8
17.0,Madonna ,10,9,11,0.0,11,11,11,33,boys,,laxmath,,,8 - 7
18.0,Midland ,29,25,30,0.0,29,23,30,82,boys,,laxmath,,,1 - 12
19.0,Missouri Baptist ,25,16,29,0.0,22,7,29,58,boys,,laxmath,,,4 - 12
20.0,Missouri Valley ,30,27,27,0.0,28,27,27,82,boys,,laxmath,,,1 - 7
21.0,Montreat ,26,19,24,0.0,24,4,26,54,boys,,laxmath,,,1 - 13
22.0,Mount Vernon Nazarene ,24,29,18,0.0,21,28,15,64,boys,,laxmath,,,9 - 4
23.0,Ottawa ,17,17,13,0.0,12,5,13,30,boys,,laxmath,,,8 - 7
24.0,Point ,11,26,14,0.0,17,21,18,56,boys,,laxmath,,,6 - 10
25.0,St Ambrose ,20,23,20,0.0,15,16,16,47,boys,,laxmath,,,9 - 7
26.0,St Mary ,28,20,28,0.0,26,19,28,73,boys,,laxmath,,,2 - 10
27.0,Taylor ,21,10,22,0.0,18,10,22,50,boys,,laxmath,,,5 - 10
28.0,Tennessee Wesleyan ,14,5,15,0.0,16,25,19,60,boys,,laxmath,,,4 - 9
29.0,UM-Dearborn ,16,12,21,0.0,19,22,21,62,boys,,laxmath,,,6 - 9
30.0,William Woods ,0,0,0,0.0,0,0,0,0,boys,,laxmath,,,0 - 0
,St. Thomas ,1,3,1,,2,2,3,7,boys,D2,laxmath,1.0,20 . 0 %,14 - 3
,Cal State San Marcos ,2,38,2,,3,19,1,23,boys,D2,laxmath,2.0,12 . 0 %,17 - 2
,Grand Valley State ,7,6,11,,6,9,10,25,boys,D2,laxmath,3.0,9 . 50 %,10 - 4
,Montana State ,3,16,6,,7,6,4,17,boys,D2,laxmath,4.0,8 . 0 %,14 - 3
,Montana ,5,22,3,,1,1,2,4,boys,D2,laxmath,5.0,7 . 50 %,17 - 3
,Air Force Academy ,4,29,5,,4,16,5,25,boys,D2,laxmath,6.0,7 . 0 %,12 - 2
,Kennesaw State ,8,12,14,,14,18,17,49,boys,D2,laxmath,7.0,5 . 0 %,10 - 4
,Missouri State ,13,7,9,,12,10,11,33,boys,D2,laxmath,8.0,4 . 50 %,10 - 3
,Dayton ,6,5,4,,11,3,6,20,boys,D2,laxmath,9.0,4 . 0 %,13 - 5
,Minn.-Duluth ,12,1,27,,19,7,38,64,boys,D2,laxmath,10.0,3 . 50 %,5 - 8
,UNC-Charlotte ,14,21,8,,9,20,8,37,boys,D2,laxmath,11.0,3 . 50 %,11 - 3
,Rhode Island ,10,35,7,,8,72,7,87,boys,D2,laxmath,12.0,2 . 50 %,15 - 2
,Florida Gulf Coast ,9,10,10,,10,24,13,47,boys,D2,laxmath,13.0,2 . 0 %,10 - 2
,Wake Forest ,11,17,13,,13,17,16,46,boys,D2,laxmath,14.0,2 . 0 %,10 - 3
,Florida Atlantic ,15,4,42,,24,12,49,85,boys,D2,laxmath,15.0,1 . 50 %,6 - 7
,UC San Diego ,17,40,12,,5,4,9,18,boys,D2,laxmath,16.0,1 . 50 %,13 - 4
,Coastal Carolina ,18,30,25,,29,52,30,111,boys,D2,laxmath,17.0,0 . 0 %,8 - 4
,Maine ,31,43,18,,22,67,18,107,boys,D2,laxmath,18.0,0 . 0 %,6 - 3
,Utah State ,20,14,19,,15,37,15,67,boys,D2,laxmath,19.0,0 . 0 %,9 - 8
,Western Washington ,16,58,15,,16,48,12,76,boys,D2,laxmath,20.0,0 . 0 %,10 - 4
,Baylor ,24,52,16,,25,60,14,99,boys,D2,laxmath,21.0,0 . 0 %,11 - 5
,Miami ,23,18,35,,41,39,41,121,boys,D2,laxmath,22.0,0 . 0 %,5 - 6
,North Dakota State ,19,2,28,,23,11,35,69,boys,D2,laxmath,23.0,0 . 0 %,5 - 9
,Northwest Nazarene ,32,45,48,,20,15,36,71,boys,D2,laxmath,24.0,0 . 0 %,7 - 7
,Appalachian State ,35,19,44,,40,50,46,136,boys,D2,laxmath,25.0,0 . 0 %,3 - 5
,Arizona Christian ,73,77,34,,55,57,28,140,boys,D2,laxmath,26.0,0 . 0 %,4 - 2
,Biola ,80,76,77,,78,65,77,220,boys,D2,laxmath,27.0,0 . 0 %,1 - 10
,Bridgewater State ,45,28,61,,49,66,65,180,boys,D2,laxmath,28.0,0 . 0 %,4 - 10
,Cal State Fullerton ,79,70,81,,77,53,81,211,boys,D2,laxmath,29.0,0 . 0 %,0 - 14
,Humboldt State ,72,71,63,,61,34,62,157,boys,D2,laxmath,30.0,0 . 0 %,2 - 5
,Cal State Long Beach ,65,62,67,,50,30,63,143,boys,D2,laxmath,31.0,0 . 0 %,7 - 7
,Central Conn. State ,57,51,62,,68,70,64,202,boys,D2,laxmath,32.0,0 . 0 %,5 - 6
,Central Washington ,66,66,41,,46,59,42,147,boys,D2,laxmath,33.0,0 . 0 %,4 - 6
,Charleston ,74,25,64,,76,55,66,197,boys,D2,laxmath,34.0,0 . 0 %,0 - 5
,Chico State ,55,64,50,,33,45,40,118,boys,D2,laxmath,35.0,0 . 0 %,7 - 5
,Citadel ,28,15,46,,34,46,53,133,boys,D2,laxmath,36.0,0 . 0 %,3 - 6
,Claremont ,42,57,54,,27,21,47,95,boys,D2,laxmath,37.0,0 . 0 %,8 - 6
,College of Idaho ,21,33,37,,17,28,31,76,boys,D2,laxmath,38.0,0 . 0 %,6 - 7
,Colorado Mines ,48,20,59,,42,25,58,125,boys,D2,laxmath,39.0,0 . 0 %,4 - 7
,Dallas Baptist ,67,36,75,,71,63,76,210,boys,D2,laxmath,40.0,0 . 0 %,2 - 8
,Davidson ,33,48,38,,56,61,37,154,boys,D2,laxmath,41.0,0 . 0 %,3 - 3
,Colorado Denver ,49,26,51,,48,29,48,125,boys,D2,laxmath,42.0,0 . 0 %,2 - 8
,Drury ,46,13,68,,60,26,68,154,boys,D2,laxmath,43.0,0 . 0 %,1 - 8
,East Texas Baptist ,56,39,73,,67,44,75,186,boys,D2,laxmath,44.0,0 . 0 %,3 - 8
,Elon ,50,9,70,,59,27,72,158,boys,D2,laxmath,45.0,0 . 0 %,1 - 10
,Florida Poly ,0,0,0,,0,0,0,0,boys,D2,laxmath,46.0,0 . 0 %,0 - 0
,Fort Lewis ,44,67,55,,62,76,54,192,boys,D2,laxmath,47.0,0 . 0 %,9 - 6
,Georgia Southern ,26,11,36,,30,49,43,122,boys,D2,laxmath,48.0,0 . 0 %,4 - 6
,Houston ,62,55,31,,44,8,32,84,boys,D2,laxmath,49.0,0 . 0 %,3 - 6
,Idaho ,59,59,47,,35,14,50,99,boys,D2,laxmath,50.0,0 . 0 %,3 - 6
,Iona ,0,0,0,,0,0,0,0,boys,D2,laxmath,51.0,0 . 0 %,0 - 0
,Loyola Marymount ,58,49,56,,36,33,52,121,boys,D2,laxmath,52.0,0 . 0 %,6 - 7
,MSU Denver ,37,23,17,,21,23,24,68,boys,D2,laxmath,53.0,0 . 0 %,6 - 4
,Multnomah ,69,75,45,,64,74,44,182,boys,D2,laxmath,54.0,0 . 0 %,2 - 4
,North Florida ,30,24,52,,57,73,59,189,boys,D2,laxmath,55.0,0 . 0 %,3 - 7
,North Texas ,70,34,78,,75,56,79,210,boys,D2,laxmath,56.0,0 . 0 %,1 - 9
,Northern Arizona ,27,60,32,,26,47,19,92,boys,D2,laxmath,57.0,0 . 0 %,11 - 4
,Pacific Lutheran ,81,47,76,,72,32,73,177,boys,D2,laxmath,58.0,0 . 0 %,0 - 8
,Point Loma Nazarene ,76,61,65,,54,38,60,152,boys,D2,laxmath,59.0,0 . 0 %,2 - 6
,Puget Sound ,78,74,66,,74,68,67,209,boys,D2,laxmath,60.0,0 . 0 %,1 - 5
,Rice ,51,41,40,,39,5,39,83,boys,D2,laxmath,61.0,0 . 0 %,1 - 2
,Saint Mary's ,60,65,60,,38,43,57,138,boys,D2,laxmath,62.0,0 . 0 %,6 - 5
,San Diego ,43,69,29,,32,22,25,79,boys,D2,laxmath,63.0,0 . 0 %,9 - 4
,San Jose State ,63,73,71,,58,62,70,190,boys,D2,laxmath,64.0,0 . 0 %,5 - 7
,Southern Conn. State ,75,37,80,,73,41,80,194,boys,D2,laxmath,65.0,0 . 0 %,0 - 15
,Southern Oregon ,68,72,69,,66,64,69,199,boys,D2,laxmath,66.0,0 . 0 %,3 - 7
,Southern Utah ,61,54,49,,52,36,51,139,boys,D2,laxmath,67.0,0 . 0 %,4 - 6
,St. John's ,25,8,57,,47,40,61,148,boys,D2,laxmath,68.0,0 . 0 %,4 - 8
,Stonehill ,52,44,33,,28,75,33,136,boys,D2,laxmath,69.0,0 . 0 %,7 - 3
,Texas A&M DII ,47,42,74,,65,58,74,197,boys,D2,laxmath,70.0,0 . 0 %,5 - 8
,Tulane ,34,50,24,,31,71,26,128,boys,D2,laxmath,71.0,0 . 0 %,6 - 3
,UC Davis ,36,56,26,,18,35,27,80,boys,D2,laxmath,72.0,0 . 0 %,10 - 5
,UC Irvine ,77,63,79,,70,42,78,190,boys,D2,laxmath,73.0,0 . 0 %,2 - 12
,UC Santa Cruz ,64,68,58,,53,51,55,159,boys,D2,laxmath,74.0,0 . 0 %,3 - 6
,UMass-Dartmouth ,54,46,53,,63,13,56,132,boys,D2,laxmath,75.0,0 . 0 %,4 - 5
,UNC-Wilmington ,22,32,43,,51,69,45,165,boys,D2,laxmath,76.0,0 . 0 %,3 - 4
,UNLV ,0,0,0,,0,0,0,0,boys,D2,laxmath,77.0,0 . 0 %,0 - 0
,UT-San Antonio ,53,53,39,,45,54,34,133,boys,D2,laxmath,78.0,0 . 0 %,8 - 5
,Washington ,29,31,30,,43,77,29,149,boys,D2,laxmath,79.0,0 . 0 %,3 - 4
,Western Oregon ,0,0,0,,0,0,0,0,boys,D2,laxmath,80.0,0 . 0 %,0 - 0
,Wyoming ,71,27,72,,69,31,71,171,boys,D2,laxmath,81.0,0 . 0 %,0 - 10
1.0,Reinhardt ,2,9,2,26.0,2,3,2,7,girls,,laxmath,,,12 - 1
2.0,SCAD ,1,21,6,25.0,1,1,7,9,girls,,laxmath,,,10 - 5
3.0,Cumberlands ,3,7,1,13.5,3,4,1,8,girls,,laxmath,,,16 - 2
4.0,Lawrence Tech ,4,11,3,9.5,4,19,3,26,girls,,laxmath,,,12 - 1
5.0,Life ,5,5,8,8.5,10,17,8,35,girls,,laxmath,,,11 - 4
6.0,Missouri Baptist ,6,15,4,3.5,7,23,4,34,girls,,laxmath,,,13 - 2
7.0,Benedictine ,8,17,9,3.0,6,5,6,17,girls,,laxmath,,,11 - 3
8.0,Keiser ,7,1,7,3.0,5,2,9,16,girls,,laxmath,,,9 - 6
9.0,Ave Maria ,9,6,12,2.5,9,7,12,28,girls,,laxmath,,,7 - 5
10.0,Indiana Tech ,10,13,5,2.0,8,11,5,24,girls,,laxmath,,,12 - 3
11.0,Montreat ,17,30,14,0.0,21,27,18,66,girls,,laxmath,,,6 - 7
12.0,Bethel ,13,31,22,0.0,20,31,24,75,girls,,laxmath,,,8 - 7
13.0,Georgetown KY ,16,2,30,0.0,19,6,32,57,girls,,laxmath,,,5 - 11
14.0,Marian ,11,4,10,0.0,11,9,10,30,girls,,laxmath,,,8 - 5
15.0,Siena Heights ,15,14,25,0.0,18,20,26,64,girls,,laxmath,,,7 - 7
16.0,St Thomas ,18,3,21,0.0,17,12,22,51,girls,,laxmath,,,6 - 7
17.0,Aquinas ,29,19,29,0.0,27,33,31,91,girls,,laxmath,,,2 - 12
18.0,Clarke ,40,37,23,0.0,37,35,23,95,girls,,laxmath,,,0 - 1
19.0,Concordia-Ann Arbor ,14,16,20,0.0,15,13,20,48,girls,,laxmath,,,8 - 6
20.0,Corban ,21,36,13,0.0,35,36,13,84,girls,,laxmath,,,3 - 2
21.0,Culver-Stockton ,27,26,26,0.0,16,26,25,67,girls,,laxmath,,,6 - 6
22.0,Eastern Oregon ,35,35,32,0.0,36,37,33,106,girls,,laxmath,,,0 - 10
23.0,Madonna ,34,27,34,0.0,31,30,37,98,girls,,laxmath,,,1 - 13
24.0,Midland ,31,18,38,0.0,25,22,35,82,girls,,laxmath,,,2 - 9
25.0,Missouri Valley ,37,32,31,0.0,28,25,29,82,girls,,laxmath,,,2 - 7
26.0,Mount Mercy ,41,33,39,0.0,34,16,34,84,girls,,laxmath,,,0 - 8
27.0,Multnomah ,0,0,0,0.0,0,0,0,0,girls,,laxmath,,,0 - 0
28.0,New College ,0,0,0,0.0,0,0,0,0,girls,,laxmath,,,0 - 0
29.0,Ottawa ,20,10,24,0.0,12,8,21,41,girls,,laxmath,,,6 - 7
30.0,Penn State-Schuylkill ,0,0,0,0.0,0,0,0,0,girls,,laxmath,,,0 - 0
31.0,Rochester ,38,20,36,0.0,33,15,38,86,girls,,laxmath,,,0 - 10
32.0,St Ambrose ,19,34,11,0.0,14,34,11,59,girls,,laxmath,,,9 - 2
33.0,St Andrews ,36,25,35,0.0,30,29,36,95,girls,,laxmath,,,1 - 10
34.0,St Mary ,39,24,41,0.0,32,18,39,89,girls,,laxmath,,,1 - 10
35.0,Taylor ,0,0,0,0.0,0,0,0,0,girls,,laxmath,,,0 - 0
36.0,Tennessee Wesleyan ,30,12,37,0.0,26,21,40,87,girls,,laxmath,,,3 - 11
37.0,Truett McConnell ,32,22,40,0.0,29,24,41,94,girls,,laxmath,,,2 - 11
38.0,UHSP ,28,28,28,0.0,23,32,27,82,girls,,laxmath,,,7 - 6
39.0,Warner ,22,29,27,0.0,24,28,28,80,girls,,laxmath,,,8 - 9
40.0,Webber International ,12,8,19,0.0,13,10,19,42,girls,,laxmath,,,9 - 7
41.0,William Penn ,33,23,33,0.0,22,14,30,66,girls,,laxmath,,,2 - 7
1.0,Notre Dame ,1,3,1,25.0,1,1,1,3,boys,D1,laxmath,,,15 - 1
2.0,Duke ,2,5,6,11.5,2,2,4,8,boys,D1,laxmath,,,13 - 6
3.0,Virginia ,3,4,5,8.0,4,3,5,12,boys,D1,laxmath,,,12 - 6
4.0,Maryland ,6,1,2,6.5,3,4,2,9,boys,D1,laxmath,,,11 - 5
5.0,Johns Hopkins ,7,2,4,5.0,5,7,6,18,boys,D1,laxmath,,,11 - 5
6.0,Princeton ,8,14,13,5.0,10,10,11,31,boys,D1,laxmath,,,11 - 5
7.0,Penn State ,5,9,9,4.5,9,16,10,35,boys,D1,laxmath,,,11 - 5
8.0,Georgetown ,9,15,7,4.0,8,6,7,21,boys,D1,laxmath,,,13 - 4
9.0,Cornell ,11,8,11,3.5,11,13,12,36,boys,D1,laxmath,,,9 - 5
10.0,North Carolina ,16,19,20,3.5,23,14,21,58,boys,D1,laxmath,,,7 - 7
11.0,Syracuse ,4,6,8,3.5,6,5,8,19,boys,D1,laxmath,,,12 - 6
12.0,Army West Point ,14,29,16,3.0,16,41,16,73,boys,D1,laxmath,,,11 - 3
13.0,Towson ,15,37,14,3.0,17,24,13,54,boys,D1,laxmath,,,13 - 4
14.0,Yale ,12,18,10,2.0,13,19,9,41,boys,D1,laxmath,,,11 - 4
15.0,Denver ,10,11,3,1.5,7,8,3,18,boys,D1,laxmath,,,13 - 4
16.0,Michigan ,13,10,12,1.5,14,9,15,38,boys,D1,laxmath,,,10 - 7
17.0,Harvard ,24,21,19,0.0,20,36,19,75,boys,D1,laxmath,,,8 - 5
18.0,Lehigh ,28,24,32,0.0,22,32,30,84,boys,D1,laxmath,,,10 - 7
19.0,Ohio State ,19,12,27,0.0,21,12,27,60,boys,D1,laxmath,,,6 - 9
20.0,Penn ,17,7,17,0.0,12,11,17,40,boys,D1,laxmath,,,9 - 6
21.0,Richmond ,21,30,21,0.0,24,27,18,69,boys,D1,laxmath,,,10 - 6
22.0,Villanova ,20,20,25,0.0,19,15,24,58,boys,D1,laxmath,,,9 - 7
23.0,Boston University ,22,23,30,0.0,18,17,33,68,boys,D1,laxmath,,,10 - 7
24.0,Colgate ,23,22,31,0.0,27,26,32,85,boys,D1,laxmath,,,8 - 7
25.0,Delaware ,25,39,22,0.0,30,40,22,92,boys,D1,laxmath,,,9 - 5
26.0,Loyola ,26,17,36,0.0,26,18,35,79,boys,D1,laxmath,,,7 - 8
27.0,Rutgers ,27,16,24,0.0,28,22,25,75,boys,D1,laxmath,,,7 - 7
28.0,Utah ,31,50,18,0.0,25,25,20,70,boys,D1,laxmath,,,12 - 5
29.0,Air Force ,45,57,34,0.0,38,46,34,118,boys,D1,laxmath,,,9 - 6
30.0,Albany ,30,36,39,0.0,31,29,39,99,boys,D1,laxmath,,,10 - 8
31.0,Bellarmine ,57,73,42,0.0,56,52,43,151,boys,D1,laxmath,,,9 - 8
32.0,Binghamton ,59,59,48,0.0,57,65,47,169,boys,D1,laxmath,,,6 - 7
33.0,Brown ,36,13,60,0.0,42,21,57,120,boys,D1,laxmath,,,3 - 11
34.0,Bryant ,29,47,35,0.0,33,61,31,125,boys,D1,laxmath,,,9 - 5
35.0,Bucknell ,50,34,67,0.0,59,48,65,172,boys,D1,laxmath,,,4 - 10
36.0,Canisius ,67,68,64,0.0,65,59,66,190,boys,D1,laxmath,,,5 - 10
37.0,Cleveland State ,62,62,43,0.0,45,39,44,128,boys,D1,laxmath,,,9 - 8
38.0,Dartmouth ,49,25,59,0.0,58,38,59,155,boys,D1,laxmath,,,3 - 10
39.0,Detroit Mercy ,68,65,68,0.0,69,69,68,206,boys,D1,laxmath,,,3 - 10
40.0,Drexel ,44,33,49,0.0,41,34,50,125,boys,D1,laxmath,,,6 - 9
41.0,Fairfield ,42,48,41,0.0,46,47,41,134,boys,D1,laxmath,,,8 - 7
42.0,Hampton ,76,53,74,0.0,76,72,74,222,boys,D1,laxmath,,,0 - 13
43.0,High Point ,34,43,29,0.0,37,30,29,96,boys,D1,laxmath,,,9 - 7
44.0,Hobart ,52,32,54,0.0,53,45,54,152,boys,D1,laxmath,,,4 - 9
45.0,Hofstra ,48,46,58,0.0,55,57,60,172,boys,D1,laxmath,,,6 - 9
46.0,Holy Cross ,65,38,69,0.0,68,58,69,195,boys,D1,laxmath,,,2 - 11
47.0,Jacksonville ,35,61,23,0.0,29,37,23,89,boys,D1,laxmath,,,13 - 5
48.0,Lafayette ,43,45,44,0.0,49,54,45,148,boys,D1,laxmath,,,6 - 7
49.0,Le Moyne ,64,54,55,0.0,67,76,55,198,boys,D1,laxmath,,,3 - 8
50.0,Lindenwood ,75,70,72,0.0,75,70,72,217,boys,D1,laxmath,,,0 - 12
51.0,LIU ,56,74,26,0.0,43,67,26,136,boys,D1,laxmath,,,10 - 4
52.0,Manhattan ,53,51,52,0.0,36,23,51,110,boys,D1,laxmath,,,8 - 9
53.0,Marist ,55,64,45,0.0,44,53,46,143,boys,D1,laxmath,,,8 - 7
54.0,Marquette ,47,31,50,0.0,50,28,52,130,boys,D1,laxmath,,,4 - 10
55.0,Massachusetts ,37,41,53,0.0,47,44,48,139,boys,D1,laxmath,,,6 - 8
56.0,Massachusetts-Lowell ,74,52,73,0.0,73,71,73,217,boys,D1,laxmath,,,0 - 12
57.0,Mercer ,70,69,65,0.0,66,64,67,197,boys,D1,laxmath,,,4 - 10
58.0,Merrimack ,61,44,61,0.0,48,49,61,158,boys,D1,laxmath,,,6 - 9
59.0,Monmouth ,51,56,51,0.0,62,55,53,170,boys,D1,laxmath,,,5 - 8
60.0,Mount St Marys ,71,58,75,0.0,70,56,75,201,boys,D1,laxmath,,,1 - 14
61.0,Navy ,32,27,33,0.0,32,33,36,101,boys,D1,laxmath,,,9 - 7
62.0,NJIT ,58,71,40,0.0,61,74,40,175,boys,D1,laxmath,,,8 - 6
63.0,Providence ,33,26,38,0.0,35,31,37,103,boys,D1,laxmath,,,7 - 8
64.0,Queens ,72,75,70,0.0,74,73,71,218,boys,D1,laxmath,,,2 - 11
65.0,Quinnipiac ,40,67,37,0.0,40,66,38,144,boys,D1,laxmath,,,9 - 5
66.0,Robert Morris ,66,63,63,0.0,64,51,62,177,boys,D1,laxmath,,,5 - 10
67.0,Sacred Heart ,38,66,28,0.0,34,50,28,112,boys,D1,laxmath,,,13 - 5
68.0,Siena ,54,72,56,0.0,54,62,56,172,boys,D1,laxmath,,,8 - 8
69.0,St Bonaventure ,69,55,71,0.0,71,75,70,216,boys,D1,laxmath,,,1 - 11
70.0,St Johns ,60,35,66,0.0,51,35,63,149,boys,D1,laxmath,,,4 - 11
71.0,St Josephs ,18,28,15,0.0,15,20,14,49,boys,D1,laxmath,,,12 - 4
72.0,Stony Brook ,41,40,62,0.0,60,43,64,167,boys,D1,laxmath,,,4 - 10
73.0,UMBC ,46,49,46,0.0,52,60,49,161,boys,D1,laxmath,,,5 - 7
74.0,Vermont ,39,42,47,0.0,39,42,42,123,boys,D1,laxmath,,,8 - 8
75.0,VMI ,63,76,57,0.0,63,68,58,189,boys,D1,laxmath,,,7 - 8
76.0,Wagner ,73,60,76,0.0,72,63,76,211,boys,D1,laxmath,,,1 - 14
,Kansas State ,3,13,4,,4,14,4,22,boys,D3,laxmath,1.0,21 . 0 %,4 - 4
,Oklahoma State ,4,14,5,,5,4,5,14,boys,D3,laxmath,2.0,21 . 0 %,3 - 3
,Sam Houston State ,1,15,3,,7,8,3,18,boys,D3,laxmath,3.0,20 . 50 %,5 - 3
,New Mexico ,5,8,7,,14,18,8,40,boys,D3,laxmath,4.0,10 . 0 %,1 - 3
,Framingham State ,7,3,1,,1,6,1,8,boys,D3,laxmath,5.0,6 . 0 %,6 - 2
,Fitchburg State ,6,7,2,,2,9,2,13,boys,D3,laxmath,6.0,5 . 0 %,4 - 3
,Butler ,8,1,8,,15,10,9,34,boys,D3,laxmath,7.0,4 . 0 %,0 - 1
,Louisiana ,2,12,6,,3,15,6,24,boys,D3,laxmath,8.0,3 . 50 %,1 - 3
,Moorpark ,13,17,13,,20,17,14,51,boys,D3,laxmath,9.0,3 . 50 %,2 - 3
,WPI ,18,6,22,,9,7,19,35,boys,D3,laxmath,10.0,2 . 50 %,2 - 5
,UT-Dallas ,20,9,19,,6,22,7,35,boys,D3,laxmath,11.0,1 . 50 %,1 - 8
,Western Colorado ,21,11,20,,24,23,21,68,boys,D3,laxmath,12.0,0 . 0 %,0 - 5
,TAMU-Corps of Cadets ,19,5,18,,12,5,17,34,boys,D3,laxmath,13.0,0 . 0 %,1 - 5
,Hardin-Simmons ,0,0,0,,0,0,0,0,boys,D3,laxmath,14.0,0 . 0 %,0 - 0
,Houston ,0,0,0,,0,0,0,0,boys,D3,laxmath,15.0,0 . 0 %,0 - 0
,Incarnate Word ,0,0,0,,0,0,0,0,boys,D3,laxmath,16.0,0 . 0 %,0 - 0
,Louisiana Tech ,0,0,0,,0,0,0,0,boys,D3,laxmath,17.0,0 . 0 %,0 - 0
,Santa Barbara CC ,14,16,14,,21,19,15,55,boys,D3,laxmath,18.0,0 . 0 %,1 - 4
,St. Edward's ,0,0,0,,0,0,0,0,boys,D3,laxmath,19.0,0 . 0 %,0 - 0
,TAMU-Corpus Christi ,23,4,21,,13,1,22,36,boys,D3,laxmath,20.0,0 . 0 %,0 - 4
,Tarleton State ,24,2,23,,8,3,24,35,boys,D3,laxmath,21.0,0 . 0 %,0 - 5
,Colorado Springs ,0,0,0,,0,0,0,0,boys,D3,laxmath,22.0,0 . 0 %,0 - 0
,Westfield State ,0,0,0,,0,0,0,0,boys,D3,laxmath,23.0,0 . 0 %,0 - 0
,Worcester State ,22,10,24,,11,2,23,36,boys,D3,laxmath,24.0,0 . 0 %,1 - 9
1.0,Tufts ,2,6,2,16.5,4,5,4,13,boys,D3,laxmath,,,17 - 3
2.0,RIT ,1,7,1,13.5,1,3,1,5,boys,D3,laxmath,,,21 - 2
3.0,Bowdoin ,4,4,5,9.5,10,10,17,37,boys,D3,laxmath,,,14 - 6
4.0,Salisbury ,3,27,4,9.0,2,16,2,20,boys,D3,laxmath,,,21 - 1
5.0,St Lawrence ,5,13,11,8.5,5,14,9,28,boys,D3,laxmath,,,15 - 4
6.0,Wesleyan ,7,9,6,7.5,15,38,14,67,boys,D3,laxmath,,,15 - 4
7.0,Middlebury ,8,1,13,5.5,20,7,32,59,boys,D3,laxmath,,,12 - 9
8.0,RPI ,6,8,3,4.0,6,9,3,18,boys,D3,laxmath,,,17 - 3
9.0,Amherst ,10,3,16,2.5,28,27,30,85,boys,D3,laxmath,,,10 - 6
10.0,Union ,12,5,15,2.5,8,4,16,28,boys,D3,laxmath,,,12 - 6
11.0,Williams ,17,2,17,2.5,33,18,31,82,boys,D3,laxmath,,,9 - 7
12.0,Christopher Newport ,9,11,10,2.0,3,1,5,9,boys,D3,laxmath,,,16 - 6
13.0,Dickinson ,16,17,12,2.0,7,29,10,46,boys,D3,laxmath,,,17 - 3
14.0,St John Fisher ,25,38,36,1.5,34,11,37,82,boys,D3,laxmath,,,14 - 8
15.0,Swarthmore ,14,26,14,1.5,13,46,11,70,boys,D3,laxmath,,,15 - 3
16.0,Washington & Lee ,15,37,19,1.5,9,2,12,23,boys,D3,laxmath,,,16 - 6
17.0,Geneseo ,32,36,32,0.0,26,28,35,89,boys,D3,laxmath,,,13 - 7
18.0,Grove City ,31,85,18,0.0,19,15,13,47,boys,D3,laxmath,,,15 - 5
19.0,Hamilton ,20,10,22,0.0,51,30,50,131,boys,D3,laxmath,,,9 - 7
20.0,Lynchburg ,11,35,23,0.0,11,17,18,46,boys,D3,laxmath,,,16 - 6
21.0,Stevens ,18,52,9,0.0,18,35,6,59,boys,D3,laxmath,,,18 - 3
22.0,Babson ,13,31,7,0.0,21,25,8,54,boys,D3,laxmath,,,16 - 4
23.0,Cortland ,26,40,43,0.0,29,51,43,123,boys,D3,laxmath,,,11 - 5
24.0,Endicott ,19,47,8,0.0,16,36,7,59,boys,D3,laxmath,,,16 - 2
25.0,Gettysburg ,22,12,58,0.0,30,8,46,84,boys,D3,laxmath,,,10 - 8
26.0,Muhlenberg ,28,19,86,0.0,36,21,72,129,boys,D3,laxmath,,,10 - 8
27.0,Randolph-Macon ,30,64,28,0.0,45,56,22,123,boys,D3,laxmath,,,16 - 5
28.0,Roanoke ,24,50,33,0.0,25,12,29,66,boys,D3,laxmath,,,15 - 6
29.0,Stevenson ,23,32,31,0.0,27,19,19,65,boys,D3,laxmath,,,14 - 7
30.0,Trinity ,27,14,34,0.0,56,53,75,184,boys,D3,laxmath,,,9 - 7
31.0,York ,21,28,55,0.0,37,6,39,82,boys,D3,laxmath,,,10 - 8
32.0,Adrian ,119,108,132,0.0,98,144,132,374,boys,D3,laxmath,,,8 - 8
33.0,Albertus Magnus ,208,217,223,0.0,224,187,224,635,boys,D3,laxmath,,,3 - 12
34.0,Albion ,107,78,192,0.0,74,41,169,284,boys,D3,laxmath,,,8 - 11
35.0,Albright ,148,123,178,0.0,187,184,177,548,boys,D3,laxmath,,,6 - 10
36.0,Alfred ,87,87,65,0.0,69,125,66,260,boys,D3,laxmath,,,10 - 5
37.0,Alfred State ,0,0,0,0.0,0,0,0,0,boys,D3,laxmath,,,0 - 0
38.0,Allegheny ,122,141,98,0.0,97,104,93,294,boys,D3,laxmath,,,10 - 7
39.0,Alma ,200,158,179,0.0,194,221,178,593,boys,D3,laxmath,,,1 - 13
40.0,Alvernia ,171,140,219,0.0,206,192,220,618,boys,D3,laxmath,,,4 - 12
41.0,Anderson ,226,236,180,0.0,222,230,179,631,boys,D3,laxmath,,,6 - 10
42.0,Anna Maria ,204,182,239,0.0,220,183,239,642,boys,D3,laxmath,,,2 - 14
43.0,Arcadia ,73,71,106,0.0,103,96,104,303,boys,D3,laxmath,,,10 - 8
44.0,Augustana ,193,153,170,0.0,154,168,156,478,boys,D3,laxmath,,,4 - 10
45.0,Aurora ,115,155,70,0.0,57,43,51,151,boys,D3,laxmath,,,14 - 6
46.0,Averett ,231,160,230,0.0,207,228,229,664,boys,D3,laxmath,,,3 - 15
47.0,Baldwin Wallace ,97,119,99,0.0,76,83,94,253,boys,D3,laxmath,,,10 - 7
48.0,Bates ,54,16,133,0.0,128,88,173,389,boys,D3,laxmath,,,3 - 11
49.0,Beloit ,222,222,208,0.0,218,206,210,634,boys,D3,laxmath,,,3 - 11
50.0,Benedictine ,163,166,197,0.0,140,75,193,408,boys,D3,laxmath,,,6 - 11
51.0,Berry ,110,76,84,0.0,59,55,83,197,boys,D3,laxmath,,,7 - 7
52.0,Bethany ,216,227,190,0.0,217,213,188,618,boys,D3,laxmath,,,4 - 10
53.0,Birmingham Southern ,76,121,47,0.0,60,127,52,239,boys,D3,laxmath,,,9 - 4
54.0,Brevard ,227,226,225,0.0,228,237,226,691,boys,D3,laxmath,,,2 - 14
55.0,Bridgewater ,128,84,193,0.0,145,76,194,415,boys,D3,laxmath,,,6 - 11
56.0,Brockport ,102,61,203,0.0,139,106,203,448,boys,D3,laxmath,,,4 - 11
57.0,Bryn Athyn ,220,233,107,0.0,225,236,105,566,boys,D3,laxmath,,,3 - 6
58.0,Cabrini ,34,79,27,0.0,41,58,25,124,boys,D3,laxmath,,,15 - 5
59.0,Cairn ,211,216,140,0.0,210,234,140,584,boys,D3,laxmath,,,4 - 9
60.0,Calvin ,120,135,56,0.0,62,167,60,289,boys,D3,laxmath,,,12 - 6
61.0,Canton ,191,206,110,0.0,186,210,108,504,boys,D3,laxmath,,,6 - 7
62.0,Capital ,116,134,141,0.0,105,103,141,349,boys,D3,laxmath,,,9 - 9
63.0,Carroll ,198,198,155,0.0,179,191,142,512,boys,D3,laxmath,,,6 - 10
64.0,Carthage ,118,125,146,0.0,87,54,124,265,boys,D3,laxmath,,,8 - 9
65.0,Castleton ,190,130,238,0.0,191,149,238,578,boys,D3,laxmath,,,3 - 14
66.0,Catholic ,78,69,116,0.0,89,59,117,265,boys,D3,laxmath,,,10 - 9
67.0,Centenary ,228,218,181,0.0,230,235,180,645,boys,D3,laxmath,,,1 - 11
68.0,Centenary ,235,208,229,0.0,237,227,230,694,boys,D3,laxmath,,,1 - 12
69.0,Centre ,65,118,41,0.0,35,69,40,144,boys,D3,laxmath,,,12 - 4
70.0,Chatham ,138,161,117,0.0,133,160,112,405,boys,D3,laxmath,,,9 - 8
71.0,Clark ,106,51,149,0.0,147,186,158,491,boys,D3,laxmath,,,5 - 10
72.0,Clarkson ,33,23,89,0.0,55,34,84,173,boys,D3,laxmath,,,8 - 9
73.0,Coast Guard ,104,46,212,0.0,184,152,215,551,boys,D3,laxmath,,,2 - 12
74.0,Cobleskill ,232,231,213,0.0,235,229,212,676,boys,D3,laxmath,,,1 - 11
75.0,Colby ,40,21,66,0.0,99,98,100,297,boys,D3,laxmath,,,6 - 8
76.0,Colorado College ,56,77,67,0.0,50,101,53,204,boys,D3,laxmath,,,8 - 6
77.0,Concordia-Chicago ,236,220,231,0.0,231,226,232,689,boys,D3,laxmath,,,0 - 12
78.0,Concordia-Wisconsin ,142,193,73,0.0,101,128,71,300,boys,D3,laxmath,,,13 - 6
79.0,Connecticut College ,45,15,85,0.0,112,79,118,309,boys,D3,laxmath,,,5 - 9
80.0,Cornell College ,202,212,158,0.0,182,217,159,558,boys,D3,laxmath,,,6 - 9
81.0,Curry ,129,83,236,0.0,165,87,236,488,boys,D3,laxmath,,,4 - 14
82.0,Dean College ,125,183,51,0.0,96,114,56,266,boys,D3,laxmath,,,13 - 5
83.0,Delaware Valley ,196,154,216,0.0,205,172,216,593,boys,D3,laxmath,,,4 - 12
84.0,Delhi ,168,228,57,0.0,159,220,61,440,boys,D3,laxmath,,,12 - 5
85.0,Denison ,29,49,37,0.0,12,24,41,77,boys,D3,laxmath,,,14 - 6
86.0,DePauw ,147,146,124,0.0,104,100,113,317,boys,D3,laxmath,,,8 - 8
87.0,DeSales ,68,58,78,0.0,73,64,82,219,boys,D3,laxmath,,,11 - 7
88.0,Drew ,123,112,112,0.0,110,133,114,357,boys,D3,laxmath,,,10 - 8
89.0,Dubuque ,134,172,100,0.0,83,73,95,251,boys,D3,laxmath,,,10 - 7
90.0,Earlham ,229,237,150,0.0,226,232,152,610,boys,D3,laxmath,,,7 - 9
91.0,Eastern ,58,43,182,0.0,106,81,181,368,boys,D3,laxmath,,,8 - 11
92.0,Eastern Connecticut ,144,120,198,0.0,164,122,199,485,boys,D3,laxmath,,,6 - 11
93.0,Edgewood ,189,196,199,0.0,178,147,200,525,boys,D3,laxmath,,,6 - 11
94.0,Elizabethtown ,62,68,90,0.0,78,80,89,247,boys,D3,laxmath,,,11 - 7
95.0,Elmhurst ,57,91,35,0.0,17,20,26,63,boys,D3,laxmath,,,13 - 4
96.0,Elms ,203,211,159,0.0,196,204,160,560,boys,D3,laxmath,,,5 - 9
97.0,Emerson ,82,56,142,0.0,141,142,153,436,boys,D3,laxmath,,,7 - 9
98.0,Emmanuel ,146,150,217,0.0,169,108,217,494,boys,D3,laxmath,,,5 - 12
99.0,Farmingdale State ,88,148,21,0.0,80,209,20,309,boys,D3,laxmath,,,16 - 4
100.0,FDU-Florham ,183,113,240,0.0,219,158,240,617,boys,D3,laxmath,,,1 - 15
101.0,Ferrum ,136,102,174,0.0,201,177,174,552,boys,D3,laxmath,,,0 - 9
102.0,Franciscan ,186,224,101,0.0,177,205,96,478,boys,D3,laxmath,,,10 - 7
103.0,Franklin & Marshall ,47,34,160,0.0,90,70,154,314,boys,D3,laxmath,,,7 - 10
104.0,Gordon ,157,99,187,0.0,166,131,182,479,boys,D3,laxmath,,,4 - 10
105.0,Goucher ,140,127,118,0.0,137,161,119,417,boys,D3,laxmath,,,9 - 8
106.0,Greensboro ,187,199,156,0.0,189,223,157,569,boys,D3,laxmath,,,7 - 9
107.0,Guilford ,131,114,151,0.0,108,62,148,318,boys,D3,laxmath,,,8 - 10
108.0,Gwynedd Mercy ,145,163,125,0.0,168,189,125,482,boys,D3,laxmath,,,8 - 8
109.0,Hampden-Sydney ,41,65,48,0.0,46,32,47,125,boys,D3,laxmath,,,12 - 6
110.0,Hanover ,201,225,147,0.0,181,188,149,518,boys,D3,laxmath,,,8 - 9
111.0,Hartford ,92,70,92,0.0,85,119,90,294,boys,D3,laxmath,,,6 - 7
112.0,Hartwick ,113,74,161,0.0,131,123,161,415,boys,D3,laxmath,,,5 - 9
113.0,Haverford ,59,41,134,0.0,100,63,126,289,boys,D3,laxmath,,,7 - 9
114.0,Heidelberg ,223,209,220,0.0,202,218,221,641,boys,D3,laxmath,,,4 - 13
115.0,Hendrix ,149,139,162,0.0,149,134,162,445,boys,D3,laxmath,,,5 - 9
116.0,Hilbert ,221,240,91,0.0,236,239,91,566,boys,D3,laxmath,,,3 - 6
117.0,Hiram ,210,188,202,0.0,185,197,198,580,boys,D3,laxmath,,,5 - 12
118.0,Hood ,124,107,119,0.0,144,170,120,434,boys,D3,laxmath,,,9 - 8
119.0,Hope ,70,98,29,0.0,23,47,21,91,boys,D3,laxmath,,,14 - 4
120.0,Huntingdon ,206,197,204,0.0,203,201,204,608,boys,D3,laxmath,,,4 - 12
121.0,Husson ,205,229,183,0.0,209,215,183,607,boys,D3,laxmath,,,6 - 10
122.0,Illinois Tech ,174,184,126,0.0,115,95,127,337,boys,D3,laxmath,,,8 - 8
123.0,Illinois Wesleyan ,63,86,30,0.0,14,13,27,54,boys,D3,laxmath,,,14 - 4
124.0,Immaculata ,154,167,103,0.0,158,179,102,439,boys,D3,laxmath,,,9 - 7
125.0,Ithaca ,36,22,79,0.0,43,26,79,148,boys,D3,laxmath,,,8 - 8
126.0,John Carroll ,72,111,60,0.0,48,65,54,167,boys,D3,laxmath,,,11 - 5
127.0,Johnson & Wales ,172,189,104,0.0,150,176,103,429,boys,D3,laxmath,,,9 - 7
128.0,Juniata ,199,136,241,0.0,212,162,241,615,boys,D3,laxmath,,,2 - 15
129.0,Kalamazoo ,156,143,136,0.0,130,137,135,402,boys,D3,laxmath,,,5 - 8
130.0,Kean ,51,53,52,0.0,75,57,55,187,boys,D3,laxmath,,,12 - 7
131.0,Keene State ,90,90,152,0.0,119,93,150,362,boys,D3,laxmath,,,6 - 9
132.0,Kenyon ,55,62,71,0.0,24,31,48,103,boys,D3,laxmath,,,13 - 6
133.0,Keuka ,185,151,137,0.0,173,178,136,487,boys,D3,laxmath,,,5 - 8
134.0,Keystone ,207,213,184,0.0,199,211,184,594,boys,D3,laxmath,,,6 - 10
135.0,Kings ,173,126,205,0.0,195,173,205,573,boys,D3,laxmath,,,3 - 11
136.0,La Roche ,240,238,188,0.0,239,238,189,666,boys,D3,laxmath,,,0 - 11
137.0,LaGrange ,181,190,175,0.0,172,222,175,569,boys,D3,laxmath,,,8 - 10
138.0,Lake Forest ,111,175,20,0.0,52,91,15,158,boys,D3,laxmath,,,16 - 3
139.0,Lasell ,112,149,93,0.0,95,109,97,301,boys,D3,laxmath,,,11 - 7
140.0,Lebanon Valley ,121,103,171,0.0,153,141,170,464,boys,D3,laxmath,,,7 - 10
141.0,Lycoming ,167,128,163,0.0,162,151,163,476,boys,D3,laxmath,,,5 - 9
142.0,Maine Maritime ,159,191,61,0.0,126,196,64,386,boys,D3,laxmath,,,11 - 5
143.0,Manhattanville ,153,145,172,0.0,135,94,171,400,boys,D3,laxmath,,,8 - 10
144.0,Marian ,214,221,194,0.0,213,200,196,609,boys,D3,laxmath,,,3 - 10
145.0,Marietta ,169,156,176,0.0,148,153,176,477,boys,D3,laxmath,,,7 - 10
146.0,Maritime ,74,106,77,0.0,94,180,80,354,boys,D3,laxmath,,,11 - 7
147.0,Mary Washington ,50,39,113,0.0,70,50,109,229,boys,D3,laxmath,,,8 - 9
148.0,Marymount ,117,115,166,0.0,120,117,166,403,boys,D3,laxmath,,,9 - 10
149.0,Marywood ,188,165,235,0.0,208,181,235,624,boys,D3,laxmath,,,3 - 13
150.0,Massachusetts Maritime ,109,137,108,0.0,121,148,106,375,boys,D3,laxmath,,,8 - 7
151.0,Massachusetts-Boston ,83,100,44,0.0,88,105,57,250,boys,D3,laxmath,,,13 - 5
152.0,McDaniel ,93,57,143,0.0,124,130,133,387,boys,D3,laxmath,,,6 - 9
153.0,MCLA ,233,232,226,0.0,234,224,227,685,boys,D3,laxmath,,,2 - 12
154.0,Merchant Marine ,99,142,68,0.0,102,138,67,307,boys,D3,laxmath,,,10 - 5
155.0,Messiah ,61,60,74,0.0,79,118,76,273,boys,D3,laxmath,,,12 - 6
156.0,Methodist ,175,195,120,0.0,155,157,121,433,boys,D3,laxmath,,,9 - 8
157.0,Misericordia ,103,94,138,0.0,117,86,137,340,boys,D3,laxmath,,,8 - 9
158.0,MIT ,48,29,127,0.0,111,82,143,336,boys,D3,laxmath,,,6 - 10
159.0,Mitchell ,237,200,232,0.0,229,198,233,660,boys,D3,laxmath,,,0 - 12
160.0,Montclair State ,89,48,153,0.0,127,68,144,339,boys,D3,laxmath,,,4 - 10
161.0,Moravian ,126,117,144,0.0,114,121,145,380,boys,D3,laxmath,,,9 - 9
162.0,Morrisville ,165,176,128,0.0,143,139,128,410,boys,D3,laxmath,,,8 - 8
163.0,Mount St Joseph ,239,235,237,0.0,238,231,237,706,boys,D3,laxmath,,,0 - 13
164.0,Mount St Mary ,184,171,167,0.0,200,212,167,579,boys,D3,laxmath,,,4 - 9
165.0,Mount St Vincent ,194,194,135,0.0,188,203,134,525,boys,D3,laxmath,,,6 - 8
166.0,Mount Union ,170,192,200,0.0,176,155,201,532,boys,D3,laxmath,,,6 - 11
167.0,MSOE ,177,201,129,0.0,167,171,129,467,boys,D3,laxmath,,,8 - 8
168.0,Muskingum ,155,180,121,0.0,125,159,122,406,boys,D3,laxmath,,,9 - 8
169.0,Nazareth ,35,44,62,0.0,38,45,62,145,boys,D3,laxmath,,,12 - 7
170.0,Neumann ,160,162,145,0.0,174,165,146,485,boys,D3,laxmath,,,9 - 9
171.0,New England College ,180,169,206,0.0,192,190,206,588,boys,D3,laxmath,,,4 - 11
172.0,New Paltz ,133,101,189,0.0,136,113,190,439,boys,D3,laxmath,,,5 - 10
173.0,Nichols ,101,72,157,0.0,123,77,164,364,boys,D3,laxmath,,,8 - 10
174.0,North Central ,98,133,42,0.0,44,89,33,166,boys,D3,laxmath,,,11 - 4
175.0,Northland ,219,215,173,0.0,197,214,172,583,boys,D3,laxmath,,,3 - 10
176.0,Northwestern ,192,202,87,0.0,146,195,87,428,boys,D3,laxmath,,,6 - 6
177.0,Norwich ,150,174,94,0.0,142,163,98,403,boys,D3,laxmath,,,11 - 7
178.0,Oberlin ,95,92,81,0.0,47,66,77,190,boys,D3,laxmath,,,10 - 6
179.0,Oglethorpe ,195,164,168,0.0,175,193,168,536,boys,D3,laxmath,,,5 - 10
180.0,Ohio Northern ,80,131,75,0.0,72,102,78,252,boys,D3,laxmath,,,13 - 6
181.0,Ohio Wesleyan ,38,66,49,0.0,22,44,42,108,boys,D3,laxmath,,,11 - 5
182.0,Oneonta ,85,59,122,0.0,109,116,130,355,boys,D3,laxmath,,,7 - 8
183.0,Oswego ,71,67,82,0.0,84,112,85,281,boys,D3,laxmath,,,10 - 6
184.0,Otterbein ,141,152,130,0.0,129,145,131,405,boys,D3,laxmath,,,8 - 8
185.0,Penn College ,161,181,139,0.0,170,185,138,493,boys,D3,laxmath,,,10 - 9
186.0,Pfeiffer ,96,144,69,0.0,54,52,68,174,boys,D3,laxmath,,,13 - 6
187.0,Piedmont ,105,185,26,0.0,65,129,28,222,boys,D3,laxmath,,,15 - 3
188.0,Plattsburgh ,164,97,221,0.0,171,146,222,539,boys,D3,laxmath,,,4 - 12
189.0,Plymouth State ,77,116,38,0.0,64,71,36,171,boys,D3,laxmath,,,15 - 5
190.0,Potsdam ,60,80,72,0.0,81,99,73,253,boys,D3,laxmath,,,10 - 6
191.0,Purchase ,225,207,224,0.0,215,175,225,615,boys,D3,laxmath,,,3 - 12
192.0,Randolph ,218,178,191,0.0,198,182,191,571,boys,D3,laxmath,,,5 - 11
193.0,Regis ,197,210,111,0.0,190,216,110,516,boys,D3,laxmath,,,6 - 7
194.0,Rhodes ,69,81,88,0.0,66,60,88,214,boys,D3,laxmath,,,9 - 7
195.0,Rivier ,114,159,95,0.0,118,120,99,337,boys,D3,laxmath,,,11 - 7
196.0,Roger Williams ,66,73,63,0.0,82,90,69,241,boys,D3,laxmath,,,13 - 6
197.0,Rosemont ,230,214,201,0.0,232,233,202,667,boys,D3,laxmath,,,1 - 11
198.0,Sage ,152,122,185,0.0,160,124,185,469,boys,D3,laxmath,,,6 - 10
199.0,Salem State ,209,187,207,0.0,211,208,207,626,boys,D3,laxmath,,,4 - 11
200.0,Salve Regina ,79,45,169,0.0,152,135,192,479,boys,D3,laxmath,,,4 - 10
201.0,Scranton ,52,55,83,0.0,39,37,74,150,boys,D3,laxmath,,,14 - 8
202.0,Sewanee ,84,93,45,0.0,31,74,44,149,boys,D3,laxmath,,,10 - 4
203.0,Shenandoah ,86,95,80,0.0,86,78,81,245,boys,D3,laxmath,,,12 - 7
204.0,Skidmore ,39,24,59,0.0,42,42,58,142,boys,D3,laxmath,,,9 - 7
205.0,Southern Maine ,182,157,218,0.0,183,126,218,527,boys,D3,laxmath,,,5 - 12
206.0,Southern Virginia ,139,124,195,0.0,113,61,195,369,boys,D3,laxmath,,,8 - 11
207.0,Southwestern ,132,63,227,0.0,151,72,219,442,boys,D3,laxmath,,,2 - 12
208.0,Spalding ,238,234,228,0.0,233,219,228,680,boys,D3,laxmath,,,2 - 12
209.0,Springfield ,44,20,105,0.0,92,33,139,264,boys,D3,laxmath,,,7 - 10
210.0,St Joseph ,130,177,24,0.0,77,84,23,184,boys,D3,laxmath,,,17 - 4
211.0,St Josephs ,215,173,214,0.0,204,169,213,586,boys,D3,laxmath,,,1 - 11
212.0,St Josephs ,137,147,114,0.0,116,132,115,363,boys,D3,laxmath,,,10 - 8
213.0,St Marys ,53,109,50,0.0,58,22,49,129,boys,D3,laxmath,,,14 - 7
214.0,St Vincent ,127,138,148,0.0,107,92,147,346,boys,D3,laxmath,,,8 - 9
215.0,Stockton ,46,33,64,0.0,40,40,65,145,boys,D3,laxmath,,,11 - 8
216.0,SUNY Poly ,179,204,102,0.0,138,156,101,395,boys,D3,laxmath,,,10 - 7
217.0,Susquehanna ,67,104,39,0.0,68,136,38,242,boys,D3,laxmath,,,14 - 4
218.0,Thiel ,224,205,209,0.0,214,194,208,616,boys,D3,laxmath,,,3 - 11
219.0,Thomas ,217,223,154,0.0,223,225,155,603,boys,D3,laxmath,,,2 - 9
220.0,Transylvania ,100,179,96,0.0,93,85,92,270,boys,D3,laxmath,,,11 - 7
221.0,Trine ,162,186,186,0.0,180,154,186,520,boys,D3,laxmath,,,6 - 10
222.0,U of New England ,143,88,233,0.0,163,97,231,491,boys,D3,laxmath,,,4 - 13
223.0,Ursinus ,43,25,123,0.0,71,39,111,221,boys,D3,laxmath,,,7 - 9
224.0,Utica ,158,105,177,0.0,156,164,187,507,boys,D3,laxmath,,,6 - 10
225.0,Vassar ,42,30,40,0.0,32,49,34,115,boys,D3,laxmath,,,9 - 6
226.0,Virginia Wesleyan ,176,129,196,0.0,157,115,197,469,boys,D3,laxmath,,,6 - 11
227.0,Wabash ,166,168,131,0.0,122,140,116,378,boys,D3,laxmath,,,8 - 8
228.0,Warren Wilson ,241,239,164,0.0,240,240,165,645,boys,D3,laxmath,,,0 - 10
229.0,Washington & Jefferson ,213,203,210,0.0,216,202,209,627,boys,D3,laxmath,,,3 - 11
230.0,Washington College ,49,18,165,0.0,91,48,151,290,boys,D3,laxmath,,,6 - 11
231.0,Wentworth ,81,82,46,0.0,61,174,45,280,boys,D3,laxmath,,,13 - 6
232.0,Western Connecticut ,64,96,53,0.0,63,107,59,229,boys,D3,laxmath,,,13 - 5
233.0,Western New England ,37,42,54,0.0,49,23,63,135,boys,D3,laxmath,,,11 - 7
234.0,Westminster ,151,170,115,0.0,132,150,107,389,boys,D3,laxmath,,,10 - 8
235.0,Wheaton ,91,75,109,0.0,134,143,123,400,boys,D3,laxmath,,,9 - 8
236.0,Widener ,108,54,215,0.0,161,111,214,486,boys,D3,laxmath,,,4 - 12
237.0,Wilkes ,178,132,222,0.0,193,166,223,582,boys,D3,laxmath,,,4 - 12
238.0,William Peace ,212,219,211,0.0,221,207,211,639,boys,D3,laxmath,,,3 - 11
239.0,Wilmington ,234,230,234,0.0,227,199,234,660,boys,D3,laxmath,,,4 - 13
240.0,Wittenberg ,94,110,76,0.0,67,110,70,247,boys,D3,laxmath,,,8 - 5
241.0,Wooster ,75,89,97,0.0,53,67,86,206,boys,D3,laxmath,,,11 - 7
