index,team,record,rpi,projections,1st,2nd,3rd,sos,vs_1-5,vs_6-10,vs_11-20,vs_21+,gender,division,web_source
1,RIT,13-1,0.7357,,0.9286,0.6973,0.6198,22,33 - 3,10 - 4,10 - 1,94 - 3,boys,D3,lacrossereference
2,Salisbury,14-0,0.7085,,1.0,0.6046,0.6248,38,1 - 1,18 - 2,8 - 3,125 - 11,boys,D3,lacrossereference
3,St. Lawrence,12-1,0.7055,,0.9231,0.6292,0.6402,1,10 - 21,10 - 0,2 - 1,72 - 11,boys,D3,lacrossereference
4,RPI,13-0,0.7024,,1.0,0.5848,0.64,7,8 - 17,7 - 1,6 - 1,55 - 17,boys,D3,lacrossereference
5,Union,9-3,0.6917,,0.75,0.6979,0.6212,1,12 - 22,7 - 3,16 - 1,55 - 11,boys,D3,lacrossereference
6,Christopher Newport,9-4,0.6859,,0.6923,0.7191,0.6132,15,2 - 17,2 - 1,16 - 3,86 - 16,boys,D3,lacrossereference
7,Tufts,10-2,0.6847,,0.8333,0.6405,0.6247,20,5 - 5,1 - 0,17 - 6,93 - 5,boys,D3,lacrossereference
8,Dickinson,11-2,0.6845,,0.8462,0.6469,0.5981,52,1 - 1,7 - 3,6 - 1,86 - 30,boys,D3,lacrossereference
9,Swarthmore,11-1,0.6697,,0.9167,0.5778,0.6066,63,0 - 0,7 - 9,1 - 1,62 - 30,boys,D3,lacrossereference
10,Vassar,9-4,0.6552,,0.6923,0.674,0.5803,10,2 - 29,2 - 6,0 - 3,40 - 27,boys,D3,lacrossereference
11,Babson,11-2,0.6488,,0.8462,0.591,0.567,28,0 - 14,1 - 2,3 - 6,65 - 24,boys,D3,lacrossereference
12,Bowdoin,10-2,0.6473,,0.8333,0.5812,0.5935,44,1 - 2,1 - 6,12 - 6,48 - 24,boys,D3,lacrossereference
13,Wesleyan,9-3,0.6466,,0.75,0.6199,0.5966,30,4 - 3,7 - 6,4 - 2,67 - 21,boys,D3,lacrossereference
14,Ohio Wesleyan,8-3,0.6455,,0.7273,0.6353,0.5843,8,2 - 9,0 - 1,2 - 2,78 - 24,boys,D3,lacrossereference
15,Washington and Lee,11-3,0.6448,,0.7857,0.5959,0.6019,40,0 - 2,2 - 6,8 - 2,80 - 35,boys,D3,lacrossereference
16,Roanoke,12-2,0.644,,0.8571,0.5691,0.5809,38,0 - 3,2 - 11,4 - 7,73 - 23,boys,D3,lacrossereference
17,Hope,9-3,0.6434,,0.75,0.6338,0.5559,122,0 - 0,0 - 1,3 - 3,87 - 28,boys,D3,lacrossereference
18,Endicott,12-1,0.6418,,0.9231,0.5398,0.5646,44,0 - 7,0 - 4,3 - 7,91 - 30,boys,D3,lacrossereference
19,Grove City,10-4,0.6331,,0.7143,0.6281,0.562,66,0 - 2,1 - 3,1 - 3,50 - 21,boys,D3,lacrossereference
20,Elmhurst,10-2,0.6325,,0.8333,0.5646,0.5673,112,0 - 0,0 - 0,3 - 5,73 - 42,boys,D3,lacrossereference
21,Cortland,8-3,0.632,,0.7273,0.603,0.5947,1,1 - 16,0 - 1,3 - 1,83 - 16,boys,D3,lacrossereference
22,Geneseo,8-5,0.6307,,0.6154,0.6705,0.5663,13,0 - 15,0 - 0,0 - 0,56 - 31,boys,D3,lacrossereference
23,Gettysburg,8-5,0.6296,,0.6154,0.6514,0.6004,19,3 - 7,11 - 11,7 - 2,88 - 16,boys,D3,lacrossereference
24,Hampden-Sydney,11-4,0.627,,0.7333,0.6113,0.552,37,0 - 3,2 - 7,8 - 10,79 - 23,boys,D3,lacrossereference
25,Stevens,11-2,0.6262,,0.8462,0.5527,0.5533,34,0 - 4,2 - 13,6 - 3,101 - 17,boys,D3,lacrossereference
26,Williams,6-6,0.625,,0.5,0.6968,0.6064,28,9 - 6,2 - 10,9 - 9,46 - 20,boys,D3,lacrossereference
27,Lynchburg,8-5,0.6237,,0.6154,0.6511,0.5771,15,3 - 10,2 - 9,15 - 7,84 - 17,boys,D3,lacrossereference
28,Skidmore,9-5,0.6229,,0.6429,0.6338,0.5811,10,1 - 28,4 - 4,1 - 8,43 - 23,boys,D3,lacrossereference
29,Middlebury,7-6,0.6193,,0.5385,0.67,0.5989,21,7 - 10,2 - 7,13 - 9,46 - 13,boys,D3,lacrossereference
30,Stockton,10-5,0.6146,,0.6667,0.6143,0.5631,47,0 - 4,2 - 4,0 - 1,107 - 24,boys,D3,lacrossereference
31,Randolph-Macon,11-3,0.6125,,0.7857,0.5583,0.5476,62,0 - 1,0 - 6,1 - 12,68 - 33,boys,D3,lacrossereference
32,York,6-7,0.6111,,0.4615,0.6971,0.5886,8,2 - 17,5 - 4,7 - 3,104 - 14,boys,D3,lacrossereference
33,North Central (IL),9-2,0.6073,,0.8182,0.5474,0.5163,118,0 - 0,0 - 0,3 - 5,63 - 33,boys,D3,lacrossereference
34,Denison,9-5,0.607,,0.6429,0.6038,0.5777,56,0 - 3,1 - 3,15 - 9,86 - 11,boys,D3,lacrossereference
35,Amherst,8-4,0.6065,,0.6667,0.5749,0.6095,34,1 - 3,4 - 7,13 - 7,67 - 15,boys,D3,lacrossereference
36,Illinois Wesleyan,9-3,0.6063,,0.75,0.5534,0.5682,67,0 - 2,0 - 3,17 - 4,90 - 23,boys,D3,lacrossereference
37,Stevenson,8-5,0.6056,,0.6154,0.6065,0.5939,13,1 - 9,2 - 11,3 - 0,91 - 29,boys,D3,lacrossereference
38,Cabrini,11-3,0.6052,,0.7857,0.5539,0.5275,17,2 - 9,4 - 4,6 - 1,108 - 15,boys,D3,lacrossereference
39,Sewanee,10-4,0.6042,,0.7143,0.5851,0.5325,86,0 - 0,0 - 2,1 - 6,53 - 35,boys,D3,lacrossereference
40,Centre,12-3,0.6029,,0.8,0.5413,0.5291,123,0 - 0,0 - 0,2 - 4,65 - 31,boys,D3,lacrossereference
41,Kenyon,8-5,0.601,,0.6154,0.6064,0.5756,75,0 - 1,0 - 1,4 - 10,71 - 23,boys,D3,lacrossereference
42,Muhlenberg,7-7,0.5974,,0.5,0.6475,0.5946,42,0 - 5,5 - 11,0 - 0,57 - 42,boys,D3,lacrossereference
43,Nazareth,7-5,0.5949,,0.5833,0.6066,0.5833,5,1 - 16,1 - 0,0 - 3,62 - 49,boys,D3,lacrossereference
44,Wooster,10-3,0.5948,,0.7692,0.5404,0.5293,104,0 - 0,0 - 0,0 - 8,63 - 46,boys,D3,lacrossereference
45,Ithaca,6-7,0.5912,,0.4615,0.6462,0.6109,5,6 - 24,5 - 3,1 - 1,62 - 18,boys,D3,lacrossereference
46,Trinity,8-4,0.5892,,0.6667,0.5503,0.5894,60,0 - 0,0 - 7,6 - 12,41 - 35,boys,D3,lacrossereference
47,Alfred,9-2,0.5874,,0.8182,0.5072,0.5171,125,0 - 0,0 - 0,0 - 0,62 - 60,boys,D3,lacrossereference
48,Oberlin,8-5,0.5871,,0.6154,0.5891,0.5547,88,0 - 0,0 - 0,2 - 11,47 - 36,boys,D3,lacrossereference
49,Western Connecticut,8-4,0.5858,,0.6667,0.5874,0.502,145,0 - 1,0 - 1,0 - 1,73 - 48,boys,D3,lacrossereference
50,Calvin,9-3,0.5853,,0.75,0.522,0.5473,97,0 - 0,0 - 0,0 - 13,49 - 57,boys,D3,lacrossereference
51,Western New England,7-6,0.5832,,0.5385,0.6258,0.5428,30,0 - 8,0 - 2,8 - 14,90 - 29,boys,D3,lacrossereference
52,Colorado College,6-4,0.5781,,0.6,0.5855,0.5415,34,0 - 5,3 - 2,3 - 6,51 - 23,boys,D3,lacrossereference
53,Lake Forest,12-1,0.5769,,0.9231,0.4444,0.4956,188,0 - 0,0 - 0,1 - 2,30 - 11,boys,D3,lacrossereference
54,Ursinus,7-6,0.576,,0.5385,0.594,0.5776,40,0 - 3,9 - 9,0 - 0,62 - 34,boys,D3,lacrossereference
55,John Carroll,6-4,0.5753,,0.6,0.5887,0.5237,70,0 - 3,0 - 1,6 - 5,86 - 24,boys,D3,lacrossereference
56,Franklin & Marshall,6-8,0.5742,,0.4286,0.6438,0.5805,58,0 - 0,9 - 9,5 - 4,70 - 30,boys,D3,lacrossereference
57,Messiah,10-3,0.5737,,0.7692,0.4906,0.5442,97,0 - 0,0 - 1,4 - 3,68 - 52,boys,D3,lacrossereference
58,Mary Washington,7-6,0.5718,,0.5385,0.595,0.5586,17,0 - 10,1 - 9,1 - 10,46 - 45,boys,D3,lacrossereference
59,Saint John Fisher,7-6,0.567,,0.5385,0.5686,0.5924,10,1 - 15,0 - 3,0 - 0,84 - 31,boys,D3,lacrossereference
60,Aurora,8-5,0.5665,,0.6154,0.5727,0.5051,106,0 - 0,0 - 0,6 - 7,89 - 31,boys,D3,lacrossereference
61,Roger Williams,11-4,0.5656,,0.7333,0.5056,0.518,73,0 - 0,0 - 1,1 - 20,77 - 36,boys,D3,lacrossereference
62,Clarkson,6-7,0.5651,,0.4615,0.6007,0.5975,1,6 - 29,5 - 2,0 - 1,49 - 24,boys,D3,lacrossereference
63,Susquehanna,12-2,0.5648,,0.8571,0.4467,0.5085,131,0 - 1,0 - 2,0 - 1,80 - 55,boys,D3,lacrossereference
64,Berry,7-7,0.5641,,0.5,0.6052,0.546,77,0 - 4,0 - 2,0 - 0,50 - 35,boys,D3,lacrossereference
65,Piedmont,11-2,0.5622,,0.8462,0.4525,0.4978,175,0 - 0,0 - 0,0 - 0,51 - 42,boys,D3,lacrossereference
66,Wittenberg,5-4,0.5621,,0.5556,0.5719,0.549,82,0 - 0,0 - 0,0 - 11,46 - 44,boys,D3,lacrossereference
67,Saint Mary's (MD),10-3,0.5621,,0.7692,0.4878,0.5036,23,0 - 7,0 - 13,0 - 0,59 - 41,boys,D3,lacrossereference
68,Birmingham-Southern,9-4,0.5615,,0.6923,0.5098,0.5342,148,0 - 0,0 - 0,0 - 2,60 - 40,boys,D3,lacrossereference
69,Ohio Northern,10-4,0.5592,,0.7143,0.4969,0.5287,121,0 - 1,0 - 0,1 - 2,69 - 33,boys,D3,lacrossereference
70,Shenandoah,8-5,0.5589,,0.6154,0.5547,0.5107,88,0 - 0,0 - 0,0 - 16,50 - 47,boys,D3,lacrossereference
71,Hamilton,6-6,0.5558,,0.5,0.5619,0.5994,51,1 - 1,1 - 7,1 - 14,36 - 35,boys,D3,lacrossereference
72,Wentworth,10-3,0.5554,,0.7692,0.4685,0.5153,126,0 - 0,0 - 0,0 - 8,55 - 59,boys,D3,lacrossereference
73,Elizabethtown,7-5,0.5553,,0.5833,0.5437,0.5505,58,0 - 0,3 - 7,1 - 0,82 - 40,boys,D3,lacrossereference
74,Catholic,7-7,0.5544,,0.5,0.5898,0.5381,56,0 - 3,1 - 3,1 - 2,76 - 44,boys,D3,lacrossereference
75,Rhodes,9-7,0.5518,,0.5625,0.5529,0.5388,97,0 - 2,0 - 1,1 - 2,63 - 41,boys,D3,lacrossereference
76,Hartford,4-5,0.5516,,0.4444,0.6253,0.5113,225,0 - 0,0 - 1,0 - 1,10 - 3,boys,D3,lacrossereference
77,UMass-Boston,10-4,0.5511,,0.7143,0.4808,0.5285,113,0 - 1,0 - 1,0 - 4,71 - 47,boys,D3,lacrossereference
78,Oswego,8-3,0.5506,,0.7273,0.4681,0.5391,111,0 - 1,0 - 0,0 - 0,44 - 37,boys,D3,lacrossereference
79,Arcadia,8-5,0.5504,,0.6154,0.5225,0.5412,97,0 - 0,0 - 5,0 - 0,65 - 63,boys,D3,lacrossereference
80,Scranton,7-7,0.5473,,0.5,0.5647,0.5599,63,0 - 6,0 - 1,1 - 0,76 - 49,boys,D3,lacrossereference
81,Potsdam,6-5,0.5445,,0.5455,0.5606,0.5115,49,0 - 8,0 - 0,0 - 0,44 - 43,boys,D3,lacrossereference
82,Farmingdale,11-1,0.5442,,0.9167,0.3826,0.495,178,0 - 0,0 - 0,0 - 0,81 - 29,boys,D3,lacrossereference
83,Pfeiffer,6-6,0.5423,,0.5,0.5751,0.519,177,0 - 0,0 - 0,0 - 1,46 - 21,boys,D3,lacrossereference
84,Haverford,7-6,0.5423,,0.5385,0.5419,0.5468,63,0 - 0,3 - 9,0 - 0,39 - 58,boys,D3,lacrossereference
85,Carthage,6-7,0.5389,,0.4615,0.5883,0.5173,101,0 - 0,0 - 0,11 - 8,87 - 34,boys,D3,lacrossereference
86,Plymouth State,9-4,0.5378,,0.6923,0.4819,0.4951,187,0 - 0,0 - 0,0 - 0,65 - 56,boys,D3,lacrossereference
87,Kean,8-6,0.5376,,0.5714,0.518,0.5429,95,0 - 2,0 - 3,0 - 0,75 - 42,boys,D3,lacrossereference
88,SUNY Maritime,7-4,0.5372,,0.6364,0.501,0.5102,91,0 - 1,1 - 1,0 - 2,56 - 39,boys,D3,lacrossereference
89,Baldwin Wallace,6-6,0.5365,,0.5,0.5604,0.5253,124,0 - 0,0 - 0,4 - 1,84 - 28,boys,D3,lacrossereference
90,DeSales,7-5,0.5363,,0.5833,0.5085,0.5448,115,0 - 2,0 - 0,0 - 0,69 - 49,boys,D3,lacrossereference
91,Adrian,4-6,0.5362,,0.4,0.6118,0.5214,94,0 - 0,0 - 0,1 - 12,47 - 56,boys,D3,lacrossereference
92,Concordia WI,9-4,0.535,,0.6923,0.4839,0.4799,134,0 - 0,0 - 0,1 - 4,75 - 44,boys,D3,lacrossereference
93,Saint Vincent,4-8,0.5335,,0.3333,0.6421,0.5165,110,0 - 0,0 - 0,2 - 7,59 - 24,boys,D3,lacrossereference
94,Colby,5-7,0.5323,,0.4167,0.5751,0.5623,55,0 - 0,0 - 9,4 - 9,36 - 34,boys,D3,lacrossereference
95,Connecticut College,4-6,0.5275,,0.4,0.5584,0.5933,53,0 - 1,0 - 8,4 - 12,35 - 35,boys,D3,lacrossereference
96,DePauw,7-6,0.5235,,0.5385,0.5373,0.481,81,0 - 1,0 - 0,2 - 10,41 - 53,boys,D3,lacrossereference
97,Washington,3-10,0.5232,,0.2308,0.6366,0.5888,23,0 - 7,3 - 15,1 - 8,39 - 44,boys,D3,lacrossereference
98,Guilford,6-8,0.5225,,0.4286,0.5862,0.489,83,0 - 0,0 - 1,0 - 14,46 - 41,boys,D3,lacrossereference
99,Misericordia,6-7,0.5224,,0.4615,0.5724,0.4833,115,0 - 1,0 - 1,0 - 0,87 - 45,boys,D3,lacrossereference
100,Eastern,4-9,0.5182,,0.3077,0.5977,0.5698,54,0 - 1,2 - 7,0 - 1,81 - 52,boys,D3,lacrossereference
101,St. Joseph (CT),10-3,0.5176,,0.7692,0.4245,0.4522,229,0 - 0,0 - 0,0 - 0,33 - 31,boys,D3,lacrossereference
102,Dubuque,7-5,0.5174,,0.5833,0.4853,0.5159,129,0 - 0,0 - 0,0 - 6,48 - 60,boys,D3,lacrossereference
103,Moravian,8-6,0.5171,,0.5714,0.5115,0.4741,191,0 - 0,0 - 0,0 - 0,50 - 51,boys,D3,lacrossereference
104,Illinois Tech,6-5,0.5158,,0.5455,0.5194,0.4791,178,0 - 0,0 - 0,0 - 3,24 - 25,boys,D3,lacrossereference
105,Springfield,4-8,0.5154,,0.3333,0.574,0.5803,33,1 - 8,0 - 3,8 - 10,46 - 39,boys,D3,lacrossereference
106,Allegheny,7-5,0.5147,,0.5833,0.4928,0.4897,150,0 - 0,0 - 0,0 - 3,21 - 33,boys,D3,lacrossereference
107,MIT,4-8,0.5126,,0.3333,0.5808,0.5552,48,1 - 5,0 - 0,4 - 7,64 - 22,boys,D3,lacrossereference
108,Albion,5-9,0.5123,,0.3571,0.5772,0.5375,85,0 - 1,0 - 0,8 - 15,83 - 34,boys,D3,lacrossereference
109,Transylvania,8-6,0.5118,,0.5714,0.4884,0.4989,114,0 - 0,0 - 0,5 - 2,85 - 47,boys,D3,lacrossereference
110,Lasell,8-5,0.5099,,0.6154,0.4717,0.4807,153,0 - 0,0 - 2,0 - 0,84 - 42,boys,D3,lacrossereference
111,Wabash,8-4,0.5076,,0.6667,0.4454,0.4731,84,0 - 0,0 - 0,0 - 10,34 - 59,boys,D3,lacrossereference
112,Dean,8-4,0.507,,0.6667,0.466,0.4292,224,0 - 0,0 - 0,0 - 0,48 - 26,boys,D3,lacrossereference
113,Keene State,5-5,0.5069,,0.5,0.5018,0.5239,42,2 - 3,1 - 7,2 - 2,69 - 28,boys,D3,lacrossereference
114,Oneonta,6-5,0.5065,,0.5455,0.4619,0.5566,74,0 - 4,0 - 2,0 - 0,31 - 49,boys,D3,lacrossereference
115,Saint Joseph's (ME),7-7,0.5028,,0.5,0.531,0.449,218,0 - 0,0 - 0,0 - 0,60 - 61,boys,D3,lacrossereference
116,Nichols,8-6,0.5021,,0.5714,0.4535,0.5299,93,0 - 0,0 - 1,0 - 12,60 - 55,boys,D3,lacrossereference
117,Southern Virginia,5-9,0.5018,,0.3571,0.5799,0.4904,23,0 - 7,0 - 9,1 - 5,58 - 49,boys,D3,lacrossereference
118,Wheaton,8-5,0.5007,,0.6154,0.4387,0.5098,70,0 - 0,0 - 2,0 - 8,51 - 39,boys,D3,lacrossereference
119,Salve Regina,4-7,0.4997,,0.3636,0.5568,0.5215,86,0 - 0,0 - 1,0 - 12,59 - 43,boys,D3,lacrossereference
120,Bates,3-10,0.4992,,0.2308,0.597,0.5721,30,0 - 5,1 - 5,9 - 11,35 - 34,boys,D3,lacrossereference
121,Muskingum,7-7,0.4982,,0.5,0.5256,0.4418,195,0 - 0,0 - 0,0 - 0,40 - 67,boys,D3,lacrossereference
122,Emerson,6-8,0.4981,,0.4286,0.5091,0.5455,69,0 - 1,0 - 3,0 - 9,33 - 50,boys,D3,lacrossereference
123,US Merchant Marine,7-4,0.498,,0.6364,0.4252,0.5052,141,0 - 1,0 - 2,0 - 0,55 - 37,boys,D3,lacrossereference
124,Mass Maritime,8-7,0.4959,,0.5333,0.4968,0.4564,186,0 - 0,0 - 0,0 - 3,46 - 49,boys,D3,lacrossereference
125,Drew,7-7,0.4896,,0.5,0.4959,0.4668,78,0 - 0,0 - 8,0 - 0,37 - 67,boys,D3,lacrossereference
126,McDaniel,7-7,0.4881,,0.5,0.4656,0.5214,60,0 - 0,2 - 12,0 - 1,38 - 64,boys,D3,lacrossereference
127,Virginia Wesleyan,5-8,0.4867,,0.3846,0.5421,0.4779,72,0 - 0,0 - 4,1 - 11,39 - 50,boys,D3,lacrossereference
128,Otterbein,6-6,0.4845,,0.5,0.463,0.512,149,0 - 0,0 - 0,0 - 3,66 - 50,boys,D3,lacrossereference
129,Marymount,5-9,0.4838,,0.3571,0.5478,0.4823,75,0 - 3,0 - 3,1 - 1,41 - 71,boys,D3,lacrossereference
130,Chatham,7-6,0.4827,,0.5385,0.4585,0.4754,138,0 - 0,0 - 0,0 - 6,34 - 35,boys,D3,lacrossereference
131,Gordon,4-8,0.4822,,0.3333,0.5477,0.4999,117,0 - 0,0 - 0,0 - 8,26 - 65,boys,D3,lacrossereference
132,Marietta,7-6,0.4813,,0.5385,0.4587,0.4694,203,0 - 0,0 - 0,0 - 0,29 - 51,boys,D3,lacrossereference
133,Johnson & Wales (RI),8-4,0.4809,,0.6667,0.407,0.4429,217,0 - 0,0 - 0,0 - 0,66 - 63,boys,D3,lacrossereference
134,Westminster (PA),8-5,0.4807,,0.6154,0.4128,0.4817,132,0 - 0,0 - 0,0 - 7,46 - 32,boys,D3,lacrossereference
135,Lebanon Valley,6-7,0.4801,,0.4615,0.4886,0.4816,153,0 - 0,0 - 0,0 - 0,59 - 67,boys,D3,lacrossereference
136,Bridgewater,4-10,0.48,,0.2857,0.5538,0.5268,80,0 - 1,0 - 1,1 - 15,45 - 41,boys,D3,lacrossereference
137,Goucher,8-6,0.4795,,0.5714,0.4428,0.461,133,0 - 0,0 - 0,0 - 0,44 - 66,boys,D3,lacrossereference
138,Capital,5-8,0.4792,,0.3846,0.5117,0.5087,158,0 - 0,0 - 0,2 - 0,73 - 42,boys,D3,lacrossereference
139,SUNY New Paltz,4-7,0.4782,,0.3636,0.547,0.4552,180,0 - 0,0 - 0,0 - 0,16 - 33,boys,D3,lacrossereference
140,Montclair State,4-7,0.4774,,0.3636,0.4982,0.5498,26,1 - 10,6 - 6,0 - 3,73 - 34,boys,D3,lacrossereference
141,Kalamazoo,4-6,0.4769,,0.4,0.4994,0.5087,130,0 - 0,0 - 0,0 - 7,27 - 54,boys,D3,lacrossereference
142,Norwich,9-5,0.4761,,0.6429,0.3995,0.4624,210,0 - 0,0 - 1,0 - 0,87 - 47,boys,D3,lacrossereference
143,Morrisville,4-7,0.4755,,0.3636,0.5466,0.4451,103,0 - 2,0 - 0,0 - 0,47 - 38,boys,D3,lacrossereference
144,Keuka,5-4,0.4733,,0.5556,0.4478,0.4421,182,0 - 0,0 - 0,0 - 0,26 - 40,boys,D3,lacrossereference
145,Plattsburgh,4-8,0.4731,,0.3333,0.5553,0.4485,26,1 - 13,0 - 1,0 - 0,38 - 48,boys,D3,lacrossereference
146,Brockport,3-9,0.4728,,0.25,0.5629,0.5155,109,0 - 1,0 - 0,0 - 0,36 - 47,boys,D3,lacrossereference
147,Northwestern St. Paul,3-4,0.4723,,0.4286,0.5056,0.4493,192,0 - 0,0 - 0,0 - 2,21 - 42,boys,D3,lacrossereference
148,Widener,4-8,0.4699,,0.3333,0.5258,0.4947,49,0 - 3,2 - 9,0 - 0,62 - 57,boys,D3,lacrossereference
149,Benedictine,4-8,0.465,,0.3333,0.508,0.5107,106,0 - 0,0 - 0,1 - 9,62 - 47,boys,D3,lacrossereference
150,Hood,6-7,0.464,,0.4615,0.4565,0.4814,159,0 - 0,0 - 0,0 - 0,58 - 62,boys,D3,lacrossereference
151,Sage,5-7,0.4632,,0.4167,0.4686,0.499,173,0 - 0,0 - 0,0 - 0,18 - 44,boys,D3,lacrossereference
152,MSOE,6-6,0.4611,,0.5,0.4324,0.4795,136,0 - 0,0 - 0,0 - 4,54 - 54,boys,D3,lacrossereference
153,Rivier,7-6,0.4608,,0.5385,0.4222,0.4603,227,0 - 0,0 - 0,0 - 0,67 - 45,boys,D3,lacrossereference
154,Eastern Connecticut,4-9,0.4597,,0.3077,0.536,0.4592,162,0 - 0,0 - 0,0 - 2,53 - 63,boys,D3,lacrossereference
155,Augustana,2-7,0.4552,,0.2222,0.5604,0.4776,106,0 - 0,0 - 0,1 - 10,54 - 55,boys,D3,lacrossereference
156,Maine Maritime,6-3,0.4548,,0.6667,0.3383,0.476,228,0 - 0,0 - 0,0 - 0,35 - 42,boys,D3,lacrossereference
157,Manhattanville,6-7,0.4545,,0.4615,0.4454,0.4658,205,0 - 0,0 - 1,0 - 0,43 - 68,boys,D3,lacrossereference
158,Southwestern,2-12,0.4529,,0.1429,0.572,0.525,128,0 - 0,0 - 2,0 - 4,47 - 41,boys,D3,lacrossereference
159,Hartwick,3-7,0.4526,,0.3,0.5134,0.4837,146,0 - 0,0 - 0,0 - 0,36 - 47,boys,D3,lacrossereference
160,LaGrange,5-8,0.4524,,0.3846,0.4791,0.4668,207,0 - 0,0 - 0,0 - 0,19 - 35,boys,D3,lacrossereference
161,Clark,4-8,0.4517,,0.3333,0.4818,0.51,67,0 - 2,0 - 0,3 - 7,46 - 48,boys,D3,lacrossereference
162,Hendrix,5-9,0.4511,,0.3571,0.471,0.505,162,0 - 0,0 - 0,1 - 0,31 - 54,boys,D3,lacrossereference
163,SUNY Delhi,9-3,0.4494,,0.75,0.309,0.4294,233,0 - 0,0 - 0,0 - 0,34 - 31,boys,D3,lacrossereference
164,Lycoming,3-7,0.446,,0.3,0.4981,0.488,139,0 - 0,0 - 0,0 - 0,47 - 78,boys,D3,lacrossereference
165,Immaculata,7-5,0.4437,,0.5833,0.3751,0.4415,166,0 - 0,0 - 0,0 - 0,37 - 76,boys,D3,lacrossereference
166,University of New England,3-12,0.4404,,0.2,0.5409,0.4797,95,0 - 0,0 - 0,0 - 10,58 - 63,boys,D3,lacrossereference
167,Emmanuel (MA),5-9,0.4403,,0.3571,0.4761,0.4517,185,0 - 0,0 - 2,0 - 0,52 - 69,boys,D3,lacrossereference
168,Penn College,7-7,0.4402,,0.5,0.4119,0.4372,209,0 - 0,0 - 0,0 - 0,26 - 23,boys,D3,lacrossereference
169,Methodist,8-5,0.4394,,0.6154,0.3509,0.4405,151,0 - 1,0 - 1,1 - 0,44 - 43,boys,D3,lacrossereference
170,Neumann,8-5,0.4392,,0.6154,0.3449,0.4517,161,0 - 0,0 - 0,0 - 0,53 - 69,boys,D3,lacrossereference
171,Coast Guard,2-9,0.4379,,0.1818,0.5327,0.5042,46,2 - 4,0 - 1,4 - 10,47 - 37,boys,D3,lacrossereference
172,Carroll,6-5,0.4375,,0.5455,0.3785,0.4474,120,0 - 0,0 - 0,0 - 8,14 - 68,boys,D3,lacrossereference
173,Franciscan,9-5,0.437,,0.6429,0.3354,0.4344,152,0 - 0,0 - 0,0 - 4,29 - 57,boys,D3,lacrossereference
174,Edgewood,5-9,0.4367,,0.3571,0.4677,0.4542,214,0 - 0,0 - 0,0 - 0,15 - 37,boys,D3,lacrossereference
175,Mount St. Vincent,5-6,0.4333,,0.4545,0.4414,0.3957,212,0 - 0,0 - 0,0 - 0,21 - 66,boys,D3,lacrossereference
176,Oglethorpe,4-9,0.4328,,0.3077,0.478,0.4675,174,0 - 0,0 - 0,0 - 0,21 - 54,boys,D3,lacrossereference
177,Hanover,6-8,0.4311,,0.4286,0.4416,0.4127,156,0 - 0,0 - 0,1 - 1,58 - 62,boys,D3,lacrossereference
178,Curry,3-11,0.4307,,0.2143,0.5049,0.4986,101,0 - 0,0 - 0,1 - 10,48 - 71,boys,D3,lacrossereference
179,Mount Union,5-8,0.4287,,0.3846,0.4521,0.426,171,0 - 0,0 - 0,0 - 2,46 - 59,boys,D3,lacrossereference
180,Utica,4-9,0.4286,,0.3077,0.4552,0.4964,142,0 - 1,0 - 0,0 - 0,44 - 64,boys,D3,lacrossereference
181,SUNY Poly,6-5,0.427,,0.5455,0.3811,0.4001,201,0 - 1,0 - 0,0 - 0,41 - 36,boys,D3,lacrossereference
182,Gwynedd-Mercy,5-7,0.4244,,0.4167,0.4097,0.4616,167,0 - 0,0 - 0,0 - 0,55 - 58,boys,D3,lacrossereference
183,Trine,6-6,0.4241,,0.5,0.3646,0.4671,105,0 - 0,0 - 0,0 - 9,55 - 39,boys,D3,lacrossereference
184,Albright,5-8,0.4185,,0.3846,0.3955,0.4984,118,0 - 0,0 - 3,0 - 1,43 - 75,boys,D3,lacrossereference
185,Northland,3-7,0.4175,,0.3,0.4714,0.4271,172,0 - 0,0 - 0,0 - 2,20 - 54,boys,D3,lacrossereference
186,SUNY Canton,6-4,0.4168,,0.6,0.319,0.4293,196,0 - 0,0 - 0,0 - 0,29 - 50,boys,D3,lacrossereference
187,Castleton,3-10,0.4126,,0.2308,0.4905,0.4386,144,0 - 2,0 - 0,0 - 0,34 - 84,boys,D3,lacrossereference
188,Southern Maine,5-8,0.4117,,0.3846,0.4131,0.4359,198,0 - 0,0 - 0,0 - 0,36 - 70,boys,D3,lacrossereference
189,Regis,5-6,0.4087,,0.4545,0.3881,0.4039,221,0 - 0,0 - 0,0 - 0,22 - 61,boys,D3,lacrossereference
190,Greensboro,5-7,0.4081,,0.4167,0.3828,0.45,137,0 - 1,0 - 0,0 - 0,40 - 46,boys,D3,lacrossereference
191,Cornell (IA),4-7,0.4034,,0.3636,0.397,0.4559,184,0 - 0,0 - 0,0 - 1,27 - 65,boys,D3,lacrossereference
192,Hiram,4-8,0.4031,,0.3333,0.4189,0.441,127,0 - 0,0 - 0,0 - 5,27 - 60,boys,D3,lacrossereference
193,Elms,5-6,0.3917,,0.4545,0.3508,0.4106,239,0 - 0,0 - 0,0 - 0,5 - 6,boys,D3,lacrossereference
194,Thiel,3-8,0.3892,,0.2727,0.4422,0.3997,170,0 - 0,0 - 0,0 - 4,42 - 44,boys,D3,lacrossereference
195,New England College,3-9,0.3853,,0.25,0.4168,0.4574,168,0 - 1,0 - 1,0 - 2,49 - 60,boys,D3,lacrossereference
196,Alvernia,4-8,0.3852,,0.3333,0.3731,0.4614,157,0 - 0,0 - 0,0 - 0,20 - 91,boys,D3,lacrossereference
197,Wilkes,4-9,0.3846,,0.3077,0.3862,0.4584,194,0 - 0,0 - 0,0 - 0,36 - 72,boys,D3,lacrossereference
198,Delaware Valley,4-9,0.3843,,0.3077,0.3943,0.441,135,0 - 0,0 - 3,0 - 0,43 - 78,boys,D3,lacrossereference
199,Keystone,6-7,0.3834,,0.4615,0.3493,0.3735,200,0 - 0,0 - 0,0 - 0,8 - 78,boys,D3,lacrossereference
200,King's,1-9,0.3822,,0.1,0.4983,0.4323,164,0 - 0,0 - 0,0 - 0,28 - 87,boys,D3,lacrossereference
201,Marian,2-8,0.3811,,0.2,0.4308,0.4628,190,0 - 0,0 - 0,0 - 1,33 - 40,boys,D3,lacrossereference
202,Fairleigh Dickinson,1-11,0.3797,,0.0833,0.4954,0.4446,140,0 - 0,0 - 0,0 - 0,39 - 75,boys,D3,lacrossereference
203,Juniata,2-11,0.3787,,0.1538,0.4573,0.4466,211,0 - 0,0 - 0,0 - 0,6 - 37,boys,D3,lacrossereference
204,Averett,2-11,0.3775,,0.1538,0.4539,0.4482,143,0 - 0,0 - 0,0 - 4,13 - 40,boys,D3,lacrossereference
205,Cairn,3-7,0.3721,,0.3,0.4004,0.3876,235,0 - 0,0 - 0,0 - 0,12 - 26,boys,D3,lacrossereference
206,Huntingdon,3-10,0.3719,,0.2308,0.4124,0.4319,202,0 - 0,0 - 0,0 - 0,26 - 61,boys,D3,lacrossereference
207,Heidelberg,4-9,0.3716,,0.3077,0.3865,0.4059,197,0 - 0,0 - 0,0 - 0,22 - 76,boys,D3,lacrossereference
208,St. Joseph's (L.I.),1-7,0.3713,,0.125,0.4799,0.4004,199,0 - 0,0 - 0,0 - 0,24 - 39,boys,D3,lacrossereference
209,Alma,1-6,0.3705,,0.1429,0.4598,0.4197,92,0 - 0,0 - 0,3 - 10,40 - 62,boys,D3,lacrossereference
210,Marywood,3-9,0.3646,,0.25,0.3905,0.4273,165,0 - 0,0 - 0,0 - 0,56 - 72,boys,D3,lacrossereference
211,Randolph,4-9,0.3616,,0.3077,0.3437,0.4512,90,0 - 0,0 - 0,0 - 11,20 - 71,boys,D3,lacrossereference
212,Husson,4-8,0.3609,,0.3333,0.354,0.4024,230,0 - 0,0 - 0,0 - 0,24 - 64,boys,D3,lacrossereference
213,Washington and Jefferson,3-8,0.3553,,0.2727,0.3702,0.408,169,0 - 0,0 - 0,0 - 3,37 - 57,boys,D3,lacrossereference
214,Salem State,4-9,0.3539,,0.3077,0.3396,0.4286,204,0 - 0,0 - 0,0 - 0,18 - 79,boys,D3,lacrossereference
215,Beloit,2-8,0.352,,0.2,0.3969,0.4144,181,0 - 0,0 - 0,0 - 2,21 - 55,boys,D3,lacrossereference
216,Anna Maria,2-12,0.3498,,0.1429,0.4266,0.4031,222,0 - 0,0 - 0,0 - 0,22 - 93,boys,D3,lacrossereference
217,Earlham,6-6,0.3467,,0.5,0.2454,0.3962,226,0 - 0,0 - 0,0 - 1,17 - 63,boys,D3,lacrossereference
218,Purchase,3-8,0.3435,,0.2727,0.3519,0.3973,216,0 - 0,0 - 0,0 - 0,21 - 45,boys,D3,lacrossereference
219,Anderson,5-8,0.3358,,0.3846,0.2835,0.3918,220,0 - 0,0 - 0,0 - 0,25 - 44,boys,D3,lacrossereference
220,Rosemont,1-8,0.3357,,0.1111,0.4186,0.3945,160,0 - 0,0 - 0,0 - 0,31 - 78,boys,D3,lacrossereference
221,Bethany,4-7,0.3354,,0.3636,0.2919,0.3944,176,0 - 0,0 - 0,0 - 6,29 - 60,boys,D3,lacrossereference
222,Mount St. Mary,1-8,0.33,,0.1111,0.373,0.4627,79,0 - 2,1 - 5,0 - 0,30 - 54,boys,D3,lacrossereference
223,Albertus Magnus,3-9,0.3274,,0.25,0.3219,0.416,231,0 - 0,0 - 0,0 - 0,22 - 79,boys,D3,lacrossereference
224,Bryn Athyn,2-5,0.3262,,0.2857,0.3266,0.3659,147,0 - 0,0 - 1,0 - 0,32 - 53,boys,D3,lacrossereference
225,Concordia Chicago,0-9,0.3199,,0.0,0.4303,0.4188,183,0 - 0,0 - 0,0 - 1,5 - 75,boys,D3,lacrossereference
226,William Peace,3-7,0.3186,,0.3,0.2793,0.4159,188,0 - 0,0 - 0,0 - 1,23 - 36,boys,D3,lacrossereference
227,Thomas,1-5,0.3146,,0.1667,0.375,0.3419,232,0 - 0,0 - 0,0 - 0,6 - 53,boys,D3,lacrossereference
228,Centenary (LA),1-9,0.3068,,0.1,0.3571,0.4129,213,0 - 0,0 - 0,0 - 0,7 - 46,boys,D3,lacrossereference
229,Wilmington,4-10,0.3048,,0.2857,0.272,0.3894,193,0 - 0,0 - 0,0 - 0,29 - 80,boys,D3,lacrossereference
230,Hilbert,2-5,0.3018,,0.2857,0.2728,0.3761,206,0 - 0,0 - 0,0 - 0,22 - 41,boys,D3,lacrossereference
231,Brevard,2-8,0.3016,,0.2,0.3195,0.3674,223,0 - 0,0 - 0,0 - 0,7 - 37,boys,D3,lacrossereference
232,Mitchell,0-8,0.2995,,0.0,0.4031,0.3919,219,0 - 0,0 - 0,0 - 0,11 - 67,boys,D3,lacrossereference
233,Spalding,1-11,0.2935,,0.0833,0.3477,0.3955,234,0 - 0,0 - 0,0 - 0,1 - 25,boys,D3,lacrossereference
234,Cobleskill,1-7,0.2906,,0.125,0.3571,0.3231,236,0 - 0,0 - 0,0 - 0,12 - 48,boys,D3,lacrossereference
235,Mount St. Joseph,0-11,0.2813,,0.0,0.378,0.3691,208,0 - 0,0 - 0,0 - 1,17 - 94,boys,D3,lacrossereference
236,MCLA,1-9,0.274,,0.1,0.3167,0.3626,238,0 - 0,0 - 0,0 - 0,5 - 30,boys,D3,lacrossereference
237,Centenary (NJ),1-11,0.2641,,0.0833,0.2862,0.4009,153,0 - 0,0 - 0,0 - 0,22 - 78,boys,D3,lacrossereference
238,La Roche,0-9,0.2275,,0.0,0.2896,0.3306,215,0 - 0,0 - 0,0 - 0,8 - 73,boys,D3,lacrossereference
239,Warren Wilson,0-8,0.1944,,0.0,0.2226,0.3324,237,0 - 0,0 - 0,0 - 0,1 - 27,boys,D3,lacrossereference
1,Middlebury,13-0,0.749,,1.0,0.6687,0.6584,3,2 - 0,2 - 0,3 - 0,6 - 0,girls,D3,lacrossereference
2,Tufts,11-2,0.7184,,0.8462,0.6963,0.6351,10,0 - 2,1 - 0,1 - 0,9 - 0,girls,D3,lacrossereference
3,Gettysburg,11-2,0.7179,,0.8462,0.6905,0.6443,5,0 - 1,2 - 1,2 - 0,7 - 0,girls,D3,lacrossereference
4,Salisbury,10-3,0.7172,,0.7692,0.7254,0.6487,1,1 - 1,2 - 1,1 - 1,6 - 0,girls,D3,lacrossereference
5,Wesleyan (CT),10-2,0.7127,,0.8333,0.68,0.6577,4,2 - 1,0 - 0,2 - 1,6 - 0,girls,D3,lacrossereference
6,Washington & Lee,11-3,0.7024,,0.7857,0.7073,0.6092,2,1 - 2,2 - 0,0 - 1,8 - 0,girls,D3,lacrossereference
7,Franklin & Marshall,12-2,0.6977,,0.8571,0.6531,0.6273,13,1 - 1,1 - 1,0 - 0,10 - 0,girls,D3,lacrossereference
8,Denison,9-4,0.6838,,0.6923,0.7119,0.6191,8,0 - 1,0 - 1,2 - 1,7 - 1,girls,D3,lacrossereference
9,Ithaca,11-1,0.683,,0.9167,0.6215,0.5721,42,0 - 0,0 - 0,1 - 0,10 - 1,girls,D3,lacrossereference
10,College of New Jersey,8-4,0.6784,,0.6667,0.7361,0.5746,28,0 - 3,0 - 1,0 - 0,8 - 0,girls,D3,lacrossereference
11,Dickinson,8-4,0.6726,,0.6667,0.7202,0.5835,22,0 - 1,0 - 1,0 - 1,8 - 1,girls,D3,lacrossereference
12,Pomona-Pitzer,12-1,0.6709,,0.9231,0.6013,0.5581,49,0 - 0,0 - 0,1 - 0,11 - 1,girls,D3,lacrossereference
13,Chicago,6-4,0.6668,,0.6,0.7379,0.5915,29,0 - 1,1 - 0,0 - 2,5 - 1,girls,D3,lacrossereference
14,Colorado College,10-3,0.6656,,0.7692,0.663,0.5671,24,0 - 0,0 - 0,1 - 1,9 - 2,girls,D3,lacrossereference
15,Babson,11-2,0.6652,,0.8462,0.6149,0.5847,34,0 - 1,0 - 0,1 - 1,10 - 0,girls,D3,lacrossereference
16,William Smith,12-2,0.659,,0.8571,0.5956,0.5879,27,1 - 1,0 - 1,0 - 0,11 - 0,girls,D3,lacrossereference
17,Christopher Newport,11-4,0.659,,0.7333,0.6452,0.6123,16,0 - 0,1 - 1,0 - 1,10 - 2,girls,D3,lacrossereference
18,Colby,9-4,0.6574,,0.6923,0.6555,0.6262,14,1 - 2,0 - 0,0 - 1,8 - 1,girls,D3,lacrossereference
19,Haverford,8-4,0.6555,,0.6667,0.676,0.6033,21,0 - 1,0 - 0,2 - 0,6 - 3,girls,D3,lacrossereference
20,Amherst,8-5,0.6539,,0.6154,0.6934,0.6135,9,0 - 2,0 - 0,2 - 0,6 - 3,girls,D3,lacrossereference
21,Rhodes,9-3,0.6449,,0.75,0.6295,0.5708,40,0 - 0,0 - 0,1 - 2,8 - 1,girls,D3,lacrossereference
22,University of Scranton,11-2,0.6439,,0.8462,0.5833,0.563,48,0 - 0,0 - 2,1 - 0,10 - 0,girls,D3,lacrossereference
23,Shenandoah,10-3,0.6405,,0.7692,0.6028,0.5873,33,0 - 0,0 - 1,2 - 1,8 - 1,girls,D3,lacrossereference
24,Roanoke,11-3,0.6382,,0.7857,0.5758,0.6155,23,0 - 1,1 - 1,0 - 1,10 - 0,girls,D3,lacrossereference
25,MIT,12-2,0.6379,,0.8571,0.5554,0.5838,36,0 - 1,0 - 0,1 - 1,11 - 0,girls,D3,lacrossereference
26,Capital University,9-4,0.6372,,0.6923,0.6422,0.5722,35,0 - 0,0 - 1,0 - 0,9 - 3,girls,D3,lacrossereference
27,New Paltz,12-1,0.6326,,0.9231,0.5586,0.49,141,0 - 0,0 - 0,0 - 0,12 - 1,girls,D3,lacrossereference
28,Bowdoin,8-5,0.6265,,0.6154,0.6392,0.6123,15,0 - 1,0 - 0,1 - 1,7 - 3,girls,D3,lacrossereference
29,Catholic (DC),7-6,0.6242,,0.5385,0.6711,0.6159,12,0 - 3,0 - 2,2 - 0,5 - 1,girls,D3,lacrossereference
30,Ohio Wesleyan,11-2,0.6227,,0.8462,0.5369,0.5709,53,0 - 0,0 - 0,0 - 1,11 - 1,girls,D3,lacrossereference
31,Connecticut College,7-6,0.6182,,0.5385,0.6676,0.5993,20,0 - 2,0 - 0,0 - 2,7 - 2,girls,D3,lacrossereference
32,Muhlenberg,9-3,0.6179,,0.75,0.5694,0.583,55,0 - 0,0 - 1,0 - 2,9 - 0,girls,D3,lacrossereference
33,Williams,7-5,0.6172,,0.5833,0.6331,0.6191,17,0 - 2,0 - 0,1 - 1,6 - 2,girls,D3,lacrossereference
34,Stevens,10-2,0.6149,,0.8333,0.5113,0.6035,47,0 - 1,0 - 0,1 - 1,9 - 0,girls,D3,lacrossereference
35,Trinity,6-6,0.6147,,0.5,0.6633,0.6324,6,0 - 2,1 - 0,1 - 1,4 - 3,girls,D3,lacrossereference
36,Springfield College,12-2,0.6146,,0.8571,0.5233,0.5546,59,0 - 0,0 - 0,0 - 0,12 - 2,girls,D3,lacrossereference
37,Hamilton,5-6,0.6133,,0.4545,0.6701,0.6585,7,0 - 3,0 - 0,1 - 2,4 - 1,girls,D3,lacrossereference
38,George Fox,9-3,0.6104,,0.75,0.6035,0.4848,123,0 - 0,0 - 1,0 - 0,9 - 2,girls,D3,lacrossereference
39,Coast Guard,9-4,0.6102,,0.6923,0.6071,0.5344,51,0 - 0,0 - 0,0 - 1,9 - 3,girls,D3,lacrossereference
40,Washington College,7-6,0.61,,0.5385,0.645,0.6116,19,0 - 2,0 - 1,0 - 1,7 - 2,girls,D3,lacrossereference
41,St. Mary's (MD),7-5,0.6073,,0.5833,0.6539,0.538,43,0 - 0,0 - 2,0 - 1,7 - 2,girls,D3,lacrossereference
42,Cortland,9-4,0.6037,,0.6923,0.5836,0.5553,52,0 - 1,0 - 1,0 - 1,9 - 1,girls,D3,lacrossereference
43,Wisconsin Eau Claire,9-3,0.603,,0.75,0.5896,0.4827,125,0 - 0,0 - 0,0 - 1,9 - 2,girls,D3,lacrossereference
44,Wooster,9-2,0.6021,,0.8182,0.5298,0.5308,127,0 - 0,0 - 1,0 - 0,9 - 1,girls,D3,lacrossereference
45,Stevenson,9-4,0.5973,,0.6923,0.5605,0.5759,41,0 - 2,0 - 0,0 - 0,9 - 2,girls,D3,lacrossereference
46,Stockton,13-1,0.5955,,0.9286,0.4608,0.5318,118,0 - 0,0 - 1,0 - 0,13 - 0,girls,D3,lacrossereference
47,Geneseo,10-3,0.5954,,0.7692,0.5106,0.5912,61,0 - 0,0 - 0,0 - 2,10 - 1,girls,D3,lacrossereference
48,Hope College,8-4,0.5948,,0.6667,0.5787,0.555,59,0 - 0,0 - 0,0 - 1,8 - 3,girls,D3,lacrossereference
49,Cabrini,10-3,0.5901,,0.7692,0.5229,0.5456,67,0 - 0,0 - 1,0 - 1,10 - 1,girls,D3,lacrossereference
50,Mount Union,8-3,0.59,,0.7273,0.533,0.5667,69,0 - 0,0 - 1,0 - 0,8 - 2,girls,D3,lacrossereference
51,York,7-6,0.5894,,0.5385,0.6039,0.6112,11,0 - 2,0 - 2,2 - 1,5 - 1,girls,D3,lacrossereference
52,Kalamazoo,6-1,0.5893,,0.8571,0.5103,0.4793,188,0 - 0,0 - 0,0 - 0,6 - 1,girls,D3,lacrossereference
53,Endicott,8-6,0.5857,,0.5714,0.6228,0.5258,44,0 - 2,0 - 0,0 - 1,8 - 3,girls,D3,lacrossereference
54,Berry,11-3,0.5851,,0.7857,0.5289,0.4969,122,0 - 0,0 - 0,0 - 0,11 - 3,girls,D3,lacrossereference
55,Centre,11-3,0.5846,,0.7857,0.5217,0.5091,103,0 - 0,0 - 0,0 - 0,11 - 3,girls,D3,lacrossereference
56,Montclair State,7-3,0.5826,,0.7,0.5558,0.5188,134,0 - 0,0 - 0,0 - 0,7 - 3,girls,D3,lacrossereference
57,Kenyon,5-5,0.5814,,0.5,0.6443,0.5369,62,0 - 0,0 - 0,0 - 1,5 - 4,girls,D3,lacrossereference
58,Lake Forest,11-2,0.5763,,0.8462,0.4791,0.5008,148,0 - 0,0 - 0,0 - 1,11 - 1,girls,D3,lacrossereference
59,Claremont-Mudd-Scripps,10-3,0.574,,0.7692,0.4856,0.5556,70,0 - 0,0 - 0,0 - 2,10 - 1,girls,D3,lacrossereference
60,Rensselaer,4-6,0.573,,0.4,0.6657,0.5607,56,0 - 1,0 - 1,0 - 2,4 - 2,girls,D3,lacrossereference
61,Otterbein,7-4,0.5729,,0.6364,0.561,0.5334,84,0 - 0,0 - 0,0 - 0,7 - 4,girls,D3,lacrossereference
62,Salve Regina,8-6,0.5721,,0.5714,0.6063,0.5044,72,0 - 0,0 - 0,0 - 1,8 - 5,girls,D3,lacrossereference
63,St. John Fisher,5-7,0.5711,,0.4167,0.6598,0.548,31,0 - 0,0 - 1,0 - 2,5 - 4,girls,D3,lacrossereference
64,Carroll (WI),10-3,0.5708,,0.7692,0.4957,0.5226,102,0 - 0,0 - 0,0 - 1,10 - 2,girls,D3,lacrossereference
65,Western Connecticut,8-5,0.5698,,0.6154,0.5577,0.5482,73,0 - 1,0 - 0,0 - 0,8 - 4,girls,D3,lacrossereference
66,Framingham State,10-3,0.5684,,0.7692,0.4984,0.5076,111,0 - 0,0 - 0,0 - 1,10 - 2,girls,D3,lacrossereference
67,DePauw,6-4,0.5658,,0.6,0.5675,0.5283,115,0 - 0,0 - 0,0 - 1,6 - 3,girls,D3,lacrossereference
68,Swarthmore,7-4,0.5645,,0.6364,0.5313,0.5589,89,0 - 1,0 - 1,0 - 1,7 - 1,girls,D3,lacrossereference
69,Union,6-4,0.5632,,0.6,0.5488,0.5552,101,0 - 0,0 - 1,0 - 2,6 - 1,girls,D3,lacrossereference
70,Johnson & Wales,8-4,0.5631,,0.6667,0.5514,0.4829,146,0 - 0,0 - 1,0 - 0,8 - 3,girls,D3,lacrossereference
71,Emmanuel (MA),10-4,0.5624,,0.7143,0.5271,0.481,123,0 - 0,0 - 0,0 - 0,10 - 4,girls,D3,lacrossereference
72,Oswego,8-5,0.5603,,0.6154,0.5678,0.4903,98,0 - 0,0 - 0,0 - 0,8 - 5,girls,D3,lacrossereference
73,Westfield State,8-6,0.5589,,0.5714,0.5517,0.5609,37,0 - 0,0 - 0,0 - 2,8 - 4,girls,D3,lacrossereference
74,Ursinus,7-5,0.5579,,0.5833,0.5525,0.5432,68,0 - 0,0 - 1,0 - 1,7 - 3,girls,D3,lacrossereference
75,Juniata,11-2,0.5578,,0.8462,0.4305,0.5242,150,0 - 0,0 - 0,0 - 0,11 - 2,girls,D3,lacrossereference
76,Randolph-Macon,9-5,0.5567,,0.6429,0.5221,0.5398,75,0 - 0,0 - 1,0 - 1,9 - 3,girls,D3,lacrossereference
77,Sewanee,11-6,0.5562,,0.6471,0.5377,0.5024,58,0 - 0,0 - 0,0 - 0,11 - 6,girls,D3,lacrossereference
78,Aurora,6-6,0.5557,,0.5,0.6193,0.4843,88,0 - 0,0 - 0,0 - 0,6 - 6,girls,D3,lacrossereference
79,St. Joseph's (ME),9-3,0.555,,0.75,0.4982,0.4735,179,0 - 0,0 - 0,0 - 0,9 - 3,girls,D3,lacrossereference
80,Chapman,8-3,0.5546,,0.7273,0.4856,0.5201,147,0 - 0,0 - 0,0 - 2,8 - 1,girls,D3,lacrossereference
81,Oglethorpe,8-4,0.5539,,0.6667,0.5299,0.4889,145,0 - 0,0 - 0,0 - 0,8 - 4,girls,D3,lacrossereference
82,UW-LaCrosse,9-4,0.5515,,0.6923,0.5044,0.505,109,0 - 0,0 - 0,0 - 1,9 - 3,girls,D3,lacrossereference
83,Baldwin Wallace,9-6,0.5496,,0.6,0.5453,0.5078,66,0 - 0,0 - 0,0 - 0,9 - 6,girls,D3,lacrossereference
84,Brockport,7-5,0.5477,,0.5833,0.5275,0.5524,81,0 - 0,0 - 1,0 - 0,7 - 4,girls,D3,lacrossereference
85,Oberlin,4-9,0.5477,,0.3077,0.6573,0.5683,25,0 - 0,0 - 1,0 - 0,4 - 8,girls,D3,lacrossereference
86,Susquehanna,9-5,0.5473,,0.6429,0.4975,0.5514,74,0 - 0,0 - 0,0 - 1,9 - 4,girls,D3,lacrossereference
87,Carthage,9-4,0.546,,0.6923,0.4881,0.5155,117,0 - 0,0 - 0,0 - 1,9 - 3,girls,D3,lacrossereference
88,Rowan,4-9,0.5459,,0.3077,0.6616,0.5528,32,0 - 0,0 - 1,0 - 1,4 - 7,girls,D3,lacrossereference
89,UW-River Falls,9-3,0.545,,0.75,0.4554,0.5192,143,0 - 0,0 - 0,0 - 1,9 - 2,girls,D3,lacrossereference
90,Occidental,6-5,0.5441,,0.5455,0.5652,0.5006,129,0 - 0,0 - 0,0 - 2,6 - 3,girls,D3,lacrossereference
91,Utica,9-3,0.5437,,0.75,0.4451,0.5348,133,0 - 0,0 - 0,0 - 0,9 - 3,girls,D3,lacrossereference
92,Lynchburg,9-5,0.5426,,0.6429,0.505,0.5177,96,0 - 0,0 - 0,0 - 1,9 - 4,girls,D3,lacrossereference
93,Bates College,5-8,0.541,,0.3846,0.5908,0.5979,18,0 - 2,0 - 0,0 - 1,5 - 5,girls,D3,lacrossereference
94,Mary Washington,4-8,0.5395,,0.3333,0.6243,0.5759,30,0 - 0,0 - 0,0 - 1,4 - 7,girls,D3,lacrossereference
95,Clarkson,8-4,0.537,,0.6667,0.4626,0.5562,97,0 - 0,0 - 1,0 - 1,8 - 2,girls,D3,lacrossereference
96,Methodist University,10-2,0.5368,,0.8333,0.4111,0.4918,181,0 - 0,0 - 0,0 - 0,10 - 2,girls,D3,lacrossereference
97,John Carroll,6-6,0.5363,,0.5,0.5571,0.5309,71,0 - 0,0 - 0,0 - 0,6 - 6,girls,D3,lacrossereference
98,Widener,7-6,0.5346,,0.5385,0.5278,0.5444,54,0 - 0,0 - 0,0 - 2,7 - 4,girls,D3,lacrossereference
99,DeSales,10-2,0.5345,,0.8333,0.4006,0.5034,182,0 - 0,0 - 0,0 - 0,10 - 2,girls,D3,lacrossereference
100,Washington & Jefferson,6-6,0.534,,0.5,0.5663,0.5035,95,0 - 0,0 - 0,0 - 1,6 - 5,girls,D3,lacrossereference
101,Colby-Sawyer,10-3,0.5334,,0.7692,0.4625,0.4394,206,0 - 0,0 - 0,0 - 0,10 - 3,girls,D3,lacrossereference
102,US Merchant Marine,8-2,0.5319,,0.8,0.4126,0.5025,203,0 - 0,0 - 0,0 - 0,8 - 2,girls,D3,lacrossereference
103,Kean,7-7,0.5316,,0.5,0.5564,0.5134,63,0 - 0,0 - 0,0 - 0,7 - 7,girls,D3,lacrossereference
104,Maritime College,6-3,0.531,,0.6667,0.4899,0.4774,194,0 - 0,0 - 0,0 - 0,6 - 3,girls,D3,lacrossereference
105,Keene State,7-4,0.5299,,0.6364,0.5075,0.4683,158,0 - 0,0 - 0,0 - 0,7 - 4,girls,D3,lacrossereference
106,Messiah,5-8,0.5297,,0.3846,0.5759,0.5825,25,0 - 2,0 - 1,0 - 0,5 - 5,girls,D3,lacrossereference
107,Roger Williams,7-7,0.5266,,0.5,0.5379,0.5309,39,0 - 0,0 - 0,0 - 3,7 - 4,girls,D3,lacrossereference
108,Meredith,8-5,0.5264,,0.6154,0.5021,0.4859,112,0 - 0,0 - 0,0 - 1,8 - 4,girls,D3,lacrossereference
109,Marymount,8-6,0.5261,,0.5714,0.5322,0.4684,104,0 - 0,0 - 0,0 - 0,8 - 6,girls,D3,lacrossereference
110,Nazareth,5-7,0.5261,,0.4167,0.5974,0.4927,79,0 - 0,0 - 0,0 - 1,5 - 6,girls,D3,lacrossereference
111,Plymouth State,6-6,0.5256,,0.5,0.5494,0.5034,65,0 - 0,0 - 0,0 - 0,6 - 6,girls,D3,lacrossereference
112,Cornell College,10-2,0.5239,,0.8333,0.4031,0.4562,227,0 - 0,0 - 0,0 - 0,10 - 2,girls,D3,lacrossereference
113,Rochester,8-5,0.5231,,0.6154,0.4662,0.5446,78,0 - 0,0 - 1,0 - 0,8 - 4,girls,D3,lacrossereference
114,Misericordia,4-7,0.523,,0.3636,0.6213,0.4857,93,0 - 0,0 - 0,0 - 0,4 - 7,girls,D3,lacrossereference
115,Willamette,10-2,0.5223,,0.8333,0.3915,0.4727,215,0 - 0,0 - 0,0 - 0,10 - 2,girls,D3,lacrossereference
116,Simmons,7-8,0.5212,,0.4667,0.5827,0.453,136,0 - 0,0 - 0,0 - 0,7 - 8,girls,D3,lacrossereference
117,Saint Benedict,5-2,0.5209,,0.7143,0.4433,0.4828,212,0 - 0,0 - 0,0 - 0,5 - 2,girls,D3,lacrossereference
118,Smith College,7-8,0.5207,,0.4667,0.5302,0.5558,45,0 - 0,0 - 0,0 - 1,7 - 7,girls,D3,lacrossereference
119,Ohio Northern,8-6,0.5165,,0.5714,0.5082,0.4781,119,0 - 0,0 - 0,0 - 0,8 - 6,girls,D3,lacrossereference
120,Moravian,6-6,0.516,,0.5,0.5147,0.5344,86,0 - 0,0 - 1,0 - 0,6 - 5,girls,D3,lacrossereference
121,Wheaton,8-6,0.515,,0.5714,0.4754,0.5375,91,0 - 0,0 - 0,0 - 0,8 - 6,girls,D3,lacrossereference
122,Worcester State,7-6,0.5137,,0.5385,0.4937,0.529,116,0 - 0,0 - 0,0 - 0,7 - 6,girls,D3,lacrossereference
123,RIT,6-6,0.5133,,0.5,0.5127,0.5278,80,0 - 0,0 - 1,0 - 0,6 - 5,girls,D3,lacrossereference
124,Skidmore,6-7,0.5101,,0.4615,0.512,0.5546,50,0 - 0,0 - 0,0 - 1,6 - 6,girls,D3,lacrossereference
125,Trine,7-3,0.5066,,0.7,0.4354,0.4554,228,0 - 0,0 - 0,0 - 0,7 - 3,girls,D3,lacrossereference
126,Bridgewater,8-7,0.5065,,0.5333,0.4882,0.5164,100,0 - 0,0 - 1,0 - 0,8 - 6,girls,D3,lacrossereference
127,Edgewood,7-6,0.5062,,0.5385,0.5002,0.4858,140,0 - 0,0 - 0,0 - 0,7 - 6,girls,D3,lacrossereference
128,Bryn Athyn,7-2,0.5059,,0.7778,0.3865,0.4729,241,0 - 0,0 - 0,0 - 0,7 - 2,girls,D3,lacrossereference
129,Redlands,6-9,0.5046,,0.4,0.5566,0.5053,45,0 - 0,0 - 0,0 - 2,6 - 7,girls,D3,lacrossereference
130,Illinois Wesleyan,6-7,0.5031,,0.4615,0.52,0.5109,75,0 - 0,0 - 0,0 - 1,6 - 6,girls,D3,lacrossereference
131,Drew,7-7,0.503,,0.5,0.4843,0.5437,57,0 - 0,0 - 0,0 - 0,7 - 7,girls,D3,lacrossereference
132,McDaniel,6-7,0.5029,,0.4615,0.5045,0.5411,64,0 - 0,0 - 1,0 - 1,6 - 5,girls,D3,lacrossereference
133,Lebanon Valley,8-5,0.502,,0.6154,0.4376,0.5176,135,0 - 0,0 - 1,0 - 1,8 - 3,girls,D3,lacrossereference
134,St. Lawrence,3-9,0.5017,,0.25,0.5966,0.5636,38,0 - 2,0 - 1,0 - 1,3 - 5,girls,D3,lacrossereference
135,Hartwick,6-5,0.5003,,0.5455,0.4851,0.4856,158,0 - 0,0 - 0,0 - 0,6 - 5,girls,D3,lacrossereference
136,Buffalo State,6-5,0.4992,,0.5455,0.4918,0.468,178,0 - 0,0 - 0,0 - 0,6 - 5,girls,D3,lacrossereference
137,Southern Maine,5-5,0.498,,0.5,0.5015,0.4887,172,0 - 0,0 - 0,0 - 1,5 - 4,girls,D3,lacrossereference
138,Neumann,6-7,0.4976,,0.4615,0.535,0.4587,139,0 - 0,0 - 0,0 - 0,6 - 7,girls,D3,lacrossereference
139,Farmingdale State,5-8,0.4942,,0.3846,0.5453,0.5017,92,0 - 0,0 - 1,0 - 0,5 - 7,girls,D3,lacrossereference
140,Nichols,11-3,0.4925,,0.7857,0.3535,0.4774,214,0 - 0,0 - 0,0 - 0,11 - 3,girls,D3,lacrossereference
141,Norwich,8-3,0.4922,,0.7273,0.3801,0.4811,226,0 - 0,0 - 0,0 - 0,8 - 3,girls,D3,lacrossereference
142,Lycoming,5-7,0.4899,,0.4167,0.5247,0.4936,113,0 - 0,0 - 0,0 - 0,5 - 7,girls,D3,lacrossereference
143,Bridgewater State,5-9,0.4897,,0.3571,0.545,0.5118,77,0 - 0,0 - 0,0 - 0,5 - 9,girls,D3,lacrossereference
144,Plattsburg State,3-9,0.4881,,0.25,0.6125,0.4775,82,0 - 0,0 - 0,0 - 0,3 - 9,girls,D3,lacrossereference
145,Clark,7-7,0.4872,,0.5,0.4753,0.4983,110,0 - 0,0 - 0,0 - 1,7 - 6,girls,D3,lacrossereference
146,Beloit,5-4,0.4858,,0.5556,0.4712,0.445,225,0 - 0,0 - 0,0 - 0,5 - 4,girls,D3,lacrossereference
147,Whitworth,7-4,0.4856,,0.6364,0.4166,0.473,215,0 - 0,0 - 0,0 - 0,7 - 4,girls,D3,lacrossereference
148,FDU Florham,3-7,0.4837,,0.3,0.5888,0.4573,153,0 - 0,0 - 0,0 - 0,3 - 7,girls,D3,lacrossereference
149,Marywood,6-7,0.4836,,0.4615,0.5057,0.4615,154,0 - 0,0 - 0,0 - 0,6 - 7,girls,D3,lacrossereference
150,Ferrum,8-4,0.4828,,0.6667,0.3822,0.5001,195,0 - 0,0 - 1,0 - 0,8 - 3,girls,D3,lacrossereference
151,Immaculata,8-5,0.4823,,0.6154,0.431,0.4519,187,0 - 0,0 - 0,0 - 0,8 - 5,girls,D3,lacrossereference
152,Transylvania,5-7,0.4823,,0.4167,0.5113,0.49,99,0 - 0,0 - 0,0 - 0,5 - 7,girls,D3,lacrossereference
153,Oneonta,4-9,0.477,,0.3077,0.5465,0.5072,83,0 - 0,0 - 0,0 - 0,4 - 9,girls,D3,lacrossereference
154,Eastern Connecticut,6-6,0.4755,,0.5,0.4401,0.5218,126,0 - 0,0 - 0,0 - 0,6 - 6,girls,D3,lacrossereference
155,Piedmont,8-6,0.4754,,0.5714,0.4237,0.4826,149,0 - 0,0 - 0,0 - 0,8 - 6,girls,D3,lacrossereference
156,Potsdam,3-7,0.4719,,0.3,0.5568,0.4743,161,0 - 0,0 - 0,0 - 0,3 - 7,girls,D3,lacrossereference
157,Hood,4-9,0.4708,,0.3077,0.5439,0.4879,85,0 - 0,0 - 0,0 - 0,4 - 9,girls,D3,lacrossereference
158,Emerson,5-8,0.4706,,0.3846,0.5009,0.4959,104,0 - 0,0 - 0,0 - 1,5 - 7,girls,D3,lacrossereference
159,Rivier,6-6,0.4699,,0.5,0.4705,0.4387,207,0 - 0,0 - 0,0 - 0,6 - 6,girls,D3,lacrossereference
160,Cedar Crest,4-3,0.4691,,0.5714,0.4331,0.4386,249,0 - 0,0 - 0,0 - 0,4 - 3,girls,D3,lacrossereference
161,Allegheny,5-6,0.4673,,0.4545,0.4652,0.4842,165,0 - 0,0 - 0,0 - 0,5 - 6,girls,D3,lacrossereference
162,North Central,6-3,0.4652,,0.6667,0.3639,0.4661,254,0 - 0,0 - 0,0 - 0,6 - 3,girls,D3,lacrossereference
163,St. Joseph's (NY),6-4,0.4635,,0.6,0.3965,0.4609,244,0 - 0,0 - 0,0 - 0,6 - 4,girls,D3,lacrossereference
164,Grove City,9-3,0.4625,,0.75,0.3209,0.4581,253,0 - 0,0 - 0,0 - 0,9 - 3,girls,D3,lacrossereference
165,Southwestern,2-6,0.4614,,0.25,0.5427,0.5105,130,0 - 0,0 - 0,0 - 1,2 - 5,girls,D3,lacrossereference
166,Mass Maritime,5-8,0.4605,,0.3846,0.5096,0.4383,170,0 - 0,0 - 0,0 - 0,5 - 8,girls,D3,lacrossereference
167,Western New England,5-8,0.4596,,0.3846,0.4844,0.4847,108,0 - 0,0 - 0,0 - 0,5 - 8,girls,D3,lacrossereference
168,Regis (MA),8-5,0.4586,,0.6154,0.3831,0.4527,202,0 - 0,0 - 0,0 - 0,8 - 5,girls,D3,lacrossereference
169,Hamline,6-6,0.4583,,0.5,0.433,0.4673,177,0 - 0,0 - 0,0 - 0,6 - 6,girls,D3,lacrossereference
170,Mount St. Mary,7-4,0.4583,,0.6364,0.3582,0.4802,235,0 - 0,0 - 0,0 - 0,7 - 4,girls,D3,lacrossereference
171,Whitman,6-5,0.4566,,0.5455,0.4017,0.4777,204,0 - 0,0 - 0,0 - 0,6 - 5,girls,D3,lacrossereference
172,Chatham,6-6,0.4558,,0.5,0.4388,0.4456,197,0 - 0,0 - 0,0 - 0,6 - 6,girls,D3,lacrossereference
173,St. Joseph (CT),9-4,0.4533,,0.6923,0.3174,0.4859,204,0 - 0,0 - 0,0 - 0,9 - 4,girls,D3,lacrossereference
174,UMass-Dartmouth,8-4,0.4533,,0.6667,0.3494,0.4475,240,0 - 0,0 - 0,0 - 0,8 - 4,girls,D3,lacrossereference
175,SUNY Canton,5-5,0.4516,,0.5,0.4148,0.4766,200,0 - 0,0 - 0,0 - 0,5 - 5,girls,D3,lacrossereference
176,MSOE,3-6,0.4508,,0.3333,0.5085,0.4528,192,0 - 0,0 - 0,0 - 0,3 - 6,girls,D3,lacrossereference
177,Marietta,6-7,0.4506,,0.4615,0.4397,0.4616,171,0 - 0,0 - 0,0 - 0,6 - 7,girls,D3,lacrossereference
178,Hartford,6-6,0.45,,0.5,0.4002,0.4995,160,0 - 0,0 - 0,0 - 0,6 - 6,girls,D3,lacrossereference
179,Wells,11-0,0.4493,,1.0,0.1799,0.4375,280,0 - 0,0 - 0,0 - 0,11 - 0,girls,D3,lacrossereference
180,Alvernia,4-9,0.4477,,0.3077,0.4945,0.4942,90,0 - 0,0 - 0,0 - 0,4 - 9,girls,D3,lacrossereference
181,Elms,4-5,0.446,,0.4444,0.4349,0.4696,223,0 - 0,0 - 0,0 - 0,4 - 5,girls,D3,lacrossereference
182,Southern Virginia,5-7,0.446,,0.4167,0.4512,0.4647,168,0 - 0,0 - 0,0 - 0,5 - 7,girls,D3,lacrossereference
183,Guilford,5-7,0.4453,,0.4167,0.4712,0.422,190,0 - 0,0 - 0,0 - 0,5 - 7,girls,D3,lacrossereference
184,Albion,2-6,0.4447,,0.25,0.5167,0.4954,157,0 - 0,0 - 0,0 - 0,2 - 6,girls,D3,lacrossereference
185,Pfeiffer,5-6,0.4439,,0.4545,0.4494,0.4223,211,0 - 0,0 - 0,0 - 0,5 - 6,girls,D3,lacrossereference
186,Ramapo,3-6,0.4428,,0.3333,0.4873,0.463,199,0 - 0,0 - 1,0 - 0,3 - 5,girls,D3,lacrossereference
187,Hendrix,3-7,0.4397,,0.3,0.4858,0.4872,163,0 - 0,0 - 0,0 - 0,3 - 7,girls,D3,lacrossereference
188,Manhattanville,5-7,0.4396,,0.4167,0.4328,0.476,175,0 - 0,0 - 0,0 - 0,5 - 7,girls,D3,lacrossereference
189,Adrian,3-4,0.4395,,0.4286,0.431,0.4673,219,0 - 0,0 - 0,0 - 0,3 - 4,girls,D3,lacrossereference
190,Maine Maritime,6-5,0.4393,,0.5455,0.408,0.3959,258,0 - 0,0 - 0,0 - 0,6 - 5,girls,D3,lacrossereference
191,New England College,5-8,0.4393,,0.3846,0.4656,0.4414,173,0 - 0,0 - 0,0 - 0,5 - 8,girls,D3,lacrossereference
192,Muskingum,7-7,0.4393,,0.5,0.4103,0.4365,180,0 - 0,0 - 0,0 - 0,7 - 7,girls,D3,lacrossereference
193,Wilson College,7-4,0.4384,,0.6364,0.3191,0.4788,247,0 - 0,0 - 0,0 - 0,7 - 4,girls,D3,lacrossereference
194,Wittenberg,6-7,0.4382,,0.4615,0.406,0.4792,167,0 - 0,0 - 1,0 - 0,6 - 6,girls,D3,lacrossereference
195,Virginia Wesleyan,4-8,0.4374,,0.3333,0.4735,0.4692,142,0 - 0,0 - 0,0 - 0,4 - 8,girls,D3,lacrossereference
196,Fitchburg State,6-7,0.4349,,0.4615,0.4126,0.453,189,0 - 0,0 - 0,0 - 0,6 - 7,girls,D3,lacrossereference
197,Averett,1-10,0.4337,,0.0909,0.6014,0.4409,144,0 - 0,0 - 0,0 - 0,1 - 10,girls,D3,lacrossereference
198,Mount St. Vincent,4-7,0.4335,,0.3636,0.4611,0.4482,198,0 - 0,0 - 0,0 - 0,4 - 7,girls,D3,lacrossereference
199,Wellesley,2-11,0.4334,,0.1538,0.5583,0.463,106,0 - 0,0 - 0,0 - 0,2 - 11,girls,D3,lacrossereference
200,Vassar,3-9,0.4327,,0.25,0.487,0.5068,113,0 - 0,0 - 0,0 - 0,3 - 9,girls,D3,lacrossereference
201,Northwestern St. Paul,4-7,0.4321,,0.3636,0.4581,0.4484,201,0 - 0,0 - 0,0 - 0,4 - 7,girls,D3,lacrossereference
202,Thiel College,6-3,0.432,,0.6667,0.3193,0.4228,272,0 - 0,0 - 0,0 - 0,6 - 3,girls,D3,lacrossereference
203,Elizabethtown,4-7,0.4311,,0.3636,0.4511,0.4585,196,0 - 0,0 - 0,0 - 0,4 - 7,girls,D3,lacrossereference
204,St. Mary's (IN),1-9,0.4302,,0.1,0.5646,0.4914,131,0 - 0,0 - 0,0 - 0,1 - 9,girls,D3,lacrossereference
205,Brevard,8-5,0.4293,,0.6154,0.3238,0.454,243,0 - 0,0 - 0,0 - 0,8 - 5,girls,D3,lacrossereference
206,Alma,2-6,0.428,,0.25,0.4795,0.503,151,0 - 0,0 - 0,0 - 0,2 - 6,girls,D3,lacrossereference
207,Delaware Valley,5-8,0.428,,0.3846,0.4383,0.4507,166,0 - 0,0 - 0,0 - 0,5 - 8,girls,D3,lacrossereference
208,University of New England,5-8,0.4268,,0.3846,0.4238,0.4751,156,0 - 0,0 - 0,0 - 0,5 - 8,girls,D3,lacrossereference
209,Cal Lutheran,4-10,0.4264,,0.2857,0.4674,0.4852,94,0 - 0,0 - 0,0 - 1,4 - 9,girls,D3,lacrossereference
210,Calvin,3-8,0.4261,,0.2727,0.4623,0.5071,152,0 - 0,0 - 0,0 - 0,3 - 8,girls,D3,lacrossereference
211,Anderson,3-1,0.425,,0.75,0.2752,0.3994,279,0 - 0,0 - 0,0 - 0,3 - 1,girls,D3,lacrossereference
212,Marian (WI),4-8,0.4239,,0.3333,0.4408,0.4805,174,0 - 0,0 - 0,0 - 0,4 - 8,girls,D3,lacrossereference
213,Lasell,5-7,0.4215,,0.4167,0.4311,0.4073,230,0 - 0,0 - 0,0 - 0,5 - 7,girls,D3,lacrossereference
214,Goucher,3-10,0.4206,,0.2308,0.4884,0.4747,137,0 - 0,0 - 0,0 - 0,3 - 10,girls,D3,lacrossereference
215,Arcadia,6-7,0.4204,,0.4615,0.3509,0.5183,155,0 - 0,0 - 0,0 - 0,6 - 7,girls,D3,lacrossereference
216,UW Stout,2-7,0.4194,,0.2222,0.4915,0.4725,183,0 - 0,0 - 0,0 - 1,2 - 6,girls,D3,lacrossereference
217,Husson,3-7,0.4186,,0.3,0.4632,0.4481,208,0 - 0,0 - 0,0 - 0,3 - 7,girls,D3,lacrossereference
218,Fredonia,4-10,0.4177,,0.2857,0.4501,0.4848,120,0 - 0,0 - 0,0 - 0,4 - 10,girls,D3,lacrossereference
219,Sage,5-6,0.4158,,0.4545,0.3559,0.4968,220,0 - 0,0 - 0,0 - 0,5 - 6,girls,D3,lacrossereference
220,Eastern Mennonite,2-9,0.4137,,0.1818,0.5356,0.4018,185,0 - 0,0 - 1,0 - 0,2 - 8,girls,D3,lacrossereference
221,Concordia WI,4-7,0.4119,,0.3636,0.406,0.4719,193,0 - 0,0 - 0,0 - 0,4 - 7,girls,D3,lacrossereference
222,Alfred,5-6,0.4103,,0.4545,0.3851,0.4164,262,0 - 0,0 - 0,0 - 0,5 - 6,girls,D3,lacrossereference
223,Albright,1-12,0.4084,,0.0769,0.5321,0.4926,87,0 - 0,0 - 0,0 - 0,1 - 12,girls,D3,lacrossereference
224,Bryn Mawr,0-6,0.4047,,0.0,0.5909,0.4371,162,0 - 0,0 - 0,0 - 0,0 - 6,girls,D3,lacrossereference
225,Puget Sound,2-7,0.4046,,0.2222,0.4765,0.4431,210,0 - 0,0 - 0,0 - 0,2 - 7,girls,D3,lacrossereference
226,Randolph,2-4,0.4037,,0.3333,0.4192,0.443,231,0 - 0,0 - 0,0 - 0,2 - 4,girls,D3,lacrossereference
227,Mount Holyoke,1-12,0.4031,,0.0769,0.5264,0.4826,107,0 - 0,0 - 0,0 - 1,1 - 11,girls,D3,lacrossereference
228,Linfield,3-7,0.4023,,0.3,0.4312,0.4467,221,0 - 0,0 - 0,0 - 0,3 - 7,girls,D3,lacrossereference
229,Illinois Tech,3-9,0.3987,,0.25,0.4474,0.4501,184,0 - 0,0 - 0,0 - 0,3 - 9,girls,D3,lacrossereference
230,Mount Aloysius,5-4,0.3973,,0.5556,0.3256,0.3825,275,0 - 0,0 - 0,0 - 0,5 - 4,girls,D3,lacrossereference
231,Morrisville State,5-5,0.3964,,0.5,0.3226,0.4401,266,0 - 0,0 - 0,0 - 0,5 - 5,girls,D3,lacrossereference
232,Elmhurst,2-8,0.3859,,0.2,0.4566,0.4304,224,0 - 0,0 - 0,0 - 0,2 - 8,girls,D3,lacrossereference
233,Wilkes,2-12,0.3859,,0.1429,0.4687,0.4634,128,0 - 0,0 - 0,0 - 0,2 - 12,girls,D3,lacrossereference
234,Gordon,2-11,0.3847,,0.1538,0.4589,0.4674,164,0 - 0,0 - 0,0 - 0,2 - 11,girls,D3,lacrossereference
235,Hanover,4-6,0.3831,,0.4,0.3557,0.4211,261,0 - 0,0 - 0,0 - 0,4 - 6,girls,D3,lacrossereference
236,SUNY Poly,4-7,0.3809,,0.3636,0.3843,0.3914,264,0 - 0,0 - 0,0 - 0,4 - 7,girls,D3,lacrossereference
237,La Roche,1-7,0.3791,,0.125,0.5428,0.3059,270,0 - 0,0 - 0,0 - 0,1 - 7,girls,D3,lacrossereference
238,Franciscan,1-8,0.3774,,0.1111,0.4831,0.4324,213,0 - 0,0 - 0,0 - 0,1 - 8,girls,D3,lacrossereference
239,Spalding,3-9,0.3759,,0.25,0.4132,0.4271,232,0 - 0,0 - 0,0 - 0,3 - 9,girls,D3,lacrossereference
240,Bard,1-11,0.3752,,0.0833,0.4619,0.4937,120,0 - 0,0 - 0,0 - 1,1 - 10,girls,D3,lacrossereference
241,Dean,3-9,0.3748,,0.25,0.4302,0.3887,237,0 - 0,0 - 0,0 - 0,3 - 9,girls,D3,lacrossereference
242,Augsburg,2-11,0.3735,,0.1538,0.4298,0.4805,138,0 - 0,0 - 0,0 - 0,2 - 11,girls,D3,lacrossereference
243,Whittier,0-11,0.3728,,0.0,0.4965,0.4981,132,0 - 0,0 - 0,0 - 1,0 - 10,girls,D3,lacrossereference
244,Westminster (PA),3-6,0.3728,,0.3333,0.3586,0.4405,265,0 - 0,0 - 0,0 - 0,3 - 6,girls,D3,lacrossereference
245,Centenary,3-7,0.372,,0.3,0.3681,0.4516,252,0 - 0,0 - 0,0 - 0,3 - 7,girls,D3,lacrossereference
246,Castleton,2-10,0.3706,,0.1667,0.4764,0.3627,233,0 - 0,0 - 0,0 - 0,2 - 10,girls,D3,lacrossereference
247,Eastern,1-9,0.3662,,0.1,0.4448,0.475,169,0 - 0,0 - 0,0 - 0,1 - 9,girls,D3,lacrossereference
248,Salem State,2-9,0.3617,,0.1818,0.4151,0.4347,217,0 - 0,0 - 0,0 - 0,2 - 9,girls,D3,lacrossereference
249,Maine-Farmington,3-6,0.3615,,0.3333,0.3611,0.3903,271,0 - 0,0 - 0,0 - 0,3 - 6,girls,D3,lacrossereference
250,Augustana,2-8,0.3592,,0.2,0.3974,0.442,244,0 - 0,0 - 0,0 - 0,2 - 8,girls,D3,lacrossereference
251,Anna Maria,3-8,0.3577,,0.2727,0.3737,0.4109,242,0 - 0,0 - 0,0 - 0,3 - 8,girls,D3,lacrossereference
252,Old Westbury,1-7,0.3571,,0.125,0.4545,0.3945,250,0 - 0,0 - 0,0 - 0,1 - 7,girls,D3,lacrossereference
253,Curry,5-9,0.3569,,0.3571,0.3164,0.4376,234,0 - 0,0 - 0,0 - 0,5 - 9,girls,D3,lacrossereference
254,Notre Dame (MD),2-7,0.3548,,0.2222,0.3711,0.4549,238,0 - 0,0 - 0,0 - 0,2 - 7,girls,D3,lacrossereference
255,William Peace,1-8,0.3533,,0.1111,0.4518,0.3983,236,0 - 0,0 - 0,0 - 0,1 - 8,girls,D3,lacrossereference
256,Huntingdon,2-8,0.3469,,0.2,0.3814,0.4249,257,0 - 0,0 - 0,0 - 0,2 - 8,girls,D3,lacrossereference
257,Bethany,2-9,0.345,,0.1818,0.4013,0.3957,255,0 - 0,0 - 0,0 - 0,2 - 9,girls,D3,lacrossereference
258,King's,1-12,0.3426,,0.0769,0.4254,0.4427,186,0 - 0,0 - 0,0 - 0,1 - 12,girls,D3,lacrossereference
259,Mitchell,0-9,0.3411,,0.0,0.4881,0.3881,244,0 - 0,0 - 0,0 - 0,0 - 9,girls,D3,lacrossereference
260,Pacific University,1-10,0.3394,,0.0909,0.4159,0.4348,217,0 - 0,0 - 0,0 - 0,1 - 10,girls,D3,lacrossereference
261,Warren Wilson,3-3,0.3383,,0.5,0.2241,0.4049,277,0 - 0,0 - 0,0 - 0,3 - 3,girls,D3,lacrossereference
262,Keuka,1-9,0.3381,,0.1,0.4091,0.4341,239,0 - 0,0 - 0,0 - 0,1 - 9,girls,D3,lacrossereference
263,UW Stevens Point,0-9,0.3358,,0.0,0.4348,0.4735,191,0 - 0,0 - 0,0 - 0,0 - 9,girls,D3,lacrossereference
264,Purchase College,1-9,0.3344,,0.1,0.43,0.3775,263,0 - 0,0 - 0,0 - 0,1 - 9,girls,D3,lacrossereference
265,Greensboro,1-10,0.3289,,0.0909,0.4069,0.4109,229,0 - 0,0 - 0,0 - 0,1 - 10,girls,D3,lacrossereference
266,Lewis & Clark,0-12,0.326,,0.0,0.4236,0.4568,176,0 - 0,0 - 0,0 - 0,0 - 12,girls,D3,lacrossereference
267,Franklin,1-6,0.324,,0.1429,0.3726,0.408,259,0 - 0,0 - 0,0 - 0,1 - 6,girls,D3,lacrossereference
268,NC Wesleyan,0-10,0.317,,0.0,0.4489,0.3703,251,0 - 0,0 - 0,0 - 0,0 - 10,girls,D3,lacrossereference
269,Saint Vincent,1-8,0.3153,,0.1111,0.3821,0.3859,267,0 - 0,0 - 0,0 - 0,1 - 8,girls,D3,lacrossereference
270,Gwynedd-Mercy,0-11,0.315,,0.0,0.407,0.4462,209,0 - 0,0 - 0,0 - 0,0 - 11,girls,D3,lacrossereference
271,UMass-Boston,0-11,0.313,,0.0,0.4083,0.4356,222,0 - 0,0 - 0,0 - 0,0 - 11,girls,D3,lacrossereference
272,Thomas College,2-8,0.3123,,0.2,0.3257,0.3978,273,0 - 0,0 - 0,0 - 0,2 - 8,girls,D3,lacrossereference
273,Wentworth,0-9,0.3119,,0.0,0.4196,0.4083,248,0 - 0,0 - 0,0 - 0,0 - 9,girls,D3,lacrossereference
274,Albertus Magnus,1-12,0.2967,,0.0769,0.36,0.3898,256,0 - 0,0 - 0,0 - 0,1 - 12,girls,D3,lacrossereference
275,Hilbert,0-7,0.287,,0.0,0.3983,0.3514,274,0 - 0,0 - 0,0 - 0,0 - 7,girls,D3,lacrossereference
276,Rhode Island College,2-9,0.2866,,0.1818,0.2691,0.4263,269,0 - 0,0 - 0,0 - 0,2 - 9,girls,D3,lacrossereference
277,Waynesburg,1-12,0.2857,,0.0769,0.3501,0.3657,268,0 - 0,0 - 0,0 - 0,1 - 12,girls,D3,lacrossereference
278,Mount St. Joseph,0-10,0.2714,,0.0,0.3245,0.4366,260,0 - 0,0 - 0,0 - 0,0 - 10,girls,D3,lacrossereference
279,NVU-Lyndon,0-6,0.2365,,0.0,0.2744,0.3972,276,0 - 0,0 - 0,0 - 0,0 - 6,girls,D3,lacrossereference
280,Sweet Briar,1-8,0.219,,0.1111,0.1707,0.4235,278,0 - 0,0 - 0,0 - 0,1 - 8,girls,D3,lacrossereference
1,Yale,11-1,0.6873,,0.9167,0.6302,0.5722,15,0 - 0,1 - 0,3 - 1,7 - 0,girls,D1,lacrossereference
2,Northwestern,12-2,0.6845,,0.8571,0.6353,0.6103,3,2 - 0,1 - 1,3 - 0,6 - 1,girls,D1,lacrossereference
3,Syracuse,12-3,0.6844,,0.8,0.6681,0.6012,4,0 - 2,3 - 0,1 - 1,8 - 0,girls,D1,lacrossereference
4,Michigan,14-1,0.677,,0.9333,0.6044,0.566,19,0 - 1,2 - 0,1 - 0,11 - 0,girls,D1,lacrossereference
5,Maryland,11-4,0.6756,,0.7333,0.6836,0.6017,1,2 - 1,1 - 1,2 - 1,6 - 1,girls,D1,lacrossereference
6,Virginia,12-3,0.668,,0.8,0.6411,0.5897,6,0 - 1,1 - 0,4 - 1,7 - 1,girls,D1,lacrossereference
7,Penn,9-3,0.6626,,0.75,0.6553,0.59,11,1 - 2,1 - 0,0 - 1,7 - 0,girls,D1,lacrossereference
8,Johns Hopkins,10-5,0.662,,0.6667,0.6957,0.5898,2,0 - 3,0 - 2,2 - 0,8 - 0,girls,D1,lacrossereference
9,Notre Dame,13-2,0.6601,,0.8667,0.603,0.5678,9,1 - 1,0 - 1,3 - 0,9 - 0,girls,D1,lacrossereference
10,Loyola,13-1,0.6591,,0.9286,0.5671,0.5739,25,0 - 1,1 - 0,2 - 0,10 - 0,girls,D1,lacrossereference
11,Stanford,9-3,0.6541,,0.75,0.6547,0.557,26,0 - 1,0 - 1,0 - 1,9 - 0,girls,D1,lacrossereference
12,Boston College,12-3,0.6461,,0.8,0.6007,0.583,9,1 - 1,0 - 2,1 - 0,10 - 0,girls,D1,lacrossereference
13,Princeton,8-4,0.6401,,0.6667,0.6545,0.5845,13,0 - 1,1 - 2,1 - 1,6 - 0,girls,D1,lacrossereference
14,Fairfield,13-1,0.6387,,0.9286,0.5562,0.5137,57,0 - 0,0 - 0,0 - 0,13 - 1,girls,D1,lacrossereference
15,Stony Brook,13-2,0.6386,,0.8667,0.5638,0.5602,27,1 - 0,0 - 1,0 - 1,12 - 0,girls,D1,lacrossereference
16,Denver,11-3,0.6351,,0.7857,0.5907,0.5731,22,0 - 3,0 - 0,2 - 0,9 - 0,girls,D1,lacrossereference
17,James Madison,10-4,0.6331,,0.7143,0.6255,0.5672,18,0 - 1,0 - 2,1 - 1,9 - 0,girls,D1,lacrossereference
18,North Carolina,9-5,0.6287,,0.6429,0.6464,0.5792,7,0 - 2,1 - 1,1 - 2,7 - 0,girls,D1,lacrossereference
19,Florida,13-2,0.6283,,0.8667,0.5431,0.5604,36,1 - 0,0 - 1,2 - 1,10 - 0,girls,D1,lacrossereference
20,Brown,9-4,0.6131,,0.6923,0.6062,0.5475,32,0 - 1,0 - 1,0 - 1,9 - 1,girls,D1,lacrossereference
21,Drexel,10-4,0.6088,,0.7143,0.5918,0.5373,29,0 - 1,0 - 1,0 - 2,10 - 0,girls,D1,lacrossereference
22,USC,10-4,0.6086,,0.7143,0.5854,0.5494,34,0 - 1,0 - 1,0 - 1,10 - 1,girls,D1,lacrossereference
23,Penn State,8-6,0.6073,,0.5714,0.6455,0.567,12,2 - 1,0 - 1,0 - 1,6 - 3,girls,D1,lacrossereference
24,Holy Cross,10-3,0.5995,,0.7692,0.5571,0.5144,61,0 - 0,0 - 0,1 - 1,9 - 2,girls,D1,lacrossereference
25,Clemson,9-6,0.598,,0.6,0.6207,0.5506,19,0 - 1,0 - 2,0 - 2,9 - 1,girls,D1,lacrossereference
26,Navy,11-3,0.5967,,0.7857,0.5283,0.5447,47,0 - 0,0 - 1,0 - 0,11 - 2,girls,D1,lacrossereference
27,Colorado,10-4,0.5927,,0.7143,0.5463,0.5639,30,0 - 2,0 - 0,0 - 2,10 - 0,girls,D1,lacrossereference
28,Harvard,8-3,0.5916,,0.7273,0.544,0.5511,50,0 - 1,0 - 1,1 - 0,7 - 1,girls,D1,lacrossereference
29,Temple,9-4,0.5841,,0.6923,0.5529,0.5383,46,0 - 1,0 - 1,0 - 1,9 - 1,girls,D1,lacrossereference
30,UMass,9-4,0.5834,,0.6923,0.5732,0.495,65,0 - 0,0 - 0,0 - 2,9 - 2,girls,D1,lacrossereference
31,Duke,10-6,0.5795,,0.625,0.5638,0.5651,8,0 - 1,1 - 2,0 - 1,9 - 2,girls,D1,lacrossereference
32,Dartmouth,7-5,0.5773,,0.5833,0.5872,0.5517,41,0 - 1,0 - 0,0 - 2,7 - 2,girls,D1,lacrossereference
33,Rutgers,6-8,0.5757,,0.4286,0.6484,0.5775,5,0 - 4,0 - 1,0 - 2,6 - 1,girls,D1,lacrossereference
34,Niagara,12-3,0.5709,,0.8,0.4907,0.502,77,0 - 0,0 - 0,0 - 1,12 - 2,girls,D1,lacrossereference
35,Siena,11-4,0.5683,,0.7333,0.5138,0.5123,66,0 - 0,0 - 1,0 - 0,11 - 3,girls,D1,lacrossereference
36,Richmond,11-3,0.5612,,0.7857,0.4796,0.4997,82,0 - 0,0 - 1,0 - 1,11 - 1,girls,D1,lacrossereference
37,Coastal Carolina,10-4,0.5589,,0.7143,0.5228,0.4756,88,0 - 0,0 - 0,0 - 0,10 - 4,girls,D1,lacrossereference
38,Virginia Tech,9-7,0.5576,,0.5625,0.5653,0.5373,24,0 - 1,0 - 1,0 - 3,9 - 2,girls,D1,lacrossereference
39,Cornell,7-6,0.556,,0.5385,0.5562,0.5732,28,0 - 1,0 - 2,0 - 1,7 - 2,girls,D1,lacrossereference
40,Army,6-7,0.5516,Projection,0.4615,0.599,0.5468,31,0 - 1,0 - 1,0 - 1,6 - 4,girls,D1,lacrossereference
41,Bryant,8-5,0.5506,,0.6154,0.5509,0.4854,72,0 - 0,0 - 0,0 - 2,8 - 3,girls,D1,lacrossereference
42,Saint Joseph's,8-6,0.5497,,0.5714,0.5554,0.5165,43,0 - 1,0 - 0,0 - 0,8 - 5,girls,D1,lacrossereference
43,Albany,4-9,0.5466,,0.3077,0.657,0.5648,14,0 - 2,0 - 1,0 - 4,4 - 2,girls,D1,lacrossereference
44,UConn,8-5,0.5438,,0.6154,0.5116,0.5368,49,0 - 1,0 - 0,0 - 3,8 - 1,girls,D1,lacrossereference
45,Louisville,7-9,0.5423,,0.4375,0.5956,0.5403,16,0 - 1,0 - 1,0 - 3,7 - 4,girls,D1,lacrossereference
46,Towson,6-8,0.5397,,0.4286,0.5971,0.5363,37,0 - 0,0 - 1,0 - 2,6 - 5,girls,D1,lacrossereference
47,Iona,10-4,0.5377,,0.7143,0.4773,0.4821,85,0 - 0,0 - 0,0 - 1,10 - 3,girls,D1,lacrossereference
48,Mercer,8-5,0.5373,,0.6154,0.5326,0.4686,69,0 - 0,0 - 1,0 - 1,8 - 3,girls,D1,lacrossereference
49,Delaware,9-5,0.5354,,0.6429,0.4957,0.5075,63,0 - 0,0 - 0,0 - 1,9 - 4,girls,D1,lacrossereference
50,Arizona State,7-8,0.534,,0.4667,0.5719,0.5257,23,0 - 1,0 - 0,0 - 4,7 - 3,girls,D1,lacrossereference
51,Hofstra,9-5,0.532,,0.6429,0.4826,0.5198,62,0 - 0,0 - 0,0 - 1,9 - 4,girls,D1,lacrossereference
52,UC Davis,9-5,0.5288,,0.6429,0.4928,0.4865,79,0 - 0,0 - 0,0 - 1,9 - 4,girls,D1,lacrossereference
53,Lehigh,7-5,0.5256,,0.5833,0.4944,0.5303,68,0 - 0,0 - 1,0 - 0,7 - 4,girls,D1,lacrossereference
54,Davidson,8-6,0.5222,,0.5714,0.5093,0.4986,59,0 - 0,0 - 0,0 - 1,8 - 5,girls,D1,lacrossereference
55,Vanderbilt,8-6,0.5186,,0.5714,0.484,0.5349,47,0 - 0,0 - 1,0 - 2,8 - 3,girls,D1,lacrossereference
56,Ohio State,7-7,0.5147,,0.5,0.5125,0.5337,37,0 - 3,0 - 1,0 - 1,7 - 2,girls,D1,lacrossereference
57,Georgetown,6-9,0.5119,,0.4,0.5471,0.5533,21,0 - 1,0 - 3,0 - 1,6 - 4,girls,D1,lacrossereference
58,UMass Lowell,11-4,0.5037,,0.7333,0.4059,0.4696,91,0 - 0,0 - 0,0 - 1,11 - 3,girls,D1,lacrossereference
59,Binghamton,8-6,0.5035,,0.5714,0.4609,0.5209,56,0 - 0,0 - 0,0 - 0,8 - 6,girls,D1,lacrossereference
60,Jacksonville,5-8,0.5032,,0.3846,0.5598,0.5086,40,0 - 1,0 - 0,0 - 3,5 - 4,girls,D1,lacrossereference
61,Mount St Mary's,5-9,0.5013,,0.3571,0.5883,0.4714,55,0 - 0,0 - 0,0 - 1,5 - 8,girls,D1,lacrossereference
62,Canisius,10-5,0.4938,,0.6667,0.4163,0.4758,97,0 - 0,0 - 0,0 - 1,10 - 4,girls,D1,lacrossereference
63,UMBC,9-4,0.4922,,0.6923,0.3903,0.4958,92,0 - 0,0 - 0,0 - 0,9 - 4,girls,D1,lacrossereference
64,Elon,7-7,0.4884,,0.5,0.4773,0.499,83,0 - 0,0 - 0,0 - 1,7 - 6,girls,D1,lacrossereference
65,Liberty,5-10,0.4868,,0.3333,0.5491,0.5157,32,0 - 0,0 - 2,0 - 2,5 - 6,girls,D1,lacrossereference
66,Sacred Heart,8-5,0.4847,,0.6154,0.4427,0.4379,103,0 - 0,0 - 0,0 - 2,8 - 3,girls,D1,lacrossereference
67,Cincinnati,10-5,0.4838,,0.6667,0.384,0.5005,89,0 - 1,0 - 0,0 - 1,10 - 3,girls,D1,lacrossereference
68,Lindenwood,11-3,0.4826,,0.7857,0.3393,0.4662,112,0 - 0,0 - 0,0 - 0,11 - 3,girls,D1,lacrossereference
69,Marquette,5-10,0.481,,0.3333,0.5392,0.5125,39,0 - 2,0 - 0,0 - 1,5 - 7,girls,D1,lacrossereference
70,Pittsburgh,5-11,0.4744,,0.3125,0.5196,0.5458,17,0 - 1,0 - 2,0 - 2,5 - 6,girls,D1,lacrossereference
71,Oregon,7-5,0.474,,0.5833,0.4084,0.4958,98,0 - 0,0 - 0,0 - 1,7 - 4,girls,D1,lacrossereference
72,High Point,8-5,0.4739,,0.6154,0.3908,0.4987,87,0 - 0,0 - 0,0 - 1,8 - 4,girls,D1,lacrossereference
73,Boston U,4-9,0.4717,,0.3077,0.5404,0.4983,60,0 - 0,0 - 1,0 - 2,4 - 6,girls,D1,lacrossereference
74,American,6-8,0.4712,,0.4286,0.4898,0.4766,67,0 - 0,0 - 1,0 - 0,6 - 7,girls,D1,lacrossereference
75,Le Moyne,8-6,0.4685,,0.5714,0.44,0.4225,107,0 - 0,0 - 0,0 - 0,8 - 6,girls,D1,lacrossereference
76,St. Bonaventure,7-8,0.4675,,0.4667,0.4793,0.4446,90,0 - 0,0 - 0,0 - 0,7 - 8,girls,D1,lacrossereference
77,Vermont,6-7,0.4652,,0.4615,0.4519,0.4956,80,0 - 0,0 - 0,0 - 1,6 - 6,girls,D1,lacrossereference
78,Colgate,2-11,0.464,,0.1538,0.5896,0.5231,35,0 - 0,0 - 1,0 - 0,2 - 10,girls,D1,lacrossereference
79,Monmouth,6-8,0.4627,,0.4286,0.4486,0.5248,58,0 - 0,0 - 0,0 - 2,6 - 6,girls,D1,lacrossereference
80,Villanova,6-7,0.4604,,0.4615,0.4432,0.4934,83,0 - 0,0 - 0,0 - 1,6 - 6,girls,D1,lacrossereference
81,Queens,8-6,0.4583,,0.5714,0.3978,0.4662,93,0 - 0,0 - 0,0 - 0,8 - 6,girls,D1,lacrossereference
82,East Carolina,3-11,0.4563,,0.2143,0.5504,0.5099,41,0 - 0,0 - 0,0 - 3,3 - 8,girls,D1,lacrossereference
83,LIU,7-7,0.4551,,0.5,0.4445,0.4315,101,0 - 0,0 - 0,0 - 0,7 - 7,girls,D1,lacrossereference
84,Columbia,3-9,0.4494,,0.25,0.5125,0.5227,54,0 - 0,0 - 1,0 - 2,3 - 6,girls,D1,lacrossereference
85,VCU,4-11,0.4479,,0.2667,0.5084,0.5081,44,0 - 0,0 - 1,0 - 0,4 - 10,girls,D1,lacrossereference
86,William and Mary,4-11,0.4452,,0.2667,0.5067,0.5006,52,0 - 1,0 - 1,0 - 1,4 - 8,girls,D1,lacrossereference
87,California,4-9,0.4451,,0.3077,0.4936,0.4856,70,0 - 0,0 - 0,0 - 0,4 - 9,girls,D1,lacrossereference
88,Furman,6-8,0.4434,,0.4286,0.4333,0.4785,78,0 - 0,0 - 0,0 - 2,6 - 6,girls,D1,lacrossereference
89,San Diego State,2-12,0.4422,,0.1429,0.561,0.5039,45,0 - 0,0 - 0,0 - 3,2 - 9,girls,D1,lacrossereference
90,George Mason,9-6,0.4413,,0.6,0.3668,0.4315,108,0 - 0,0 - 0,0 - 0,9 - 6,girls,D1,lacrossereference
91,Central Michigan,4-11,0.4381,,0.2667,0.5073,0.4713,51,0 - 2,0 - 1,0 - 0,4 - 8,girls,D1,lacrossereference
92,Campbell,3-12,0.4363,,0.2,0.5297,0.4856,53,0 - 0,0 - 0,0 - 1,3 - 11,girls,D1,lacrossereference
93,Rider,8-7,0.4341,,0.5333,0.3785,0.4459,104,0 - 0,0 - 0,0 - 0,8 - 7,girls,D1,lacrossereference
94,Bucknell,4-8,0.4326,,0.3333,0.4403,0.5164,85,0 - 0,0 - 0,0 - 0,4 - 8,girls,D1,lacrossereference
95,Manhattan,4-11,0.4305,,0.2667,0.4868,0.4817,63,0 - 0,0 - 0,0 - 1,4 - 10,girls,D1,lacrossereference
96,Wofford,5-7,0.4273,,0.4167,0.4279,0.4369,111,0 - 0,0 - 0,0 - 0,5 - 7,girls,D1,lacrossereference
97,Duquesne,7-7,0.4273,,0.5,0.3924,0.4242,114,0 - 0,0 - 0,0 - 0,7 - 7,girls,D1,lacrossereference
98,Quinnipiac,2-11,0.427,,0.1538,0.5316,0.4909,71,0 - 1,0 - 0,0 - 1,2 - 9,girls,D1,lacrossereference
99,Marist,3-11,0.4265,,0.2143,0.5058,0.4803,74,0 - 0,0 - 0,0 - 1,3 - 10,girls,D1,lacrossereference
100,Lafayette,4-9,0.4211,,0.3077,0.4422,0.4923,81,0 - 0,0 - 1,0 - 0,4 - 8,girls,D1,lacrossereference
101,New Hampshire,2-10,0.4202,,0.1667,0.5218,0.4705,76,0 - 0,0 - 0,0 - 0,2 - 10,girls,D1,lacrossereference
102,Eastern Michigan,6-6,0.4196,,0.5,0.3639,0.4505,117,0 - 1,0 - 1,0 - 0,6 - 4,girls,D1,lacrossereference
103,Old Dominion,3-11,0.4189,,0.2143,0.4944,0.4723,75,0 - 0,0 - 0,0 - 1,3 - 10,girls,D1,lacrossereference
104,Saint Francis,7-6,0.4188,,0.5385,0.3662,0.4044,122,0 - 0,0 - 0,0 - 0,7 - 6,girls,D1,lacrossereference
105,Kent State,5-10,0.4101,,0.3333,0.4474,0.4121,106,0 - 0,0 - 0,0 - 0,5 - 10,girls,D1,lacrossereference
106,Stonehill,6-7,0.4055,,0.4615,0.3684,0.4237,110,0 - 0,0 - 0,0 - 0,6 - 7,girls,D1,lacrossereference
107,Butler,2-12,0.403,,0.1429,0.4967,0.4756,73,0 - 0,0 - 1,0 - 1,2 - 10,girls,D1,lacrossereference
108,Stetson,4-9,0.3963,,0.3077,0.4163,0.4448,95,0 - 0,0 - 0,0 - 1,4 - 8,girls,D1,lacrossereference
109,Longwood,7-7,0.3908,,0.5,0.3097,0.4439,119,0 - 0,0 - 0,0 - 0,7 - 7,girls,D1,lacrossereference
110,Akron,6-8,0.3876,,0.4286,0.3577,0.4065,120,0 - 0,0 - 0,0 - 0,6 - 8,girls,D1,lacrossereference
111,George Washington,4-11,0.376,,0.2667,0.3961,0.4451,95,0 - 0,0 - 0,0 - 0,4 - 11,girls,D1,lacrossereference
112,Robert Morris,4-11,0.3745,,0.2667,0.3931,0.4453,100,0 - 0,0 - 0,0 - 1,4 - 10,girls,D1,lacrossereference
113,Merrimack,3-11,0.3711,,0.2143,0.4269,0.4161,99,0 - 0,0 - 0,0 - 0,3 - 11,girls,D1,lacrossereference
114,Wagner,4-9,0.3684,,0.3077,0.3713,0.4234,113,0 - 0,0 - 0,0 - 0,4 - 9,girls,D1,lacrossereference
115,Kennesaw State,4-9,0.3658,,0.3077,0.3633,0.4291,116,0 - 0,0 - 0,0 - 0,4 - 9,girls,D1,lacrossereference
116,La Salle,2-10,0.3656,,0.1667,0.4215,0.4526,94,0 - 0,0 - 0,0 - 0,2 - 10,girls,D1,lacrossereference
117,Xavier,3-10,0.3519,,0.2308,0.3578,0.4613,102,0 - 0,0 - 0,0 - 0,3 - 10,girls,D1,lacrossereference
118,Winthrop,1-12,0.3448,,0.0769,0.4397,0.423,105,0 - 0,0 - 0,0 - 0,1 - 12,girls,D1,lacrossereference
119,Radford,4-9,0.3366,,0.3077,0.3306,0.3776,126,0 - 0,0 - 0,0 - 0,4 - 9,girls,D1,lacrossereference
120,Detroit Mercy,3-11,0.3324,,0.2143,0.3418,0.4319,118,0 - 0,0 - 0,0 - 0,3 - 11,girls,D1,lacrossereference
121,Presbyterian,2-10,0.3242,,0.1667,0.3717,0.3867,124,0 - 0,0 - 0,0 - 0,2 - 10,girls,D1,lacrossereference
122,Delaware State,2-11,0.3242,,0.1538,0.3832,0.3764,123,0 - 0,0 - 0,0 - 0,2 - 11,girls,D1,lacrossereference
123,Youngstown State,0-14,0.3049,,0.0,0.403,0.4135,115,0 - 0,0 - 0,0 - 0,0 - 14,girls,D1,lacrossereference
124,Central Conn,2-10,0.3013,,0.1667,0.3196,0.3993,125,0 - 1,0 - 0,0 - 0,2 - 9,girls,D1,lacrossereference
125,Gardner-Webb,0-14,0.2955,,0.0,0.3753,0.4313,109,0 - 0,0 - 0,0 - 0,0 - 14,girls,D1,lacrossereference
126,Fairleigh Dickinson,2-13,0.2936,,0.1333,0.3221,0.3969,121,0 - 0,0 - 0,0 - 0,2 - 13,girls,D1,lacrossereference
127,Howard,0-14,0.2429,,0.0,0.2912,0.3891,127,0 - 0,0 - 0,0 - 0,0 - 14,girls,D1,lacrossereference
1,Tampa,14-1,0.7061,,0.9333,0.6591,0.573,1,0 - 1,2 - 0,4 - 0,8 - 0,boys,D2,lacrossereference
2,Lenoir-Rhyne,12-1,0.6851,,0.9231,0.6295,0.5585,6,2 - 1,2 - 0,1 - 0,7 - 0,boys,D2,lacrossereference
3,Adelphi,10-2,0.6835,,0.8333,0.6642,0.5724,5,1 - 1,2 - 1,1 - 0,6 - 0,boys,D2,lacrossereference
4,Limestone,14-0,0.6707,,1.0,0.5649,0.553,10,1 - 0,1 - 0,2 - 0,10 - 0,boys,D2,lacrossereference
5,Pace,10-1,0.6606,,0.9091,0.5788,0.5758,25,0 - 1,1 - 0,1 - 0,8 - 0,boys,D2,lacrossereference
6,UIndy,10-3,0.6556,,0.7692,0.6613,0.5306,9,0 - 1,1 - 0,2 - 2,7 - 0,boys,D2,lacrossereference
7,Mercy,10-1,0.6528,,0.9091,0.5785,0.545,22,0 - 1,1 - 0,3 - 0,6 - 0,boys,D2,lacrossereference
8,Rollins,11-2,0.6436,,0.8462,0.5716,0.585,8,1 - 1,0 - 1,1 - 0,9 - 0,boys,D2,lacrossereference
9,Bentley,6-4,0.6433,,0.6,0.712,0.5493,13,0 - 2,0 - 1,2 - 1,4 - 0,boys,D2,lacrossereference
10,Wingate,9-4,0.6384,,0.6923,0.6531,0.555,2,0 - 3,0 - 0,3 - 1,6 - 0,boys,D2,lacrossereference
11,Saint Anselm,8-1,0.6293,,0.8889,0.5156,0.5969,32,0 - 0,1 - 1,2 - 0,5 - 0,boys,D2,lacrossereference
12,Mercyhurst,9-3,0.6166,,0.75,0.6005,0.5156,19,0 - 0,0 - 2,2 - 1,7 - 0,boys,D2,lacrossereference
13,Maryville,9-3,0.6164,,0.75,0.5984,0.5188,26,0 - 0,0 - 1,0 - 1,9 - 1,boys,D2,lacrossereference
14,Florida Southern,8-6,0.6091,,0.5714,0.6493,0.5664,3,0 - 2,1 - 1,0 - 0,7 - 3,boys,D2,lacrossereference
15,Newberry,10-3,0.5961,,0.7692,0.538,0.5392,20,0 - 2,1 - 1,0 - 0,9 - 0,boys,D2,lacrossereference
16,Rockhurst,9-2,0.5898,,0.8182,0.5178,0.5054,55,0 - 1,1 - 0,0 - 0,8 - 1,boys,D2,lacrossereference
17,Frostburg,9-3,0.5873,,0.75,0.5508,0.4975,46,0 - 0,0 - 2,0 - 1,9 - 0,boys,D2,lacrossereference
18,Seton Hill,8-4,0.586,,0.6667,0.5744,0.5286,28,0 - 1,0 - 2,0 - 1,8 - 0,boys,D2,lacrossereference
19,Assumption,5-5,0.577,,0.5,0.6381,0.5317,26,0 - 2,0 - 1,0 - 1,5 - 1,boys,D2,lacrossereference
20,Westminster (UT),9-2,0.5757,,0.8182,0.4902,0.5041,57,0 - 1,0 - 0,1 - 0,8 - 1,boys,D2,lacrossereference
21,Colorado Mesa,8-4,0.5729,,0.6667,0.5618,0.5015,29,0 - 1,0 - 0,1 - 3,7 - 0,boys,D2,lacrossereference
22,Lewis,10-3,0.5672,,0.7692,0.4889,0.5219,46,0 - 0,0 - 0,1 - 2,9 - 1,boys,D2,lacrossereference
23,Wilmington,7-3,0.5632,,0.7,0.5415,0.4698,61,0 - 1,0 - 0,0 - 2,7 - 0,boys,D2,lacrossereference
24,Florida Tech,5-7,0.5629,,0.4167,0.6385,0.5579,4,0 - 2,0 - 2,1 - 1,4 - 2,boys,D2,lacrossereference
25,Saint Leo,7-5,0.551,,0.5833,0.5307,0.5592,16,0 - 2,0 - 0,1 - 1,6 - 2,boys,D2,lacrossereference
26,Lander,9-4,0.5508,,0.6923,0.4998,0.5115,35,0 - 1,0 - 0,0 - 1,9 - 2,boys,D2,lacrossereference
27,Mount Olive,9-3,0.5492,,0.75,0.4775,0.4919,54,0 - 0,0 - 1,0 - 1,9 - 1,boys,D2,lacrossereference
28,Roberts Wesleyan,8-5,0.5446,,0.6154,0.5255,0.512,29,0 - 0,0 - 1,0 - 3,8 - 1,boys,D2,lacrossereference
29,Davenport,7-4,0.5413,,0.6364,0.5138,0.5012,55,0 - 0,0 - 1,0 - 2,7 - 1,boys,D2,lacrossereference
30,Montevallo,9-4,0.5409,,0.6923,0.4816,0.5082,42,0 - 0,0 - 1,1 - 1,8 - 2,boys,D2,lacrossereference
31,Belmont Abbey,8-6,0.5395,,0.5714,0.535,0.5167,18,0 - 2,0 - 0,0 - 2,8 - 2,boys,D2,lacrossereference
32,Anderson (SC),7-7,0.5394,,0.5,0.5644,0.5289,11,0 - 2,0 - 2,0 - 1,7 - 2,boys,D2,lacrossereference
33,Saint Michael's,6-4,0.5386,,0.6,0.5112,0.5319,52,0 - 2,0 - 1,1 - 0,5 - 1,boys,D2,lacrossereference
34,Flagler,4-8,0.5297,,0.3333,0.6121,0.5614,7,0 - 2,0 - 1,0 - 1,4 - 4,boys,D2,lacrossereference
35,Saint Rose,7-7,0.5291,,0.5,0.5582,0.5001,24,0 - 2,0 - 1,0 - 1,7 - 3,boys,D2,lacrossereference
36,Embry-Riddle,6-7,0.5279,,0.4615,0.5537,0.5426,14,0 - 1,0 - 1,1 - 0,5 - 5,boys,D2,lacrossereference
37,Chestnut Hill,6-4,0.5254,,0.6,0.5103,0.4809,60,0 - 1,0 - 0,0 - 1,6 - 2,boys,D2,lacrossereference
38,Molloy,6-8,0.5171,,0.4286,0.5731,0.4937,11,0 - 2,0 - 1,0 - 3,6 - 2,boys,D2,lacrossereference
39,Georgian Court,8-6,0.5157,,0.5714,0.5082,0.4748,35,0 - 2,0 - 1,0 - 1,8 - 2,boys,D2,lacrossereference
40,Lynn,4-8,0.5086,,0.3333,0.5736,0.5538,14,0 - 1,0 - 1,0 - 2,4 - 4,boys,D2,lacrossereference
41,Palm Beach Atlantic,4-5,0.4967,,0.4444,0.5031,0.5362,49,0 - 1,0 - 1,0 - 1,4 - 2,boys,D2,lacrossereference
42,North Greenville,8-7,0.4931,,0.5333,0.4721,0.4947,38,0 - 1,0 - 0,0 - 0,8 - 6,boys,D2,lacrossereference
43,Catawba,7-7,0.4925,,0.5,0.4819,0.5062,33,0 - 1,0 - 1,0 - 1,7 - 4,boys,D2,lacrossereference
44,Coker,6-7,0.4896,,0.4615,0.4969,0.503,43,0 - 2,0 - 0,0 - 1,6 - 4,boys,D2,lacrossereference
45,Lake Erie,6-7,0.4859,,0.4615,0.4918,0.4982,31,0 - 0,0 - 1,0 - 3,6 - 3,boys,D2,lacrossereference
46,Southern NH,3-8,0.4849,,0.2727,0.569,0.529,22,0 - 1,0 - 1,0 - 2,3 - 4,boys,D2,lacrossereference
47,Quincy,5-7,0.4816,,0.4167,0.5069,0.4958,40,0 - 0,0 - 1,0 - 3,5 - 3,boys,D2,lacrossereference
48,Alabama Huntsville,6-7,0.4778,,0.4615,0.4619,0.5259,34,0 - 0,0 - 1,0 - 2,6 - 4,boys,D2,lacrossereference
49,Franklin Pierce,3-8,0.468,,0.2727,0.5477,0.504,44,0 - 2,0 - 1,0 - 1,3 - 4,boys,D2,lacrossereference
50,Barton,6-8,0.467,,0.4286,0.4723,0.4948,37,0 - 1,0 - 1,0 - 0,6 - 6,boys,D2,lacrossereference
51,William Jewell,4-7,0.466,,0.3636,0.5082,0.4839,53,0 - 0,0 - 1,0 - 3,4 - 3,boys,D2,lacrossereference
52,Walsh,4-8,0.4538,,0.3333,0.5013,0.4795,50,0 - 0,0 - 1,0 - 2,4 - 5,boys,D2,lacrossereference
53,AIC,5-8,0.4531,,0.3846,0.4618,0.5041,39,0 - 1,0 - 1,0 - 2,5 - 4,boys,D2,lacrossereference
54,Mars Hill,5-9,0.449,,0.3571,0.4752,0.4884,40,0 - 1,0 - 1,0 - 1,5 - 6,boys,D2,lacrossereference
55,Concordia Irvine,6-7,0.4424,,0.4615,0.4149,0.4782,51,0 - 0,0 - 1,0 - 2,6 - 4,boys,D2,lacrossereference
56,Wheeling,5-7,0.4374,,0.4167,0.4278,0.4773,58,0 - 0,0 - 0,0 - 3,5 - 4,boys,D2,lacrossereference
57,Bridgeport,6-6,0.4328,,0.5,0.3899,0.4513,67,0 - 0,0 - 0,0 - 0,6 - 6,boys,D2,lacrossereference
58,Post,7-6,0.4276,,0.5385,0.3644,0.4431,71,0 - 0,0 - 0,0 - 0,7 - 6,boys,D2,lacrossereference
59,Lincoln Memorial,4-11,0.4269,,0.2667,0.472,0.4969,21,0 - 2,0 - 1,0 - 1,4 - 7,boys,D2,lacrossereference
60,Young Harris,6-7,0.4222,,0.4615,0.3808,0.4655,62,0 - 0,0 - 0,0 - 0,6 - 7,boys,D2,lacrossereference
61,Malone,6-6,0.4214,,0.5,0.3705,0.4445,68,0 - 0,0 - 0,0 - 2,6 - 4,boys,D2,lacrossereference
62,Dominican (CA),2-10,0.4086,,0.1667,0.4967,0.4743,48,0 - 0,0 - 0,0 - 3,2 - 7,boys,D2,lacrossereference
63,Thomas More,1-6,0.3968,,0.1429,0.4932,0.458,59,0 - 0,0 - 0,0 - 2,1 - 4,boys,D2,lacrossereference
64,Caldwell,3-7,0.3965,,0.3,0.4039,0.4783,66,0 - 0,0 - 0,0 - 1,3 - 6,boys,D2,lacrossereference
65,Tusculum,1-14,0.3921,,0.0667,0.5041,0.4935,17,0 - 2,0 - 1,0 - 1,1 - 10,boys,D2,lacrossereference
66,Shorter,3-5,0.3751,,0.375,0.3349,0.4556,75,0 - 0,0 - 0,0 - 0,3 - 5,boys,D2,lacrossereference
67,St. Thomas Aquinas,5-9,0.3693,,0.3571,0.3598,0.4005,72,0 - 0,0 - 1,0 - 1,5 - 7,boys,D2,lacrossereference
68,Dominican (NY),3-7,0.3686,,0.3,0.3757,0.4232,76,0 - 0,0 - 0,0 - 0,3 - 7,boys,D2,lacrossereference
69,Chowan,5-7,0.3654,,0.4167,0.3034,0.4382,74,0 - 0,0 - 0,0 - 0,5 - 7,boys,D2,lacrossereference
70,Tiffin,1-8,0.3639,,0.1111,0.4519,0.4408,69,0 - 0,0 - 0,0 - 1,1 - 7,boys,D2,lacrossereference
71,Emmanuel (GA),0-15,0.3583,,0.0,0.4845,0.464,45,0 - 0,0 - 0,0 - 1,0 - 14,boys,D2,lacrossereference
72,Felician,4-7,0.3484,,0.3636,0.3105,0.4088,78,0 - 0,0 - 0,0 - 0,4 - 7,boys,D2,lacrossereference
73,D'Youville,2-12,0.3411,,0.1429,0.3835,0.4544,63,0 - 0,0 - 0,0 - 0,2 - 12,boys,D2,lacrossereference
74,Lees-McRae,0-7,0.336,,0.0,0.4595,0.4251,70,0 - 0,0 - 0,0 - 0,0 - 7,boys,D2,lacrossereference
75,CSU Pueblo,2-9,0.3343,,0.1818,0.3445,0.4666,65,0 - 0,0 - 0,0 - 2,2 - 7,boys,D2,lacrossereference
76,Adams State,1-10,0.3179,,0.0909,0.3582,0.4641,64,0 - 0,0 - 0,0 - 2,1 - 8,boys,D2,lacrossereference
77,Davis & Elkins,3-9,0.3149,,0.25,0.2878,0.4341,73,0 - 0,0 - 0,0 - 2,3 - 7,boys,D2,lacrossereference
78,District of Columbia,1-9,0.2942,,0.1,0.3309,0.4151,77,0 - 0,0 - 1,0 - 0,1 - 8,boys,D2,lacrossereference
79,Holy Family,0-10,0.2749,,0.0,0.3535,0.3925,79,0 - 0,0 - 0,0 - 0,0 - 10,boys,D2,lacrossereference
80,Virginia State,1-9,0.2654,,0.1,0.2925,0.3768,80,0 - 0,0 - 0,0 - 0,1 - 9,boys,D2,lacrossereference
1,Florida Southern,13-3,0.7058,,0.8125,0.7156,0.5795,1,0 - 1,2 - 2,4 - 0,7 - 0,girls,D2,lacrossereference
2,Maryville,14-0,0.6914,,1.0,0.615,0.5356,19,1 - 0,1 - 0,1 - 0,11 - 0,girls,D2,lacrossereference
3,Grand Valley State,11-1,0.6805,,0.9167,0.6245,0.5561,21,0 - 1,0 - 0,2 - 0,9 - 0,girls,D2,lacrossereference
4,West Chester,11-0,0.6801,,1.0,0.5777,0.5651,28,0 - 0,1 - 0,1 - 0,9 - 0,girls,D2,lacrossereference
5,Pace,12-0,0.6779,,1.0,0.5683,0.5749,24,1 - 0,2 - 0,1 - 0,8 - 0,girls,D2,lacrossereference
6,Tampa,12-3,0.6632,,0.8,0.636,0.5807,3,0 - 2,1 - 1,4 - 0,7 - 0,girls,D2,lacrossereference
7,Flagler,14-2,0.6428,,0.875,0.5595,0.577,10,0 - 1,0 - 0,2 - 1,12 - 0,girls,D2,lacrossereference
8,Adelphi,10-2,0.6417,,0.8333,0.5894,0.5547,23,1 - 1,1 - 0,0 - 1,8 - 0,girls,D2,lacrossereference
9,Regis (CO),12-1,0.6402,,0.9231,0.5497,0.5384,29,1 - 1,0 - 0,1 - 0,10 - 0,girls,D2,lacrossereference
10,Kutztown,10-2,0.6325,,0.8333,0.5728,0.551,29,0 - 1,0 - 1,1 - 0,9 - 0,girls,D2,lacrossereference
11,Lynn,12-3,0.6243,,0.8,0.5684,0.5602,12,0 - 0,1 - 1,1 - 2,10 - 0,girls,D2,lacrossereference
12,Embry-Riddle,12-4,0.62,,0.75,0.5743,0.5814,7,0 - 1,0 - 1,1 - 2,11 - 0,girls,D2,lacrossereference
13,Rollins,11-5,0.6185,,0.6875,0.6036,0.5794,6,0 - 1,0 - 1,1 - 3,10 - 0,girls,D2,lacrossereference
14,Saint Leo,10-5,0.6181,,0.6667,0.6188,0.5683,5,0 - 1,0 - 2,3 - 0,7 - 2,girls,D2,lacrossereference
15,Northern Michigan,9-3,0.6067,,0.75,0.5723,0.532,43,0 - 2,0 - 0,0 - 0,9 - 1,girls,D2,lacrossereference
16,UIndy,11-4,0.6049,,0.7333,0.565,0.5563,15,0 - 2,0 - 2,0 - 0,11 - 0,girls,D2,lacrossereference
17,East Stroudsburg,8-4,0.6033,,0.6667,0.5906,0.5656,22,0 - 2,1 - 1,0 - 0,7 - 1,girls,D2,lacrossereference
18,Slippery Rock,9-2,0.603,,0.8182,0.5376,0.5185,67,0 - 0,0 - 0,1 - 0,8 - 2,girls,D2,lacrossereference
19,Limestone,14-1,0.602,,0.9333,0.4853,0.504,54,0 - 0,0 - 0,1 - 0,13 - 1,girls,D2,lacrossereference
20,Lock Haven,11-1,0.6019,,0.9167,0.4868,0.5174,73,0 - 0,0 - 0,0 - 1,11 - 0,girls,D2,lacrossereference
21,Mount Olive,13-3,0.5935,,0.8125,0.5336,0.4941,35,0 - 0,0 - 0,1 - 2,12 - 1,girls,D2,lacrossereference
22,Wingate,12-4,0.5864,,0.75,0.538,0.5196,16,0 - 1,0 - 0,1 - 2,11 - 1,girls,D2,lacrossereference
23,Bentley,8-4,0.5825,,0.6667,0.5528,0.558,25,0 - 2,0 - 1,0 - 1,8 - 0,girls,D2,lacrossereference
24,Frostburg State,8-5,0.5822,,0.6154,0.604,0.5054,35,0 - 1,0 - 1,0 - 2,8 - 1,girls,D2,lacrossereference
25,Bloomsburg,8-3,0.5812,,0.7273,0.5219,0.5538,48,0 - 1,0 - 1,1 - 0,7 - 1,girls,D2,lacrossereference
26,Lander,7-6,0.5743,,0.5385,0.6164,0.5259,17,0 - 0,0 - 1,0 - 3,7 - 2,girls,D2,lacrossereference
27,New Haven,7-4,0.5694,,0.6364,0.5627,0.5156,56,0 - 1,0 - 0,0 - 0,7 - 3,girls,D2,lacrossereference
28,Assumption,7-5,0.5682,,0.5833,0.5671,0.5552,26,0 - 1,0 - 1,1 - 0,6 - 3,girls,D2,lacrossereference
29,Seton Hill,8-4,0.5676,,0.6667,0.5364,0.5309,45,0 - 0,0 - 2,1 - 2,7 - 0,girls,D2,lacrossereference
30,Florida Tech,7-9,0.5648,,0.4375,0.634,0.5539,2,0 - 1,0 - 3,0 - 4,7 - 1,girls,D2,lacrossereference
31,Colorado Mesa,7-4,0.5612,,0.6364,0.5454,0.5174,66,0 - 2,0 - 1,0 - 1,7 - 0,girls,D2,lacrossereference
32,Alabama Huntsville,10-6,0.5566,,0.625,0.5258,0.5498,9,0 - 2,0 - 2,1 - 2,9 - 0,girls,D2,lacrossereference
33,Rockhurst,8-6,0.5535,,0.5714,0.5666,0.5094,29,0 - 2,0 - 1,1 - 1,7 - 2,girls,D2,lacrossereference
34,Missouri Western,8-6,0.5535,,0.5714,0.5577,0.527,27,0 - 2,0 - 1,0 - 2,8 - 1,girls,D2,lacrossereference
35,Anderson SC,13-2,0.5505,,0.8667,0.4241,0.4872,77,0 - 0,0 - 0,0 - 1,13 - 1,girls,D2,lacrossereference
36,Mercy,6-8,0.5494,,0.4286,0.6199,0.5291,8,0 - 3,0 - 2,0 - 0,6 - 3,girls,D2,lacrossereference
37,Shepherd,5-6,0.5466,,0.4545,0.5921,0.5478,29,0 - 1,0 - 1,0 - 1,5 - 3,girls,D2,lacrossereference
38,Lee,7-7,0.5427,,0.5,0.5588,0.5533,13,0 - 1,0 - 1,0 - 3,7 - 2,girls,D2,lacrossereference
39,Roberts Wesleyan,8-5,0.5427,,0.6154,0.5285,0.4983,40,0 - 2,0 - 1,0 - 1,8 - 1,girls,D2,lacrossereference
40,Wilmington,9-3,0.5395,,0.75,0.4693,0.4696,86,0 - 0,0 - 0,0 - 1,9 - 2,girls,D2,lacrossereference
41,Ashland,10-6,0.5366,,0.625,0.5175,0.4862,34,0 - 2,0 - 0,0 - 2,10 - 2,girls,D2,lacrossereference
42,Saint Anselm,8-5,0.5341,,0.6154,0.4835,0.5539,38,0 - 0,0 - 1,0 - 1,8 - 3,girls,D2,lacrossereference
43,Dominican (NY),9-2,0.5295,,0.8182,0.4176,0.4648,94,0 - 0,0 - 1,0 - 0,9 - 1,girls,D2,lacrossereference
44,Quincy,6-9,0.5263,,0.4,0.5933,0.5188,20,0 - 2,0 - 0,0 - 2,6 - 5,girls,D2,lacrossereference
45,Belmont Abbey,11-5,0.526,,0.6875,0.4629,0.4907,56,0 - 0,0 - 0,0 - 3,11 - 2,girls,D2,lacrossereference
46,Young Harris,9-7,0.5228,,0.5625,0.5299,0.4688,53,0 - 0,0 - 0,0 - 2,9 - 5,girls,D2,lacrossereference
47,Davenport,5-5,0.52,,0.5,0.5477,0.4845,80,0 - 0,0 - 0,0 - 2,5 - 3,girls,D2,lacrossereference
48,Walsh,9-5,0.5193,,0.6429,0.4699,0.4947,61,0 - 1,0 - 0,0 - 2,9 - 2,girls,D2,lacrossereference
49,Georgian Court,8-5,0.5156,,0.6154,0.479,0.4891,78,0 - 1,0 - 0,0 - 0,8 - 4,girls,D2,lacrossereference
50,Southern NH,3-7,0.5096,,0.3,0.6129,0.5127,47,0 - 1,0 - 0,0 - 2,3 - 4,girls,D2,lacrossereference
51,Newberry,9-6,0.5075,,0.6,0.471,0.4881,55,0 - 0,0 - 1,0 - 1,9 - 4,girls,D2,lacrossereference
52,Bridgeport,9-3,0.5057,,0.75,0.4219,0.4291,102,0 - 0,0 - 0,0 - 0,9 - 3,girls,D2,lacrossereference
53,UVA Wise,8-7,0.5025,,0.5333,0.4959,0.4847,46,0 - 0,0 - 0,0 - 2,8 - 5,girls,D2,lacrossereference
54,Westminster (UT),4-5,0.4953,,0.4444,0.5093,0.5183,72,0 - 0,0 - 2,0 - 1,4 - 2,girls,D2,lacrossereference
55,Concordia St. Paul,6-8,0.4921,,0.4286,0.5106,0.5187,42,0 - 2,0 - 0,0 - 1,6 - 5,girls,D2,lacrossereference
56,Millersville,3-8,0.485,,0.2727,0.5674,0.5327,39,0 - 1,0 - 1,0 - 2,3 - 4,girls,D2,lacrossereference
57,Molloy,6-7,0.4834,,0.4615,0.4734,0.5253,50,0 - 0,0 - 0,0 - 2,6 - 5,girls,D2,lacrossereference
58,Southern Connecticut,7-5,0.4833,,0.5833,0.4314,0.4873,84,0 - 0,0 - 1,0 - 0,7 - 4,girls,D2,lacrossereference
59,Montevallo,3-10,0.4812,,0.2308,0.5866,0.5209,11,0 - 0,0 - 1,0 - 5,3 - 4,girls,D2,lacrossereference
60,Palm Beach Atlantic,3-11,0.4811,,0.2143,0.5774,0.5555,4,0 - 1,0 - 2,0 - 4,3 - 4,girls,D2,lacrossereference
61,Shippensburg,2-10,0.48,,0.1667,0.6059,0.5415,14,0 - 1,0 - 2,0 - 1,2 - 6,girls,D2,lacrossereference
62,Findlay,9-6,0.4793,,0.6,0.4246,0.4683,79,0 - 1,0 - 0,0 - 1,9 - 4,girls,D2,lacrossereference
63,Lincoln Memorial,5-10,0.4782,,0.3333,0.5411,0.4972,18,0 - 0,0 - 1,0 - 3,5 - 6,girls,D2,lacrossereference
64,D'Youville,5-9,0.4763,,0.3571,0.5303,0.4874,51,0 - 0,0 - 0,0 - 2,5 - 7,girls,D2,lacrossereference
65,Lewis,6-7,0.4752,,0.4615,0.465,0.5092,56,0 - 0,0 - 0,0 - 2,6 - 5,girls,D2,lacrossereference
66,Emmanuel (GA),11-4,0.4737,,0.7333,0.3458,0.47,93,0 - 0,0 - 0,0 - 0,11 - 4,girls,D2,lacrossereference
67,Mercyhurst,2-9,0.4726,,0.1818,0.5977,0.5133,44,0 - 1,0 - 0,0 - 4,2 - 4,girls,D2,lacrossereference
68,Barton,6-10,0.4709,,0.375,0.5265,0.4554,51,0 - 0,0 - 1,0 - 0,6 - 9,girls,D2,lacrossereference
69,UC Colorado Springs,4-7,0.4706,,0.3636,0.5101,0.4985,68,0 - 0,0 - 2,0 - 0,4 - 5,girls,D2,lacrossereference
70,Charleston (WV),8-5,0.4704,,0.6154,0.4159,0.4343,95,0 - 0,0 - 0,0 - 0,8 - 5,girls,D2,lacrossereference
71,Jefferson,4-6,0.4689,,0.4,0.4976,0.4804,81,0 - 1,0 - 0,0 - 1,4 - 4,girls,D2,lacrossereference
72,Indiana (PA),5-7,0.4655,,0.4167,0.4585,0.5285,62,0 - 0,0 - 0,0 - 2,5 - 5,girls,D2,lacrossereference
73,Notre Dame (OH),3-9,0.4589,,0.25,0.5516,0.4823,64,0 - 1,0 - 0,0 - 1,3 - 7,girls,D2,lacrossereference
74,McKendree,7-8,0.4581,,0.4667,0.418,0.5299,41,0 - 1,0 - 0,0 - 1,7 - 6,girls,D2,lacrossereference
75,Franklin Pierce,4-8,0.4568,,0.3333,0.4846,0.5248,49,0 - 1,0 - 0,0 - 0,4 - 7,girls,D2,lacrossereference
76,Lenoir-Rhyne,4-10,0.449,,0.2857,0.5085,0.4934,33,0 - 0,0 - 1,0 - 1,4 - 8,girls,D2,lacrossereference
77,Converse,8-7,0.4479,,0.5333,0.4063,0.4456,90,0 - 0,0 - 0,0 - 0,8 - 7,girls,D2,lacrossereference
78,Saint Michael's,1-7,0.4464,,0.125,0.5772,0.5061,62,0 - 1,0 - 1,0 - 0,1 - 5,girls,D2,lacrossereference
79,Chowan,4-6,0.4457,,0.4,0.4758,0.4313,96,0 - 0,0 - 0,0 - 0,4 - 6,girls,D2,lacrossereference
80,Shorter,1-8,0.4441,,0.1111,0.5852,0.4948,60,0 - 0,0 - 1,0 - 2,1 - 5,girls,D2,lacrossereference
81,Gannon,4-8,0.4338,,0.3333,0.4606,0.4805,71,0 - 0,0 - 0,0 - 2,4 - 6,girls,D2,lacrossereference
82,Davis & Elkins,8-4,0.4297,,0.6667,0.3237,0.405,109,0 - 0,0 - 0,0 - 0,8 - 4,girls,D2,lacrossereference
83,North Greenville,4-13,0.4234,,0.2353,0.4845,0.4893,35,0 - 0,0 - 1,0 - 2,4 - 10,girls,D2,lacrossereference
84,Holy Family,4-9,0.4143,,0.3077,0.4341,0.4813,69,0 - 0,0 - 1,0 - 0,4 - 8,girls,D2,lacrossereference
85,Daemen,4-9,0.4109,,0.3077,0.4443,0.4474,76,0 - 0,0 - 0,0 - 1,4 - 8,girls,D2,lacrossereference
86,Tusculum,5-10,0.4088,,0.3333,0.3961,0.5099,59,0 - 0,0 - 0,0 - 1,5 - 9,girls,D2,lacrossereference
87,Saint Rose,2-6,0.4086,,0.25,0.4497,0.4849,83,0 - 0,0 - 1,0 - 0,2 - 5,girls,D2,lacrossereference
88,American International,1-8,0.4051,,0.1111,0.5029,0.5035,70,0 - 1,0 - 1,0 - 0,1 - 6,girls,D2,lacrossereference
89,Fort Lewis,2-8,0.4014,,0.2,0.4602,0.4854,82,0 - 0,0 - 1,0 - 0,2 - 7,girls,D2,lacrossereference
90,Post University,4-6,0.4002,,0.4,0.3955,0.4098,104,0 - 0,0 - 0,0 - 0,4 - 6,girls,D2,lacrossereference
91,Virginia State,5-6,0.3945,,0.4545,0.3578,0.4078,106,0 - 0,0 - 0,0 - 0,5 - 6,girls,D2,lacrossereference
92,Dominican (CA),2-6,0.3854,,0.25,0.3947,0.5021,92,0 - 0,0 - 1,0 - 0,2 - 5,girls,D2,lacrossereference
93,Catawba,3-11,0.3791,,0.2143,0.4169,0.4684,74,0 - 0,0 - 0,0 - 1,3 - 10,girls,D2,lacrossereference
94,Edinboro,2-10,0.3781,,0.1667,0.4547,0.4364,88,0 - 0,0 - 0,0 - 2,2 - 8,girls,D2,lacrossereference
95,Thomas More,1-12,0.3777,,0.0769,0.4932,0.4473,75,0 - 0,0 - 0,0 - 1,1 - 11,girls,D2,lacrossereference
96,William Jewell,0-11,0.3748,,0.0,0.4984,0.5025,65,0 - 1,0 - 0,0 - 2,0 - 8,girls,D2,lacrossereference
97,Lake Erie,5-9,0.3736,,0.3571,0.3628,0.4115,97,0 - 0,0 - 0,0 - 0,5 - 9,girls,D2,lacrossereference
98,Tiffin,6-8,0.3733,,0.4286,0.3196,0.4255,99,0 - 0,0 - 0,0 - 0,6 - 8,girls,D2,lacrossereference
99,CSU Pueblo,2-9,0.3698,,0.1818,0.4155,0.4665,89,0 - 0,0 - 1,0 - 0,2 - 8,girls,D2,lacrossereference
100,Mars Hill,2-11,0.359,,0.1538,0.4127,0.4566,85,0 - 0,0 - 0,0 - 0,2 - 11,girls,D2,lacrossereference
101,Caldwell,2-7,0.3569,,0.2222,0.4012,0.4028,105,0 - 0,0 - 0,0 - 0,2 - 7,girls,D2,lacrossereference
102,Emory & Henry,0-13,0.3466,,0.0,0.4842,0.4182,87,0 - 0,0 - 0,0 - 1,0 - 12,girls,D2,lacrossereference
103,St. Thomas Aquinas,4-8,0.3427,,0.3333,0.2985,0.4407,100,0 - 0,0 - 0,0 - 0,4 - 8,girls,D2,lacrossereference
104,Southern Wesleyan,1-15,0.3257,,0.0625,0.3924,0.4554,91,0 - 0,0 - 0,0 - 0,1 - 15,girls,D2,lacrossereference
105,Ursuline,0-8,0.3091,,0.0,0.4182,0.4001,103,0 - 0,0 - 0,0 - 0,0 - 8,girls,D2,lacrossereference
106,Malone,2-11,0.3065,,0.1538,0.3175,0.4373,98,0 - 0,0 - 0,0 - 0,2 - 11,girls,D2,lacrossereference
107,Chestnut Hill,1-9,0.3056,,0.1,0.3643,0.3936,107,0 - 0,0 - 0,0 - 0,1 - 9,girls,D2,lacrossereference
108,Felician,2-9,0.3046,,0.1818,0.3165,0.4033,108,0 - 0,0 - 0,0 - 0,2 - 9,girls,D2,lacrossereference
109,West Virginia Wesleyan,3-8,0.3032,,0.2727,0.2606,0.4188,110,0 - 0,0 - 0,0 - 0,3 - 8,girls,D2,lacrossereference
110,Lees-McRae,0-11,0.2975,,0.0,0.3779,0.4343,101,0 - 0,0 - 0,0 - 0,0 - 11,girls,D2,lacrossereference
111,District of Columbia,0-10,0.2558,,0.0,0.316,0.391,111,0 - 0,0 - 0,0 - 0,0 - 10,girls,D2,lacrossereference
1,Notre Dame,8-1,0.6955,,0.8889,0.6453,0.6024,14,1 - 0,3 - 0,2 - 1,2 - 0,boys,D1,lacrossereference
2,Duke,11-3,0.6906,,0.7857,0.7138,0.5491,2,2 - 1,0 - 1,2 - 1,7 - 0,boys,D1,lacrossereference
3,Johns Hopkins,9-3,0.6741,,0.75,0.6781,0.5899,3,1 - 1,1 - 1,3 - 0,4 - 1,boys,D1,lacrossereference
4,Denver,9-2,0.6668,,0.8182,0.6395,0.57,11,1 - 1,1 - 1,3 - 0,4 - 0,boys,D1,lacrossereference
5,Virginia,10-2,0.6614,,0.8333,0.6209,0.5706,7,0 - 2,1 - 0,3 - 0,6 - 0,boys,D1,lacrossereference
6,Maryland,8-3,0.6518,,0.7273,0.6387,0.6025,5,0 - 2,2 - 0,2 - 1,4 - 0,boys,D1,lacrossereference
7,Syracuse,10-4,0.644,,0.7143,0.6486,0.5645,4,2 - 1,0 - 2,1 - 1,7 - 0,boys,D1,lacrossereference
8,Yale,9-2,0.633,,0.8182,0.5715,0.5708,15,1 - 0,0 - 2,4 - 0,4 - 0,boys,D1,lacrossereference
9,Penn State,8-3,0.63,,0.7273,0.6017,0.5895,9,0 - 1,2 - 1,3 - 1,3 - 0,boys,D1,lacrossereference
10,Cornell,7-4,0.6234,,0.6364,0.6296,0.5979,5,0 - 2,2 - 1,2 - 1,3 - 0,boys,D1,lacrossereference
11,Georgetown,8-3,0.6167,Projection,0.7273,0.5844,0.5705,18,1 - 2,0 - 0,1 - 0,6 - 1,boys,D1,lacrossereference
12,Penn,8-4,0.6129,,0.6667,0.6096,0.5659,8,1 - 0,1 - 1,2 - 2,4 - 1,boys,D1,lacrossereference
13,Saint Joseph's,8-3,0.598,,0.7273,0.5714,0.5218,27,0 - 1,0 - 0,1 - 0,7 - 2,boys,D1,lacrossereference
14,Army,9-2,0.5933,,0.8182,0.5203,0.5142,33,0 - 0,1 - 0,0 - 1,8 - 1,boys,D1,lacrossereference
15,Ohio State,6-7,0.5882,,0.4615,0.6738,0.5436,1,0 - 4,0 - 3,0 - 0,6 - 0,boys,D1,lacrossereference
16,Michigan,6-6,0.5792,,0.5,0.6368,0.5432,11,0 - 3,1 - 1,0 - 1,5 - 1,boys,D1,lacrossereference
17,Harvard,7-4,0.5768,,0.6364,0.5653,0.5403,25,0 - 1,0 - 1,1 - 2,6 - 0,boys,D1,lacrossereference
18,Colgate,7-5,0.5697,,0.5833,0.5789,0.5376,17,0 - 0,1 - 2,1 - 1,5 - 2,boys,D1,lacrossereference
19,Princeton,7-4,0.5646,,0.6364,0.5285,0.565,23,0 - 1,0 - 2,1 - 0,6 - 1,boys,D1,lacrossereference
20,Villanova,7-5,0.5632,,0.5833,0.5581,0.5535,16,0 - 1,0 - 2,1 - 1,6 - 1,boys,D1,lacrossereference
21,Towson,9-3,0.5576,,0.75,0.4784,0.5236,34,0 - 2,0 - 0,1 - 0,8 - 1,boys,D1,lacrossereference
22,Loyola,6-6,0.5574,,0.5,0.5883,0.5529,13,0 - 2,0 - 1,1 - 1,5 - 2,boys,D1,lacrossereference
23,Boston U,7-5,0.5558,,0.5833,0.5482,0.5433,20,0 - 1,0 - 1,2 - 0,5 - 3,boys,D1,lacrossereference
24,Richmond,8-4,0.5522,,0.6667,0.5119,0.5184,38,0 - 2,0 - 1,0 - 1,8 - 0,boys,D1,lacrossereference
25,Rutgers,7-5,0.5492,,0.5833,0.534,0.5455,18,0 - 1,0 - 1,1 - 3,6 - 0,boys,D1,lacrossereference
26,Navy,7-5,0.5475,,0.5833,0.5382,0.5304,21,1 - 0,0 - 1,1 - 2,5 - 2,boys,D1,lacrossereference
27,North Carolina,6-6,0.5258,,0.5,0.5346,0.534,22,0 - 2,0 - 1,1 - 2,5 - 1,boys,D1,lacrossereference
28,Delaware,7-3,0.5235,,0.7,0.4389,0.5162,51,0 - 0,0 - 1,0 - 2,7 - 0,boys,D1,lacrossereference
29,Bryant,7-4,0.5215,,0.6364,0.486,0.4777,48,0 - 0,0 - 0,0 - 1,7 - 3,boys,D1,lacrossereference
30,Utah,8-4,0.5205,,0.6667,0.4611,0.4931,45,0 - 1,0 - 1,0 - 1,8 - 1,boys,D1,lacrossereference
31,Lehigh,6-6,0.5163,,0.5,0.5189,0.5273,24,0 - 0,0 - 1,1 - 3,5 - 2,boys,D1,lacrossereference
32,Providence,6-6,0.5124,,0.5,0.5035,0.5428,26,0 - 1,0 - 0,1 - 3,5 - 2,boys,D1,lacrossereference
33,Quinnipiac,9-3,0.5057,,0.75,0.3992,0.4743,67,0 - 0,0 - 0,0 - 0,9 - 3,boys,D1,lacrossereference
34,Air Force,7-4,0.5055,,0.6364,0.4505,0.4846,49,0 - 1,0 - 0,0 - 2,7 - 1,boys,D1,lacrossereference
35,High Point,7-6,0.5023,,0.5385,0.4879,0.4949,28,0 - 1,0 - 1,0 - 2,7 - 2,boys,D1,lacrossereference
36,Jacksonville,9-4,0.5004,,0.6923,0.4172,0.475,50,0 - 1,0 - 0,0 - 1,9 - 2,boys,D1,lacrossereference
37,Brown,2-9,0.4999,,0.1818,0.6372,0.5433,9,0 - 0,0 - 3,1 - 3,1 - 3,boys,D1,lacrossereference
38,Sacred Heart,10-4,0.4953,,0.7143,0.4089,0.449,66,0 - 0,0 - 0,0 - 0,10 - 4,boys,D1,lacrossereference
39,Vermont,5-7,0.4923,,0.4167,0.5318,0.489,39,0 - 0,0 - 1,0 - 1,5 - 5,boys,D1,lacrossereference
40,Albany,5-6,0.481,,0.4545,0.4868,0.496,42,0 - 1,0 - 0,0 - 2,5 - 3,boys,D1,lacrossereference
41,Drexel,5-7,0.4788,,0.4167,0.5043,0.4902,37,0 - 1,0 - 0,0 - 2,5 - 4,boys,D1,lacrossereference
42,Manhattan,5-8,0.4787,,0.3846,0.5415,0.4473,46,0 - 0,0 - 1,0 - 1,5 - 6,boys,D1,lacrossereference
43,Marist,7-6,0.4768,,0.5385,0.4712,0.4262,64,0 - 0,0 - 0,0 - 0,7 - 6,boys,D1,lacrossereference
44,Fairfield,6-6,0.473,,0.5,0.4613,0.4693,43,0 - 0,0 - 0,0 - 0,6 - 6,boys,D1,lacrossereference
45,Lafayette,5-6,0.4716,,0.4545,0.4705,0.4908,41,0 - 0,0 - 0,0 - 2,5 - 4,boys,D1,lacrossereference
46,UMass,6-5,0.4679,,0.5455,0.4053,0.5157,47,0 - 0,0 - 0,0 - 2,6 - 3,boys,D1,lacrossereference
47,LIU,9-3,0.4674,,0.75,0.3367,0.4461,76,0 - 0,0 - 0,0 - 0,9 - 3,boys,D1,lacrossereference
48,Merrimack,5-7,0.4671,,0.4167,0.5097,0.4321,53,0 - 0,0 - 0,0 - 1,5 - 6,boys,D1,lacrossereference
49,Bellarmine,9-5,0.4628,,0.6429,0.3668,0.4747,54,0 - 1,0 - 0,0 - 1,9 - 3,boys,D1,lacrossereference
50,St. John's,4-9,0.46,,0.3077,0.5365,0.4594,36,0 - 1,0 - 0,0 - 2,4 - 6,boys,D1,lacrossereference
51,Cleveland State,7-6,0.4596,,0.5385,0.4209,0.4581,55,0 - 1,0 - 0,0 - 1,7 - 4,boys,D1,lacrossereference
52,Stony Brook,4-8,0.4566,,0.3333,0.506,0.4812,31,0 - 0,0 - 1,0 - 0,4 - 7,boys,D1,lacrossereference
53,Hobart,3-8,0.4491,,0.2727,0.5024,0.5188,30,0 - 0,0 - 2,0 - 3,3 - 3,boys,D1,lacrossereference
54,Marquette,4-8,0.4479,,0.3333,0.4747,0.5089,28,0 - 1,0 - 1,0 - 2,4 - 4,boys,D1,lacrossereference
55,Dartmouth,3-8,0.4477,,0.2727,0.4992,0.5198,32,0 - 0,0 - 1,0 - 4,3 - 3,boys,D1,lacrossereference
56,UMBC,4-5,0.4446,,0.4444,0.4287,0.4764,57,0 - 0,0 - 0,0 - 0,4 - 5,boys,D1,lacrossereference
57,Binghamton,6-5,0.4396,,0.5455,0.3723,0.4685,69,0 - 0,0 - 0,0 - 0,6 - 5,boys,D1,lacrossereference
58,Hofstra,4-8,0.4393,,0.3333,0.4723,0.4792,43,0 - 0,0 - 0,0 - 0,4 - 8,boys,D1,lacrossereference
59,NJIT,7-5,0.4365,,0.5833,0.3443,0.4741,70,0 - 0,0 - 0,0 - 0,7 - 5,boys,D1,lacrossereference
60,Bucknell,4-8,0.4337,,0.3333,0.4458,0.5099,35,0 - 0,0 - 0,0 - 2,4 - 6,boys,D1,lacrossereference
61,Monmouth,5-6,0.4282,,0.4545,0.4019,0.4545,63,0 - 0,0 - 0,0 - 2,5 - 4,boys,D1,lacrossereference
62,Siena,6-7,0.4272,,0.4615,0.4112,0.4249,71,0 - 0,0 - 0,0 - 0,6 - 7,boys,D1,lacrossereference
63,VMI,7-7,0.4082,,0.5,0.3533,0.4261,74,0 - 0,0 - 0,0 - 0,7 - 7,boys,D1,lacrossereference
64,Robert Morris,4-8,0.4067,,0.3333,0.4243,0.445,58,0 - 1,0 - 0,0 - 0,4 - 7,boys,D1,lacrossereference
65,Canisius,5-9,0.4016,,0.3571,0.401,0.4474,59,0 - 0,0 - 0,0 - 1,5 - 8,boys,D1,lacrossereference
66,Holy Cross,2-9,0.3927,,0.1818,0.4451,0.4987,40,0 - 0,0 - 0,0 - 1,2 - 8,boys,D1,lacrossereference
67,Le Moyne,2-7,0.3835,,0.2222,0.4121,0.4878,60,0 - 1,0 - 1,0 - 0,2 - 5,boys,D1,lacrossereference
68,Mercer,2-9,0.3724,,0.1818,0.4337,0.4403,56,0 - 0,0 - 0,0 - 1,2 - 8,boys,D1,lacrossereference
69,Mount St Marys,1-13,0.3706,,0.0714,0.4943,0.4226,52,0 - 0,0 - 0,0 - 0,1 - 13,boys,D1,lacrossereference
70,St. Bonaventure,1-9,0.3626,,0.1,0.4643,0.4218,73,0 - 0,0 - 0,0 - 0,1 - 9,boys,D1,lacrossereference
71,Detroit,2-9,0.3501,,0.1818,0.3793,0.46,61,0 - 0,0 - 0,0 - 1,2 - 8,boys,D1,lacrossereference
72,Wagner,1-13,0.3436,,0.0714,0.4406,0.4216,65,0 - 0,0 - 0,0 - 0,1 - 13,boys,D1,lacrossereference
73,Lindenwood,0-10,0.3385,,0.0,0.4764,0.4012,72,0 - 0,0 - 0,0 - 0,0 - 10,boys,D1,lacrossereference
74,Queens,2-9,0.3333,,0.1818,0.3606,0.4302,75,0 - 0,0 - 0,0 - 0,2 - 9,boys,D1,lacrossereference
75,UMass-Lowell,0-10,0.3304,,0.0,0.4437,0.4343,68,0 - 0,0 - 0,0 - 0,0 - 10,boys,D1,lacrossereference
76,Hampton,0-11,0.3186,,0.0,0.4188,0.4366,62,0 - 0,0 - 0,0 - 0,0 - 11,boys,D1,lacrossereference
