event,event_date,state,year,link,web_source,gender,added,division
Washington & Lee Spring Prospect Day,"April 21, 2024","Lexington, VA",2025,https://managementtools3.wlu.edu/WLUForms/Default.aspx?Form=3660,mass_elite,,,
Lehigh Spring Prospect Clinic,"May 11, 2024","Bethlehem, PA",2024-2028,https://lehighwomenslacrossecamps.totalcamps.com/shop/EVENT,mass_elite,,,
Duke Girls Lacrosse Prospect Camp I,"June 1, 2024","Durham, NC",2025-2028,https://dukelacrossecamp.com/camp2.html,mass_elite,,,
Denver Summer Camp Elite Position Skills Camp,"June 3-6, 2024","Denver, CO",2025-2030,https://www.denverlacrossecamps.com/eliteposition,mass_elite,,,
UNC Charlotte June Prospect Clinic,"June 7, 2024","Charlotte, NC",2025-2028,https://www.clareshortlacrosse.com/,mass_elite,,,
"2024 Hopkins Prospect Day (Florida, Drexel, Michigan, Columbia, Clemson)","June 7, 2024","Baltimore, MD",2025-2028,https://www.heritagelacrossecamps.com/,mass_elite,,,
Clemson Elite Prospect Camp,"June 10-11, 2024","Clemson, SC",2025-2029,https://clemsonlaxcamps.com/,mass_elite,,,
Richmond Summer Elite Camp I,"June 10-11, 2024","Richmond, MA",2024-2029,https://richmondspiderswomenslacrossecamps.totalcamps.com/About%20Us,mass_elite,,,
Lax Masters D3 Summer Prospect Camp,"June 11, 2024","Simsbury, CT",2025-2027,https://www.lacrossemasters.com/girls-camps,mass_elite,,,
Clemson Tiger Overnight Camp,"June 11-13, 2024","Clemson, SC",2025-2031,https://clemsonlaxcamps.com/,mass_elite,,,
Lax Masters D1 Summer Prospect Camp,"June 11-12, 2024","Simsbury, CT",2025-2027,https://www.lacrossemasters.com/girls-camps,mass_elite,,,
First Exposure Showcase,"June 13, 2024","Frederick, MD",2025-2028,https://docs.google.com/forms/d/e/1FAIpQLSe8_FDei1S57CCmTKpdN4RF_kqShO5SPJYwTqhYpm86vkh3Hg/viewform,mass_elite,,,
Navy Girls Lacrosse Summer Elite ID Camp 1,"June 13, 2024","Annapolis, MD",2025-2029,https://navysports.evenue.net/events/SC-WLAX,mass_elite,,,
Washington and Lee June Day Clinic,"June 13, 2024","Lexington, VA",2024-2028,https://bluetridentcamps.com/,mass_elite,,,
"UCONN Summer ID Clinic (Clemson, Fairfield, UMass Amherst, ECU, BU)","June 17, 2024","Storrs, CT",2024-2029,https://gameoncampsandclinics.com/camp1.html,mass_elite,,,
Lehigh Summer Prospect Clinic I,"June 17, 2024","Bethlehem, PA",2025-2028,https://lehighwomenslacrossecamps.totalcamps.com/shop/EVENT,mass_elite,,,
Penn State Prospect Day Camp I,"June 17, 2024","University Park, PA",2025-2029,https://gopsusports.com/sports/2018/8/8/camps-w-lacros-camp-html.aspx,mass_elite,,,
Yale Blue Dogs Girls Lacrosse Camp I,"June 17, 2024","New Haven, CT",2025-2028,http://www.bluedogslacrossecamp.com/shop/EVENT,mass_elite,,,
Summer Elite Prospect Camp at Virginia Tech,"June 17-18, 2024","Blacksburg, VA",2024-2028,https://skieralacrossecamps.com/camp2.html,mass_elite,,,
Lax Masters Northeast High Academic D3 Summer Prospect Camp,"June 18-19, 2024","Farmington, CT",2025-2027,https://www.lacrossemasters.com/girls-camps,mass_elite,,,
Trinity Women's Lacrosse Summer Clinic,"June 20, 2024","Hartford, MA",2025-2027,https://www.trinitywlacrossecamps.com/summer-clinic.cfm,mass_elite,,,
"2024 Villanova College ID Camp I  (Villanova, Loyola, Penn State, Navy, Florida, Louisville, Navy, Hopkins, SJU)","June 20, 2024","Conshohocken, PA",2025-2027,http://www.villanovawomenslacrossecamps.com/shop/product/283860,mass_elite,,,
2024 Villanova Summer High School Clinic,"June 23, 2024","Villanova, PA",2025-2028,http://www.villanovawomenslacrossecamps.com/shop/product/284321,mass_elite,,,
BC Lax Elite High School Summer Clinic,"June 23-24, 2024","Newton, MA",2025-2028,https://bostoncollegewomenslacrosse.totalcamps.com/shop/EVENT,mass_elite,,,
"2024 Villanova College ID Camp II (Villanova, Dartmouth, Penn, Delaware, Drexel, Arizona State, Clemson, Temple, Stanford)","June 24, 2024","Conshohocken, PA",2025-2027,http://www.villanovawomenslacrossecamps.com/shop/product/283860,mass_elite,,,
Amonte Sports Milton Academy Prospect Day Discount Code: MASSEL24,"June 24, 2024","Milton, MA",2025-2027,https://amontesports.com/camps-and-clinics/,mass_elite,,,
BC Lax Elite High School Summer Clinic,"June 24, 2024","Newton, MA",2025-2028,https://bostoncollegewomenslacrosse.totalcamps.com/shop/EVENT,mass_elite,,,
Princeton Lacrosse Elite Camp I,"June 24, 2024","Princeton, NJ",2025-2028,https://www.princetonsportscamps.com/camps/girlslacrosse.htm,mass_elite,,,
Amonte Sports Milton Academy Two-Day Commuter Camp Discount Code: MASSEL24,"June 24-25, 2024","Milton, MA",2025-2030,https://amontesports.com/camps-and-clinics/,mass_elite,,,
Colorado Lacrosse June Prospect Camp,"June 24-25, 2024","Boulder, CO",2025-2030,https://cubuffs.com/sports/2023/5/24/lacrosse-camp-june-camp,mass_elite,,,
Columbia Summer Kick Off,"June 25, 2024","New York, NY",2024-2027,https://heartsloudlacrosse.totalcamps.com/shop/EVENT,mass_elite,,,
UMASS Lowell June Clinic I,"June 26, 2024","Lowell, MA",2025-2029,https://umlwomenslacrossecamps.totalcamps.com/shop/EVENT,mass_elite,,,
"Elite 180 Lacrosse (Middlebury, Williams, Bowdoin, Babson, Conn. College, Tufts, Trinity, MIT, Vassar, Amherst, Skidmore, Haverford, U Chicago, Wesleyan, Hamilton, Bates)","June 26-27, 2024",Northfield Mount Hermon School,2025-2027,https://www.elite180lax.com/,mass_elite,,,
Princeton Lacrosse Elite Camp 2,"June 27, 2024","Princeton, NJ",2025-2028,https://www.princetonsportscamps.com/camps/girlslacrosse.htm,mass_elite,,,
"Apex the Roster (Maryland, Michigan, Oregon, Clemson, Navy, Towson, Penn State, Bryant)","June 27, 2024","Downingtown, PA",2026-2028,https://www.apexlacrosseevents.com/page/show/8479573-interest-form,mass_elite,,,
UMASS Lowell June Clinic II & III,"June 27, 2024","Lowell, MA",2025-2029,https://umlwomenslacrossecamps.totalcamps.com/shop/EVENT,mass_elite,,,
Harvard Crimson 100 Prospect Day,"July 1, 2024","Boston, MA",2025-2028,http://www.villanovawomenslacrossecamps.com/shop/product/283860,mass_elite,,,
Navy Girls Lacrosse Summer Elite ID Camp 2,"July 1, 2024","Annapolis, MD",2025-2029,https://navysports.evenue.net/events/SC-WLAX,mass_elite,,,
Northstar Showcase  Discount code: 24NSSMassElite,"July 1, 2024","Albany, NY",2025-2028,https://summitlacrosseventures.leagueapps.com/camps/4187435-2024-northstar-showcase,mass_elite,,,
Richmond Summer Elite Camp II,"July 7, 2024","Richmond, MA",2024-2029,https://richmondspiderswomenslacrossecamps.totalcamps.com/About%20Us,mass_elite,,,
Penn State Prospect Day Camp II,"July 8, 2024","University Park, PA",2025-2029,https://gopsusports.com/sports/2018/8/8/camps-w-lacros-camp-html.aspx,mass_elite,,,
Yale Blue Dog Mid-Summer Tune Up,"July 8, 2024","New Haven, CT",2025-2028,http://www.bluedogslacrossecamp.com/shop/EVENT,mass_elite,,,
Notre Dame Lacrosse Elite Day Camp,"July 8-9, 2024","South Bend, IN",2025-2028,https://campscui.active.com/orgs/UniversityofNotreDame#/selectSessions/3431740/filter/session=61557040,mass_elite,,,
"UCONN Summer ID Clinic (UPenn, Fairfield, UMass Amherst, ECU)","July 10, 2024","Storrs, CT",2024-2029,https://gameoncampsandclinics.com/camp1.html,mass_elite,,,
Columbia Elite Camp I,"July 11, 2024","New York, NY",2025-2027,https://heartsloudlacrosse.totalcamps.com/shop/EVENT,mass_elite,,,
Navy Girls Lacrosse Summer Prospect Camp 1,"July 11, 2024","Annapolis, MD",2025-2028,https://navysports.evenue.net/events/SC-WLAX,mass_elite,,,
UNC Charlotte Future Niner Overnight Camp,"July 12-13, 2024","Charlotte, NC",2025-2028,https://www.clareshortlacrosse.com/,mass_elite,,,
Hopkins One Day Camp,"July 15, 2024","Baltimore, MD",2025-2029,https://www.heritagelacrossecamps.com/,mass_elite,,,
Navy Girls Lacrosse Summer Prospect Camp 2,"July 15, 2024","Annapolis, MD",2025-2028,https://navysports.evenue.net/events/SC-WLAX,mass_elite,,,
Duke Elite Camp,"July 15-16, 2024","Durham, NC",2025-2028,https://dukelacrossecamp.com/camp1.html,mass_elite,,,
2024 Harvard Crimson Elite Prospect ID Clinic,"July 15-16, 2024","Boston, MA",2024-2028,https://www.willslax.com/page/show/5446573-crimson-elite-summer-prospect-id-clinic,mass_elite,,,
Pitt Lacrosse Two-Day Elite Camp,"July 15-16, 2024","Pittsburgh, PA",2024-2028,https://register.ryzer.com/camp.cfm?sport=27&id=261479,mass_elite,,,
"Denver Super Elite Camp (Denver, Oregon, Vanderbilt, Cincinnati, Jacksonville, Louisville, Coastal Carolina, Lindenwood, American, Regis, Saginaw Valley State, Colorado College)","July 15-17, 2024","Denver, CO",2025-2028,https://www.denverlacrossecamps.com/superelitecamp,mass_elite,,,
James Madison Summer Exposure Camp,"July 15-17, 2024","Harrisonburg, VA",2025-2028,https://laxology.totalcamps.com/shop/EVENT,mass_elite,,,
Amonte Sports Northwestern Elite Commuter Camp Discount Code: MASSEL24,"July 16-17, 2024","Evanston, IL",2025-2030,https://amontesports.com/camps-and-clinics/,mass_elite,,,
Lax Masters High Academic Northeast Prospect Camp,"July 16-17, 2024","Newport, RI",2025-2027,https://www.lacrossemasters.com/girls-camps,mass_elite,,,
Duke Super Elite Camp,"July 17-18, 2024","Durham, NC",2025-2028,https://dukelacrossecamp.com/camp1.html,mass_elite,,,
2024 Villanova Summer High School Clinic,"July 21, 2024","Villanova, PA",2025-2028,http://www.villanovawomenslacrossecamps.com/shop/product/284321,mass_elite,,,
BU Terrier July Prospect Clinic,"July 22, 2024","Boston, MA",2025-2029,https://bostonulacrossecamps.com/camp2.html,mass_elite,,,
"2024 Villanova College ID Camp III (Villanova, Towson, Albany, Harvard, Michigan, Princeton, Maryland, Brown, Rutgers, Lehigh)","July 22, 2024","Conshohocken, PA",2025-2027,http://www.villanovawomenslacrossecamps.com/shop/product/283860,mass_elite,,,
Princeton Lacrosse Elite Camp 3,"July 22, 2024","Princeton, NJ",2025-2028,https://www.princetonsportscamps.com/camps/girlslacrosse.htm,mass_elite,,,
Columbia Elite Camp II,"July 23, 2024","New York, NY",2025-2027,https://heartsloudlacrosse.totalcamps.com/shop/EVENT,mass_elite,,,
Yale Blue Dogs Girls Lacrosse Camp II,"July 23, 2024","New Haven, CT",2025-2028,http://www.bluedogslacrossecamp.com/shop/EVENT,mass_elite,,,
"Top Prospect Collegiate Showcase (Harvard, Notre Dame, Navy, Louisville, Georgetown, UMASS Amherst, Albany, Villanova, Pitt, Coastal Carolina, Temple, Vermont)","July 23-24, 2024","Baltimore, MD",2025-2028,https://www.willslax.com/page/show/7712393-top-prospect-collegiate-showcase,mass_elite,,,
Lax Masters Girls D1 Northeast Prospect Camp,"July 30, 2024","Farmington, CT",2025-2027,https://www.lacrossemasters.com/girls-camps,mass_elite,,,
Washington and Lee August Day Clinic,"August 1, 2024","Lexington, VA",2024-2028,https://bluetridentcamps.com/,mass_elite,,,
Harvard Crimson August Elite Prospect ID Clinic,"August 16-17, 2024","Boston, MA",2025-2029,https://www.willslax.com/page/show/7294190-crimson-august-elite-id-clinic,mass_elite,,,
UNC Charlotte 2026 Clinic,"August 17, 2024","Charlotte, NC",2026,https://www.clareshortlacrosse.com/,mass_elite,,,
Clemson Elite Prospect Camp,"August 17-18, 2024","Clemson, SC",2025-2029,https://clemsonlaxcamps.com/,mass_elite,,,
Duke Girls Lacrosse Prospect Camp II,"August 24, 2024","Durham, NC",2025-2028,https://dukelacrossecamp.com/camp2.html,mass_elite,,,
James Madison August Showcase,"August 24, 2024","Harrisonburg, VA",2025-2029,https://laxology.totalcamps.com/shop/EVENT,mass_elite,,,
Penn State Elite Clinic,"August 24, 2024","University Park, PA",2025-2029,https://gopsusports.com/sports/2018/8/8/camps-w-lacros-camp-html.aspx,mass_elite,,,
Richmond End of Summer Prospect Dy,"August 24, 2024","Richmond, MA",2025-2027,https://richmondspiderswomenslacrossecamps.totalcamps.com/About%20Us,mass_elite,,,
Syracuse ID Clinic/Prospect Day,"August 24, 2024","Syracuse, NY",2025-2028,https://www.kaylatreanor.com/events,mass_elite,,,
UVA ID Elite,"August 24-25, 2024","Charlottesville, VA",2025-2028,https://www.lamonicasports.com/uva-id-elite,mass_elite,,,
BU Terrier August Prospect Clinic,"August 25, 2024","Boston, MA",2025-2029,https://bostonulacrossecamps.com/camp2.html,mass_elite,,,
August Elite Prospect Clinic at Virginia Tech,"August 25, 2024","Blacksburg, VA",2025-2028,https://skieralacrossecamps.com/camp2.html,mass_elite,,,
Washington & Lee Spring Prospect Day,"April 21, 2024","Lexington, VA",2025,https://managementtools3.wlu.edu/WLUForms/Default.aspx?Form=3660,mass_elite,,,
Lehigh Spring Prospect Clinic,"May 11, 2024","Bethlehem, PA",2024-2028,https://lehighwomenslacrossecamps.totalcamps.com/shop/EVENT,mass_elite,,,
Duke Girls Lacrosse Prospect Camp I,"June 1, 2024","Durham, NC",2025-2028,https://dukelacrossecamp.com/camp2.html,mass_elite,,,
Denver Summer Camp Elite Position Skills Camp,"June 3-6, 2024","Denver, CO",2025-2030,https://www.denverlacrossecamps.com/eliteposition,mass_elite,,,
UNC Charlotte June Prospect Clinic,"June 7, 2024","Charlotte, NC",2025-2028,https://www.clareshortlacrosse.com/,mass_elite,,,
"2024 Hopkins Prospect Day (Florida, Drexel, Michigan, Columbia, Clemson)","June 7, 2024","Baltimore, MD",2025-2028,https://www.heritagelacrossecamps.com/,mass_elite,,,
Clemson Elite Prospect Camp,"June 10-11, 2024","Clemson, SC",2025-2029,https://clemsonlaxcamps.com/,mass_elite,,,
Richmond Summer Elite Camp I,"June 10-11, 2024","Richmond, MA",2024-2029,https://richmondspiderswomenslacrossecamps.totalcamps.com/About%20Us,mass_elite,,,
Lax Masters D3 Summer Prospect Camp,"June 11, 2024","Simsbury, CT",2025-2027,https://www.lacrossemasters.com/girls-camps,mass_elite,,,
Clemson Tiger Overnight Camp,"June 11-13, 2024","Clemson, SC",2025-2031,https://clemsonlaxcamps.com/,mass_elite,,,
Lax Masters D1 Summer Prospect Camp,"June 11-12, 2024","Simsbury, CT",2025-2027,https://www.lacrossemasters.com/girls-camps,mass_elite,,,
First Exposure Showcase,"June 13, 2024","Frederick, MD",2025-2028,https://docs.google.com/forms/d/e/1FAIpQLSe8_FDei1S57CCmTKpdN4RF_kqShO5SPJYwTqhYpm86vkh3Hg/viewform,mass_elite,,,
Navy Girls Lacrosse Summer Elite ID Camp 1,"June 13, 2024","Annapolis, MD",2025-2029,https://navysports.evenue.net/events/SC-WLAX,mass_elite,,,
Washington and Lee June Day Clinic,"June 13, 2024","Lexington, VA",2024-2028,https://bluetridentcamps.com/,mass_elite,,,
"UCONN Summer ID Clinic (Clemson, Fairfield, UMass Amherst, ECU, BU)","June 17, 2024","Storrs, CT",2024-2029,https://gameoncampsandclinics.com/camp1.html,mass_elite,,,
Lehigh Summer Prospect Clinic I,"June 17, 2024","Bethlehem, PA",2025-2028,https://lehighwomenslacrossecamps.totalcamps.com/shop/EVENT,mass_elite,,,
Penn State Prospect Day Camp I,"June 17, 2024","University Park, PA",2025-2029,https://gopsusports.com/sports/2018/8/8/camps-w-lacros-camp-html.aspx,mass_elite,,,
Yale Blue Dogs Girls Lacrosse Camp I,"June 17, 2024","New Haven, CT",2025-2028,http://www.bluedogslacrossecamp.com/shop/EVENT,mass_elite,,,
Summer Elite Prospect Camp at Virginia Tech,"June 17-18, 2024","Blacksburg, VA",2024-2028,https://skieralacrossecamps.com/camp2.html,mass_elite,,,
Lax Masters Northeast High Academic D3 Summer Prospect Camp,"June 18-19, 2024","Farmington, CT",2025-2027,https://www.lacrossemasters.com/girls-camps,mass_elite,,,
Trinity Women's Lacrosse Summer Clinic,"June 20, 2024","Hartford, MA",2025-2027,https://www.trinitywlacrossecamps.com/summer-clinic.cfm,mass_elite,,,
"2024 Villanova College ID Camp I  (Villanova, Loyola, Penn State, Navy, Florida, Louisville, Navy, Hopkins, SJU)","June 20, 2024","Conshohocken, PA",2025-2027,http://www.villanovawomenslacrossecamps.com/shop/product/283860,mass_elite,,,
2024 Villanova Summer High School Clinic,"June 23, 2024","Villanova, PA",2025-2028,http://www.villanovawomenslacrossecamps.com/shop/product/284321,mass_elite,,,
BC Lax Elite High School Summer Clinic,"June 23-24, 2024","Newton, MA",2025-2028,https://bostoncollegewomenslacrosse.totalcamps.com/shop/EVENT,mass_elite,,,
"2024 Villanova College ID Camp II (Villanova, Dartmouth, Penn, Delaware, Drexel, Arizona State, Clemson, Temple, Stanford)","June 24, 2024","Conshohocken, PA",2025-2027,http://www.villanovawomenslacrossecamps.com/shop/product/283860,mass_elite,,,
Amonte Sports Milton Academy Prospect Day Discount Code: MASSEL24,"June 24, 2024","Milton, MA",2025-2027,https://amontesports.com/camps-and-clinics/,mass_elite,,,
BC Lax Elite High School Summer Clinic,"June 24, 2024","Newton, MA",2025-2028,https://bostoncollegewomenslacrosse.totalcamps.com/shop/EVENT,mass_elite,,,
Princeton Lacrosse Elite Camp I,"June 24, 2024","Princeton, NJ",2025-2028,https://www.princetonsportscamps.com/camps/girlslacrosse.htm,mass_elite,,,
Amonte Sports Milton Academy Two-Day Commuter Camp Discount Code: MASSEL24,"June 24-25, 2024","Milton, MA",2025-2030,https://amontesports.com/camps-and-clinics/,mass_elite,,,
Colorado Lacrosse June Prospect Camp,"June 24-25, 2024","Boulder, CO",2025-2030,https://cubuffs.com/sports/2023/5/24/lacrosse-camp-june-camp,mass_elite,,,
Columbia Summer Kick Off,"June 25, 2024","New York, NY",2024-2027,https://heartsloudlacrosse.totalcamps.com/shop/EVENT,mass_elite,,,
UMASS Lowell June Clinic I,"June 26, 2024","Lowell, MA",2025-2029,https://umlwomenslacrossecamps.totalcamps.com/shop/EVENT,mass_elite,,,
"Elite 180 Lacrosse (Middlebury, Williams, Bowdoin, Babson, Conn. College, Tufts, Trinity, MIT, Vassar, Amherst, Skidmore, Haverford, U Chicago, Wesleyan, Hamilton, Bates)","June 26-27, 2024",Northfield Mount Hermon School,2025-2027,https://www.elite180lax.com/,mass_elite,,,
Princeton Lacrosse Elite Camp 2,"June 24, 2024","Princeton, NJ",2025-2028,https://www.princetonsportscamps.com/camps/girlslacrosse.htm,mass_elite,,,
UMASS Lowell June Clinic II & III,"June 27, 2024","Lowell, MA",2025-2029,https://umlwomenslacrossecamps.totalcamps.com/shop/EVENT,mass_elite,,,
Harvard Crimson 100 Prospect Day,"July 1, 2024","Boston, MA",2025-2028,http://www.villanovawomenslacrossecamps.com/shop/product/283860,mass_elite,,,
Navy Girls Lacrosse Summer Elite ID Camp 2,"July 1, 2024","Annapolis, MD",2025-2029,https://navysports.evenue.net/events/SC-WLAX,mass_elite,,,
Northstar Showcase  Discount code: 24NSSMassElite,"July 1, 2024","Albany, NY",2025-2028,https://summitlacrosseventures.leagueapps.com/camps/4187435-2024-northstar-showcase,mass_elite,,,
Richmond Summer Elite Camp II,"July 7, 2024","Richmond, MA",2024-2029,https://richmondspiderswomenslacrossecamps.totalcamps.com/About%20Us,mass_elite,,,
Penn State Prospect Day Camp II,"July 8, 2024","University Park, PA",2025-2029,https://gopsusports.com/sports/2018/8/8/camps-w-lacros-camp-html.aspx,mass_elite,,,
Yale Blue Dog Mid-Summer Tune Up,"July 8, 2024","New Haven, CT",2025-2028,http://www.bluedogslacrossecamp.com/shop/EVENT,mass_elite,,,
Notre Dame Lacrosse Elite Day Camp,"July 8-9, 2024","South Bend, IN",2025-2028,https://campscui.active.com/orgs/UniversityofNotreDame#/selectSessions/3431740/filter/session=61557040,mass_elite,,,
"UCONN Summer ID Clinic (UPenn, Fairfield, UMass Amherst, ECU)","July 10, 2024","Storrs, CT",2024-2029,https://gameoncampsandclinics.com/camp1.html,mass_elite,,,
Columbia Elite Camp I,"July 11, 2024","New York, NY",2025-2027,https://heartsloudlacrosse.totalcamps.com/shop/EVENT,mass_elite,,,
Navy Girls Lacrosse Summer Prospect Camp 1,"July 11, 2024","Annapolis, MD",2025-2028,https://navysports.evenue.net/events/SC-WLAX,mass_elite,,,
UNC Charlotte Future Niner Overnight Camp,"July 12-13, 2024","Charlotte, NC",2025-2028,https://www.clareshortlacrosse.com/,mass_elite,,,
Hopkins One Day Camp,"July 15, 2024","Baltimore, MD",2025-2029,https://www.heritagelacrossecamps.com/,mass_elite,,,
Navy Girls Lacrosse Summer Prospect Camp 2,"July 15, 2024","Annapolis, MD",2025-2028,https://navysports.evenue.net/events/SC-WLAX,mass_elite,,,
Duke Elite Camp,"July 15-16, 2024","Durham, NC",2025-2028,https://dukelacrossecamp.com/camp1.html,mass_elite,,,
2024 Harvard Crimson Elite Prospect ID Clinic,"July 15-16, 2024","Boston, MA",2024-2028,https://www.willslax.com/page/show/5446573-crimson-elite-summer-prospect-id-clinic,mass_elite,,,
Pitt Lacrosse Two-Day Elite Camp,"July 15-16, 2024","Pittsburgh, PA",2024-2028,https://register.ryzer.com/camp.cfm?sport=27&id=261479,mass_elite,,,
"Denver Super Elite Camp (Denver, Oregon, Vanderbilt, Cincinnati, Jacksonville, Louisville, Coastal Carolina, Lindenwood, American, Regis, Saginaw Valley State, Colorado College)","July 15-17, 2024","Denver, CO",2025-2028,https://www.denverlacrossecamps.com/superelitecamp,mass_elite,,,
James Madison Summer Exposure Camp,"July 15-17, 2024","Harrisonburg, VA",2025-2028,https://laxology.totalcamps.com/shop/EVENT,mass_elite,,,
Amonte Sports Northwestern Elite Commuter Camp Discount Code: MASSEL24,"July 16-17, 2024","Evanston, IL",2025-2030,https://amontesports.com/camps-and-clinics/,mass_elite,,,
Lax Masters High Academic Northeast Prospect Camp,"July 16-17, 2024","Newport, RI",2025-2027,https://www.lacrossemasters.com/girls-camps,mass_elite,,,
Duke Super Elite Camp,"July 17-18, 2024","Durham, NC",2025-2028,https://dukelacrossecamp.com/camp1.html,mass_elite,,,
2024 Villanova Summer High School Clinic,"July 21, 2024","Villanova, PA",2025-2028,http://www.villanovawomenslacrossecamps.com/shop/product/284321,mass_elite,,,
BU Terrier July Prospect Clinic,"July 22, 2024","Boston, MA",2025-2029,https://bostonulacrossecamps.com/camp2.html,mass_elite,,,
"2024 Villanova College ID Camp III (Villanova, Towson, Albany, Harvard, Michigan, Princeton, Maryland, Brown, Rutgers, Lehigh)","July 22, 2024","Conshohocken, PA",2025-2027,http://www.villanovawomenslacrossecamps.com/shop/product/283860,mass_elite,,,
Princeton Lacrosse Elite Camp 3,"July 22, 2024","Princeton, NJ",2025-2028,https://www.princetonsportscamps.com/camps/girlslacrosse.htm,mass_elite,,,
Columbia Elite Camp II,"July 23, 2024","New York, NY",2025-2027,https://heartsloudlacrosse.totalcamps.com/shop/EVENT,mass_elite,,,
Yale Blue Dogs Girls Lacrosse Camp II,"July 23, 2024","New Haven, CT",2025-2028,http://www.bluedogslacrossecamp.com/shop/EVENT,mass_elite,,,
"Top Prospect Collegiate Showcase (Harvard, Notre Dame, Navy, Louisville, Georgetown, UMASS Amherst, Albany, Villanova, Pitt, Coastal Carolina, Temple, Vermont)","July 23-24, 2024","Baltimore, MD",2025-2028,https://www.willslax.com/page/show/7712393-top-prospect-collegiate-showcase,mass_elite,,,
Lax Masters Girls D1 Northeast Prospect Camp,"July 30, 2024","Farmington, CT",2025-2027,https://www.lacrossemasters.com/girls-camps,mass_elite,,,
Washington and Lee August Day Clinic,"August 1, 2024","Lexington, VA",2024-2028,https://bluetridentcamps.com/,mass_elite,,,
Harvard Crimson August Elite Prospect ID Clinic,"August 16-17, 2024","Boston, MA",2025-2029,https://www.willslax.com/page/show/7294190-crimson-august-elite-id-clinic,mass_elite,,,
UNC Charlotte 2026 Clinic,"August 17, 2024","Charlotte, NC",2026,https://www.clareshortlacrosse.com/,mass_elite,,,
Clemson Elite Prospect Camp,"August 17-18, 2024","Clemson, SC",2025-2029,https://clemsonlaxcamps.com/,mass_elite,,,
Duke Girls Lacrosse Prospect Camp II,"August 24, 2024","Durham, NC",2025-2028,https://dukelacrossecamp.com/camp2.html,mass_elite,,,
James Madison August Showcase,"August 24, 2024","Harrisonburg, VA",2025-2029,https://laxology.totalcamps.com/shop/EVENT,mass_elite,,,
Penn State Elite Clinic,"August 24, 2024","University Park, PA",2025-2029,https://gopsusports.com/sports/2018/8/8/camps-w-lacros-camp-html.aspx,mass_elite,,,
Richmond End of Summer Prospect Dy,"August 24, 2024","Richmond, MA",2025-2027,https://richmondspiderswomenslacrossecamps.totalcamps.com/About%20Us,mass_elite,,,
Syracuse ID Clinic/Prospect Day,"August 24, 2024","Syracuse, NY",2025-2028,https://www.kaylatreanor.com/events,mass_elite,,,
UVA ID Elite,"August 24-25, 2024","Charlottesville, VA",2025-2028,https://www.lamonicasports.com/uva-id-elite,mass_elite,,,
BU Terrier August Prospect Clinic,"August 25, 2024","Boston, MA",2025-2029,https://bostonulacrossecamps.com/camp2.html,mass_elite,,,
August Elite Prospect Clinic at Virginia Tech,"August 25, 2024","Blacksburg, VA",2025-2028,https://skieralacrossecamps.com/camp2.html,mass_elite,,,
Washington & Lee Spring Prospect Day,"April 21, 2024","Lexington, VA",2025,https://managementtools3.wlu.edu/WLUForms/Default.aspx?Form=3660,mass_elite,,,
Lehigh Spring Prospect Clinic,"May 11, 2024","Bethlehem, PA",2024-2028,https://lehighwomenslacrossecamps.totalcamps.com/shop/EVENT,mass_elite,,,
Duke Girls Lacrosse Prospect Camp I,"June 1, 2024","Durham, NC",2025-2028,https://dukelacrossecamp.com/camp2.html,mass_elite,,,
UNC Charlotte June Prospect Clinic,"June 7, 2024","Charlotte, NC",2025-2028,https://www.clareshortlacrosse.com/,mass_elite,,,
"2024 Hopkins Prospect Day (Florida, Drexel, Michigan, Columbia, Clemson)","June 7, 2024","Baltimore, MD",2025-2028,https://www.heritagelacrossecamps.com/,mass_elite,,,
Clemson Elite Prospect Camp,"June 10-11, 2024","Clemson, SC",2025-2029,https://clemsonlaxcamps.com/,mass_elite,,,
Richmond Summer Elite Camp I,"June 10-11, 2024","Richmond, MA",2024-2029,https://richmondspiderswomenslacrossecamps.totalcamps.com/About%20Us,mass_elite,,,
Lax Masters D3 Summer Prospect Camp,"June 11, 2024","Simsbury, CT",2025-2027,https://www.lacrossemasters.com/girls-camps,mass_elite,,,
Clemson Tiger Overnight Camp,"June 11-13, 2024","Clemson, SC",2025-2031,https://clemsonlaxcamps.com/,mass_elite,,,
Lax Masters D1 Summer Prospect Camp,"June 11-12, 2024","Simsbury, CT",2025-2027,https://www.lacrossemasters.com/girls-camps,mass_elite,,,
First Exposure Showcase,"June 13, 2024","Frederick, MD",2025-2028,https://docs.google.com/forms/d/e/1FAIpQLSe8_FDei1S57CCmTKpdN4RF_kqShO5SPJYwTqhYpm86vkh3Hg/viewform,mass_elite,,,
Navy Girls Lacrosse Summer Elite ID Camp 1,"June 13, 2024","Annapolis, MD",2025-2029,https://navysports.evenue.net/events/SC-WLAX,mass_elite,,,
Washington and Lee June Day Clinic,"June 13, 2024","Lexington, VA",2024-2028,https://bluetridentcamps.com/,mass_elite,,,
Lehigh Summer Prospect Clinic I,"June 17, 2024","Bethlehem, PA",2025-2028,https://lehighwomenslacrossecamps.totalcamps.com/shop/EVENT,mass_elite,,,
Penn State Prospect Day Camp I,"June 17, 2024","University Park, PA",2025-2029,https://gopsusports.com/sports/2018/8/8/camps-w-lacros-camp-html.aspx,mass_elite,,,
Yale Blue Dogs Girls Lacrosse Camp I,"June 17, 2024","New Haven, CT",2025-2028,http://www.bluedogslacrossecamp.com/shop/EVENT,mass_elite,,,
Summer Elite Prospect Camp at Virginia Tech,"June 17-18, 2024","Blacksburg, VA",2024-2028,https://skieralacrossecamps.com/camp2.html,mass_elite,,,
Lax Masters Northeast High Academic D3 Summer Prospect Camp,"June 18-19, 2024","Farmington, CT",2025-2027,https://www.lacrossemasters.com/girls-camps,mass_elite,,,
Trinity Women's Lacrosse Summer Clinic,"June 20, 2024","Hartford, MA",2025-2027,https://www.trinitywlacrossecamps.com/summer-clinic.cfm,mass_elite,,,
"2024 Villanova College ID Camp I  (Villanova, Loyola, Penn State, Navy, Florida, Louisville, Navy, Hopkins, SJU)","June 20, 2024","Conshohocken, PA",2025-2027,http://www.villanovawomenslacrossecamps.com/shop/product/283860,mass_elite,,,
2024 Villanova Summer High School Clinic,"June 23, 2024","Villanova, PA",2025-2028,http://www.villanovawomenslacrossecamps.com/shop/product/284321,mass_elite,,,
BC Lax Elite High School Summer Clinic,"June 23-24, 2024","Newton, MA",2025-2028,https://bostoncollegewomenslacrosse.totalcamps.com/shop/EVENT,mass_elite,,,
"2024 Villanova College ID Camp II (Villanova, Dartmouth, Penn, Delaware, Drexel, Arizona State, Clemson, Temple, Stanford)","June 24, 2024","Conshohocken, PA",2025-2027,http://www.villanovawomenslacrossecamps.com/shop/product/283860,mass_elite,,,
Amonte Sports Milton Academy Prospect Day Discount Code: MASSEL24,"June 24, 2024","Milton, MA",2025-2027,https://amontesports.com/camps-and-clinics/,mass_elite,,,
BC Lax Elite High School Summer Clinic,"June 24, 2024","Newton, MA",2025-2028,https://bostoncollegewomenslacrosse.totalcamps.com/shop/EVENT,mass_elite,,,
Princeton Lacrosse Elite Camp I,"June 24, 2024","Princeton, NJ",2025-2028,https://www.princetonsportscamps.com/camps/girlslacrosse.htm,mass_elite,,,
Amonte Sports Milton Academy Two-Day Commuter Camp Discount Code: MASSEL24,"June 24-25, 2024","Milton, MA",2025-2030,https://amontesports.com/camps-and-clinics/,mass_elite,,,
Colorado Lacrosse June Prospect Camp,"June 24-25, 2024","Boulder, CO",2025-2030,https://cubuffs.com/sports/2023/5/24/lacrosse-camp-june-camp,mass_elite,,,
Columbia Summer Kick Off,"June 25, 2024","New York, NY",2024-2027,https://heartsloudlacrosse.totalcamps.com/shop/EVENT,mass_elite,,,
UMASS Lowell June Clinic I,"June 26, 2024","Lowell, MA",2025-2029,https://umlwomenslacrossecamps.totalcamps.com/shop/EVENT,mass_elite,,,
"Elite 180 Lacrosse (Middlebury, Williams, Bowdoin, Babson, Conn. College, Tufts, Trinity, MIT, Vassar, Amherst, Skidmore, Haverford, U Chicago, Wesleyan, Hamilton, Bates)","June 26-27, 2024",Northfield Mount Hermon School,2025-2027,https://www.elite180lax.com/,mass_elite,,,
Princeton Lacrosse Elite Camp 2,"June 24, 2024","Princeton, NJ",2025-2028,https://www.princetonsportscamps.com/camps/girlslacrosse.htm,mass_elite,,,
UMASS Lowell June Clinic II & III,"June 27, 2024","Lowell, MA",2025-2029,https://umlwomenslacrossecamps.totalcamps.com/shop/EVENT,mass_elite,,,
Harvard Crimson 100 Prospect Day,"July 1, 2024","Boston, MA",2025-2028,http://www.villanovawomenslacrossecamps.com/shop/product/283860,mass_elite,,,
Navy Girls Lacrosse Summer Elite ID Camp 2,"July 1, 2024","Annapolis, MD",2025-2029,https://navysports.evenue.net/events/SC-WLAX,mass_elite,,,
Northstar Showcase  Discount code: 24NSSMassElite,"July 1, 2024","Albany, NY",2025-2028,https://summitlacrosseventures.leagueapps.com/camps/4187435-2024-northstar-showcase,mass_elite,,,
Richmond Summer Elite Camp II,"July 7, 2024","Richmond, MA",2024-2029,https://richmondspiderswomenslacrossecamps.totalcamps.com/About%20Us,mass_elite,,,
Penn State Prospect Day Camp II,"July 8, 2024","University Park, PA",2025-2029,https://gopsusports.com/sports/2018/8/8/camps-w-lacros-camp-html.aspx,mass_elite,,,
Yale Blue Dog Mid-Summer Tune Up,"July 8, 2024","New Haven, CT",2025-2028,http://www.bluedogslacrossecamp.com/shop/EVENT,mass_elite,,,
Notre Dame Lacrosse Elite Day Camp,"July 8-9, 2024","South Bend, IN",2025-2028,https://campscui.active.com/orgs/UniversityofNotreDame#/selectSessions/3431740/filter/session=61557040,mass_elite,,,
Columbia Elite Camp I,"July 11, 2024","New York, NY",2025-2027,https://heartsloudlacrosse.totalcamps.com/shop/EVENT,mass_elite,,,
Navy Girls Lacrosse Summer Prospect Camp 1,"July 11, 2024","Annapolis, MD",2025-2028,https://navysports.evenue.net/events/SC-WLAX,mass_elite,,,
UNC Charlotte Future Niner Overnight Camp,"July 12-13, 2024","Charlotte, NC",2025-2028,https://www.clareshortlacrosse.com/,mass_elite,,,
Hopkins One Day Camp,"July 15, 2024","Baltimore, MD",2025-2029,https://www.heritagelacrossecamps.com/,mass_elite,,,
Navy Girls Lacrosse Summer Prospect Camp 2,"July 15, 2024","Annapolis, MD",2025-2028,https://navysports.evenue.net/events/SC-WLAX,mass_elite,,,
Duke Elite Camp,"July 15-16, 2024","Durham, NC",2025-2028,https://dukelacrossecamp.com/camp1.html,mass_elite,,,
2024 Harvard Crimson Elite Prospect ID Clinic,"July 15-16, 2024","Boston, MA",2024-2028,https://www.willslax.com/page/show/5446573-crimson-elite-summer-prospect-id-clinic,mass_elite,,,
Pitt Lacrosse Two-Day Elite Camp,"July 15-16, 2024","Pittsburgh, PA",2024-2028,https://register.ryzer.com/camp.cfm?sport=27&id=261479,mass_elite,,,
James Madison Summer Exposure Camp,"July 15-17, 2024","Harrisonburg, VA",2025-2028,https://laxology.totalcamps.com/shop/EVENT,mass_elite,,,
Amonte Sports Northwestern Elite Commuter Camp Discount Code: MASSEL24,"July 16-17, 2024","Evanston, IL",2025-2030,https://amontesports.com/camps-and-clinics/,mass_elite,,,
Lax Masters High Academic Northeast Prospect Camp,"July 16-17, 2024","Newport, RI",2025-2027,https://www.lacrossemasters.com/girls-camps,mass_elite,,,
Duke Super Elite Camp,"July 17-18, 2024","Durham, NC",2025-2028,https://dukelacrossecamp.com/camp1.html,mass_elite,,,
2024 Villanova Summer High School Clinic,"July 21, 2024","Villanova, PA",2025-2028,http://www.villanovawomenslacrossecamps.com/shop/product/284321,mass_elite,,,
BU Terrier July Prospect Clinic,"July 22, 2024","Boston, MA",2025-2029,https://bostonulacrossecamps.com/camp2.html,mass_elite,,,
"2024 Villanova College ID Camp III (Villanova, Towson, Albany, Harvard, Michigan, Princeton, Maryland, Brown, Rutgers, Lehigh)","July 22, 2024","Conshohocken, PA",2025-2027,http://www.villanovawomenslacrossecamps.com/shop/product/283860,mass_elite,,,
Princeton Lacrosse Elite Camp 3,"July 22, 2024","Princeton, NJ",2025-2028,https://www.princetonsportscamps.com/camps/girlslacrosse.htm,mass_elite,,,
Columbia Elite Camp II,"July 23, 2024","New York, NY",2025-2027,https://heartsloudlacrosse.totalcamps.com/shop/EVENT,mass_elite,,,
Yale Blue Dogs Girls Lacrosse Camp II,"July 23, 2024","New Haven, CT",2025-2028,http://www.bluedogslacrossecamp.com/shop/EVENT,mass_elite,,,
"Top Prospect Collegiate Showcase (Harvard, Notre Dame, Navy, Louisville, Georgetown, UMASS Amherst, Albany, Villanova, Pitt, Coastal Carolina, Temple, Vermont)","July 23-24, 2024","Baltimore, MD",2025-2028,https://www.willslax.com/page/show/7712393-top-prospect-collegiate-showcase,mass_elite,,,
Lax Masters Girls D1 Northeast Prospect Camp,"July 30, 2024","Farmington, CT",2025-2027,https://www.lacrossemasters.com/girls-camps,mass_elite,,,
Washington and Lee August Day Clinic,"August 1, 2024","Lexington, VA",2024-2028,https://bluetridentcamps.com/,mass_elite,,,
Harvard Crimson August Elite Prospect ID Clinic,"August 16-17, 2024","Boston, MA",2025-2029,https://www.willslax.com/page/show/7294190-crimson-august-elite-id-clinic,mass_elite,,,
UNC Charlotte 2026 Clinic,"August 17, 2024","Charlotte, NC",2026,https://www.clareshortlacrosse.com/,mass_elite,,,
Clemson Elite Prospect Camp,"August 17-18, 2024","Clemson, SC",2025-2029,https://clemsonlaxcamps.com/,mass_elite,,,
Duke Girls Lacrosse Prospect Camp II,"August 24, 2024","Durham, NC",2025-2028,https://dukelacrossecamp.com/camp2.html,mass_elite,,,
James Madison August Showcase,"August 24, 2024","Harrisonburg, VA",2025-2029,https://laxology.totalcamps.com/shop/EVENT,mass_elite,,,
Penn State Elite Clinic,"August 24, 2024","University Park, PA",2025-2029,https://gopsusports.com/sports/2018/8/8/camps-w-lacros-camp-html.aspx,mass_elite,,,
Richmond End of Summer Prospect Dy,"August 24, 2024","Richmond, MA",2025-2027,https://richmondspiderswomenslacrossecamps.totalcamps.com/About%20Us,mass_elite,,,
Syracuse ID Clinic/Prospect Day,"August 24, 2024","Syracuse, NY",2025-2028,https://www.kaylatreanor.com/events,mass_elite,,,
UVA ID Elite,"August 24-25, 2024","Charlottesville, VA",2025-2028,https://www.lamonicasports.com/uva-id-elite,mass_elite,,,
BU Terrier August Prospect Clinic,"August 25, 2024","Boston, MA",2025-2029,https://bostonulacrossecamps.com/camp2.html,mass_elite,,,
August Elite Prospect Clinic at Virginia Tech,"August 25, 2024","Blacksburg, VA",2025-2028,https://skieralacrossecamps.com/camp2.html,mass_elite,,,
Washington & Lee Spring Prospect Day,"April 21, 2024","Lexington, VA",2025,https://managementtools3.wlu.edu/WLUForms/Default.aspx?Form=3660,mass_elite,,,
Lehigh Spring Prospect Clinic,"May 11, 2024","Bethlehem, PA",2024-2028,https://lehighwomenslacrossecamps.totalcamps.com/shop/EVENT,mass_elite,,,
Duke Girls Lacrosse Prospect Camp I,"June 1, 2024","Durham, NC",2025-2028,https://dukelacrossecamp.com/camp2.html,mass_elite,,,
"2024 Hopkins Prospect Day (Florida, Drexel, Michigan, Columbia, Clemson)","June 7, 2024","Baltimore, MD",2025-2028,https://www.heritagelacrossecamps.com/,mass_elite,,,
Clemson Elite Prospect Camp,"June 10-11, 2024","Clemson, SC",2025-2029,https://clemsonlaxcamps.com/,mass_elite,,,
Richmond Summer Elite Camp I,"June 10-11, 2024","Richmond, MA",2024-2029,https://richmondspiderswomenslacrossecamps.totalcamps.com/About%20Us,mass_elite,,,
Lax Masters D3 Summer Prospect Camp,"June 11, 2024","Simsbury, CT",2025-2027,https://www.lacrossemasters.com/girls-camps,mass_elite,,,
Clemson Tiger Overnight Camp,"June 11-13, 2024","Clemson, SC",2025-2031,https://clemsonlaxcamps.com/,mass_elite,,,
Lax Masters D1 Summer Prospect Camp,"June 11-12, 2024","Simsbury, CT",2025-2027,https://www.lacrossemasters.com/girls-camps,mass_elite,,,
First Exposure Showcase,"June 13, 2024","Frederick, MD",2025-2028,https://docs.google.com/forms/d/e/1FAIpQLSe8_FDei1S57CCmTKpdN4RF_kqShO5SPJYwTqhYpm86vkh3Hg/viewform,mass_elite,,,
Navy Girls Lacrosse Summer Elite ID Camp 1,"June 13, 2024","Annapolis, MD",2025-2029,https://navysports.evenue.net/events/SC-WLAX,mass_elite,,,
Lehigh Summer Prospect Clinic I,"June 17, 2024","Bethlehem, PA",2025-2028,https://lehighwomenslacrossecamps.totalcamps.com/shop/EVENT,mass_elite,,,
Penn State Prospect Day Camp I,"June 17, 2024","University Park, PA",2025-2029,https://gopsusports.com/sports/2018/8/8/camps-w-lacros-camp-html.aspx,mass_elite,,,
Yale Blue Dogs Girls Lacrosse Camp I,"June 17, 2024","New Haven, CT",2025-2028,http://www.bluedogslacrossecamp.com/shop/EVENT,mass_elite,,,
Summer Elite Prospect Camp at Virginia Tech,"June 17-18, 2024","Blacksburg, VA",2024-2028,https://skieralacrossecamps.com/camp2.html,mass_elite,,,
Lax Masters Northeast High Academic D3 Summer Prospect Camp,"June 18-19, 2024","Farmington, CT",2025-2027,https://www.lacrossemasters.com/girls-camps,mass_elite,,,
"2024 Villanova College ID Camp I  (Villanova, Loyola, Penn State, Navy, Florida, Louisville, Navy, Hopkins, SJU)","June 20, 2024","Conshohocken, PA",2025-2027,http://www.villanovawomenslacrossecamps.com/shop/product/283860,mass_elite,,,
2024 Villanova Summer High School Clinic,"June 23, 2024","Villanova, PA",2025-2028,http://www.villanovawomenslacrossecamps.com/shop/product/284321,mass_elite,,,
"2024 Villanova College ID Camp II (Villanova, Dartmouth, Penn, Delaware, Drexel, Arizona State, Clemson, Temple, Stanford)","June 24, 2024","Conshohocken, PA",2025-2027,http://www.villanovawomenslacrossecamps.com/shop/product/283860,mass_elite,,,
Amonte Sports Milton Academy Prospect Day,"June 24, 2024","Milton, MA",2025-2027,https://amontesports.com/camps-and-clinics/,mass_elite,,,
Princeton Lacrosse Elite Camp I,"June 24, 2024","Princeton, NJ",2025-2028,https://www.princetonsportscamps.com/camps/girlslacrosse.htm,mass_elite,,,
Amonte Sports Milton Academy Two-Day Commuter Camp,"June 24-25, 2024","Milton, MA",2025-2030,https://amontesports.com/camps-and-clinics/,mass_elite,,,
Colorado Lacrosse June Prospect Camp,"June 24-25, 2024","Boulder, CO",2025-2030,https://cubuffs.com/sports/2023/5/24/lacrosse-camp-june-camp,mass_elite,,,
Columbia Summer Kick Off,"June 25, 2024","New York, NY",2024-2027,https://heartsloudlacrosse.totalcamps.com/shop/EVENT,mass_elite,,,
UMASS Lowell June Clinic I,"June 26, 2024","Lowell, MA",2025-2029,https://umlwomenslacrossecamps.totalcamps.com/shop/EVENT,mass_elite,,,
"Elite 180 Lacrosse (Middlebury, Williams, Bowdoin, Babson, Conn. College, Tufts, Trinity, MIT, Vassar, Amherst, Skidmore, Haverford, U Chicago, Wesleyan, Hamilton, Bates)","June 26-27, 2024",Northfield Mount Hermon School,2025-2027,https://www.elite180lax.com/,mass_elite,,,
Princeton Lacrosse Elite Camp 2,"June 24, 2024","Princeton, NJ",2025-2028,https://www.princetonsportscamps.com/camps/girlslacrosse.htm,mass_elite,,,
UMASS Lowell June Clinic II & III,"June 27, 2024","Lowell, MA",2025-2029,https://umlwomenslacrossecamps.totalcamps.com/shop/EVENT,mass_elite,,,
Harvard Crimson 100 Prospect Day,"July 1, 2024","Boston, MA",2025-2028,http://www.villanovawomenslacrossecamps.com/shop/product/283860,mass_elite,,,
Navy Girls Lacrosse Summer Elite ID Camp 2,"July 1, 2024","Annapolis, MD",2025-2029,https://navysports.evenue.net/events/SC-WLAX,mass_elite,,,
Northstar Showcase  Discount code: 24NSSMassElite,"July 1, 2024","Albany, NY",2025-2028,https://summitlacrosseventures.leagueapps.com/camps/4187435-2024-northstar-showcase,mass_elite,,,
Richmond Summer Elite Camp II,"July 7, 2024","Richmond, MA",2024-2029,https://richmondspiderswomenslacrossecamps.totalcamps.com/About%20Us,mass_elite,,,
Penn State Prospect Day Camp II,"July 8, 2024","University Park, PA",2025-2029,https://gopsusports.com/sports/2018/8/8/camps-w-lacros-camp-html.aspx,mass_elite,,,
Yale Blue Dog Mid-Summer Tune Up,"July 8, 2024","New Haven, CT",2025-2028,http://www.bluedogslacrossecamp.com/shop/EVENT,mass_elite,,,
Notre Dame Lacrosse Elite Day Camp,"July 8-9, 2024","South Bend, IN",2025-2028,https://campscui.active.com/orgs/UniversityofNotreDame#/selectSessions/3431740/filter/session=61557040,mass_elite,,,
Columbia Elite Camp I,"July 11, 2024","New York, NY",2025-2027,https://heartsloudlacrosse.totalcamps.com/shop/EVENT,mass_elite,,,
Navy Girls Lacrosse Summer Prospect Camp 1,"July 11, 2024","Annapolis, MD",2025-2028,https://navysports.evenue.net/events/SC-WLAX,mass_elite,,,
Hopkins One Day Camp,"July 15, 2024","Baltimore, MD",2025-2029,https://www.heritagelacrossecamps.com/,mass_elite,,,
Navy Girls Lacrosse Summer Prospect Camp 2,"July 15, 2024","Annapolis, MD",2025-2028,https://navysports.evenue.net/events/SC-WLAX,mass_elite,,,
Duke Elite Camp,"July 15-16, 2024","Durham, NC",2025-2028,https://dukelacrossecamp.com/camp1.html,mass_elite,,,
2024 Harvard Crimson Elite Prospect ID Clinic,"July 15-16, 2024","Boston, MA",2024-2028,https://www.willslax.com/page/show/5446573-crimson-elite-summer-prospect-id-clinic,mass_elite,,,
Pitt Lacrosse Two-Day Elite Camp,"July 15-16, 2024","Pittsburgh, PA",2024-2028,https://register.ryzer.com/camp.cfm?sport=27&id=261479,mass_elite,,,
James Madison Summer Exposure Camp,"July 15-17, 2024","Harrisonburg, VA",2025-2028,https://laxology.totalcamps.com/shop/EVENT,mass_elite,,,
Amonte Sports Northwestern Elite Commuter Camp,"July 16-17, 2024","Evanston, IL",2025-2030,https://amontesports.com/camps-and-clinics/,mass_elite,,,
Lax Masters High Academic Northeast Prospect Camp,"July 16-17, 2024","Newport, RI",2025-2027,https://www.lacrossemasters.com/girls-camps,mass_elite,,,
Duke Super Elite Camp,"July 17-18, 2024","Durham, NC",2025-2028,https://dukelacrossecamp.com/camp1.html,mass_elite,,,
2024 Villanova Summer High School Clinic,"July 21, 2024","Villanova, PA",2025-2028,http://www.villanovawomenslacrossecamps.com/shop/product/284321,mass_elite,,,
BU Terrier July Prospect Clinic,"July 22, 2024","Boston, MA",2025-2029,https://bostonulacrossecamps.com/camp2.html,mass_elite,,,
"2024 Villanova College ID Camp III (Villanova, Towson, Albany, Harvard, Michigan, Princeton, Maryland, Brown, Rutgers, Lehigh)","July 22, 2024","Conshohocken, PA",2025-2027,http://www.villanovawomenslacrossecamps.com/shop/product/283860,mass_elite,,,
Princeton Lacrosse Elite Camp 3,"July 22, 2024","Princeton, NJ",2025-2028,https://www.princetonsportscamps.com/camps/girlslacrosse.htm,mass_elite,,,
Columbia Elite Camp II,"July 23, 2024","New York, NY",2025-2027,https://heartsloudlacrosse.totalcamps.com/shop/EVENT,mass_elite,,,
Yale Blue Dogs Girls Lacrosse Camp II,"July 23, 2024","New Haven, CT",2025-2028,http://www.bluedogslacrossecamp.com/shop/EVENT,mass_elite,,,
"Top Prospect Collegiate Showcase (Harvard, Notre Dame, Navy, Louisville, Georgetown, UMASS Amherst, Albany, Villanova, Pitt, Coastal Carolina, Temple, Vermont)","July 23-24, 2024","Baltimore, MD",2025-2028,https://www.willslax.com/page/show/7712393-top-prospect-collegiate-showcase,mass_elite,,,
Lax Masters Girls D1 Northeast Prospect Camp,"July 30, 2024","Farmington, CT",2025-2027,https://www.lacrossemasters.com/girls-camps,mass_elite,,,
Clemson Elite Prospect Camp,"August 17-18, 2024","Clemson, SC",2025-2029,https://clemsonlaxcamps.com/,mass_elite,,,
Duke Girls Lacrosse Prospect Camp II,"August 24, 2024","Durham, NC",2025-2028,https://dukelacrossecamp.com/camp2.html,mass_elite,,,
James Madison August Showcase,"August 24, 2024","Harrisonburg, VA",2025-2029,https://laxology.totalcamps.com/shop/EVENT,mass_elite,,,
Penn State Elite Clinic,"August 24, 2024","University Park, PA",2025-2029,https://gopsusports.com/sports/2018/8/8/camps-w-lacros-camp-html.aspx,mass_elite,,,
Richmond End of Summer Prospect Dy,"August 24, 2024","Richmond, MA",2025-2027,https://richmondspiderswomenslacrossecamps.totalcamps.com/About%20Us,mass_elite,,,
UVA ID Elite,"August 24-25, 2024","Charlottesville, VA",2025-2028,https://www.lamonicasports.com/uva-id-elite,mass_elite,,,
BU Terrier August Prospect Clinic,"August 25, 2024","Boston, MA",2025-2029,https://bostonulacrossecamps.com/camp2.html,mass_elite,,,
August Elite Prospect Clinic at Virginia Tech,"August 25, 2024","Blacksburg, VA",2025-2028,https://skieralacrossecamps.com/camp2.html,mass_elite,,,
Prospect Day,12/2/2023,,,https://ngulacrossecamps.com/,airtable,Men,8/11/2023,D2
7 v 7 HS Tournament,12/2/2023,,,https://lynchburgmenslacrossecamps.totalcamps.com/shop/product/238319,airtable,Men,8/29/2023,D3
Elite Camp 2-Day,12/2/2023,,,https://stanfordgirlslacrossecamps.totalcamps.com/Content/51524,airtable,Women,9/12/2023,D1
Junior Day,12/2/2023,,,,airtable,Women,9/26/2023,D3
Prospect Clinic,12/2/2023,,,https://www.mountaindoglaxcamps.com/winter-prospect-clinic-at-dartmouth-college.cfm,airtable,Women,10/11/2023,D1
Prospect Day,12/2/2023,,,https://www.umolaxcamps.com/,airtable,Women,10/12/2023,D2
Elite Camp 2-day,12/2/2023,,,https://clemsontigers.com/camps/#:~:text=Allison%20Kwolek%20Lacrosse%20Camps,airtable,Women,10/13/2023,D1
Prospect Clinic,12/3/2023,,,https://register.ryzer.com/camp.cfm?sport=27&id=252277,airtable,Women,8/11/2023,D3
7 v 7 HS Tournament,12/3/2023,,,https://lynchburgmenslacrossecamps.totalcamps.com/shop/product/238319,airtable,Men,8/29/2023,D3
Prospect Clinic,12/3/2023,,,kglaxllc.com,airtable,Women,9/5/2023,D2
Prospect Day,12/3/2023,,,https://www.saintjosephslacrosse.com/Default.aspx?tabid=1433695,airtable,Men,9/13/2023,D1
Winter Skill Clinic,12/3/2023,,,https://cmulacrossecamps.totalcamps.com/shop/product/248186,airtable,Women,9/27/2023,D1
Prospect Clinic,12/3/2023,,,https://lehighwomenslacrossecamps.totalcamps.com/shop/product/246046,airtable,Women,9/27/2023,D1
Prospect Day,12/9/2023,,,https://www.captainselitelax.com/-winter-prospect-day.cfm,airtable,Women,8/24/2023,D3
Winter Camp 3-Day,12/27/2023,,,https://dukelacrossecamp.com/camp1.html,airtable,Women,10/11/2023,D1
Winter Camp 2-Day,12/28/2023,,,https://floridagators.com/sports/2023/1/27/winter-lacrosse-camp.aspx,airtable,Women,10/11/2023,D1
Prospect Weekend 3-Day,1/5/2024,,,https://www.eventbrite.com/e/rollins-womens-lacrosse-2023-24-prospect-clinics-registration-698423963877?aff=oddtdtcreator,airtable,Women,9/10/2023,D2
Winter College Showcase,1/7/2024,,,https://www.grandvalleystatewomenslacrossecamps.com/,airtable,Women,8/4/2023,D2
Prospect ID Clinic,1/11/2024,,,https://dominicanwomenslacrosseidcamp.totalcamps.com/shop/EVENT,airtable,Women,9/26/2023,D2
UNC High School Select Camp 3-Day,1/12/2024,,,,airtable,Men,9/8/2023,D1
Winter ID Clinic,1/15/2024,,,https://www.laxuhrelite.com/content/2024-winter-id-clinic,airtable,Women,9/25/2023,D3
Prospect Day,1/27/2024,,,https://www.eagleslacrossecamps.com/,airtable,Men,7/31/2023,D3
Prospect Clinic,1/27/2024,,,,airtable,Women,10/5/2023,D1
Winter Wonderlax 5v5,2/3/2024,,,https://register.ryzer.com/camp.cfm?sport=27&id=251470,airtable,Women,8/4/2023,D2
Prospect Clinic,2/11/2024,,,https://www.grandvalleystatewomenslacrossecamps.com/,airtable,Women,8/4/2023,D2
Prospect Day,2/18/2024,,,https://aicmenslacrossecamps.totalcamps.com/shop/EVENT,airtable,Men,10/3/2023,D2
Prospect Day,2/25/2024,,,https://jumbolacrosseclinics.com/february-prospect-day/,airtable,Men,10/18/2023,D3
Prospect Day,12/2/2023,South Carolina,,https://ngulacrossecamps.com/,airtable,Men,8/11/2023,D2
7 v 7 HS Tournament,12/2/2023,Virginia,,https://lynchburgmenslacrossecamps.totalcamps.com/shop/product/238319,airtable,Men,8/29/2023,D3
Elite Camp 2-Day,12/2/2023,California,,https://stanfordgirlslacrossecamps.totalcamps.com/Content/51524,airtable,Women,9/12/2023,D1
Junior Day,12/2/2023,Virginia,,,airtable,Women,9/26/2023,D3
Prospect Clinic,12/2/2023,New Hampshire,,https://www.mountaindoglaxcamps.com/winter-prospect-clinic-at-dartmouth-college.cfm,airtable,Women,10/11/2023,D1
Prospect Day,12/2/2023,North Carolina,,https://www.umolaxcamps.com/,airtable,Women,10/12/2023,D2
Elite Camp 2-day,12/2/2023,South Carolina,,https://clemsontigers.com/camps/#:~:text=Allison%20Kwolek%20Lacrosse%20Camps,airtable,Women,10/13/2023,D1
Prospect Clinic,12/3/2023,Virginia,,https://register.ryzer.com/camp.cfm?sport=27&id=252277,airtable,Women,8/11/2023,D3
7 v 7 HS Tournament,12/3/2023,Virginia,,https://lynchburgmenslacrossecamps.totalcamps.com/shop/product/238319,airtable,Men,8/29/2023,D3
Prospect Clinic,12/3/2023,Florida,,kglaxllc.com,airtable,Women,9/5/2023,D2
Prospect Day,12/3/2023,Pennsylvania,,https://www.saintjosephslacrosse.com/Default.aspx?tabid=1433695,airtable,Men,9/13/2023,D1
Winter Skill Clinic,12/3/2023,Michigan,,https://cmulacrossecamps.totalcamps.com/shop/product/248186,airtable,Women,9/27/2023,D1
Prospect Clinic,12/3/2023,Pennsylvania,,https://lehighwomenslacrossecamps.totalcamps.com/shop/product/246046,airtable,Women,9/27/2023,D1
Prospect Day,12/9/2023,Virginia,,https://www.captainselitelax.com/-winter-prospect-day.cfm,airtable,Women,8/24/2023,D3
Winter Camp 3-Day,12/27/2023,North Carolina,,https://dukelacrossecamp.com/camp1.html,airtable,Women,10/11/2023,D1
Winter Camp 2-Day,12/28/2023,Florida,,https://floridagators.com/sports/2023/1/27/winter-lacrosse-camp.aspx,airtable,Women,10/11/2023,D1
Prospect Weekend 3-Day,1/5/2024,Florida,,https://www.eventbrite.com/e/rollins-womens-lacrosse-2023-24-prospect-clinics-registration-698423963877?aff=oddtdtcreator,airtable,Women,9/10/2023,D2
Winter College Showcase,1/7/2024,Michigan,,https://www.grandvalleystatewomenslacrossecamps.com/,airtable,Women,8/4/2023,D2
Prospect ID Clinic,1/11/2024,California,,https://dominicanwomenslacrosseidcamp.totalcamps.com/shop/EVENT,airtable,Women,9/26/2023,D2
UNC High School Select Camp 3-Day,1/12/2024,North Carolina,,,airtable,Men,9/8/2023,D1
Winter ID Clinic,1/15/2024,California,,https://www.laxuhrelite.com/content/2024-winter-id-clinic,airtable,Women,9/25/2023,D3
Prospect Day,1/27/2024,Virginia,,https://www.eagleslacrossecamps.com/,airtable,Men,7/31/2023,D3
Prospect Clinic,1/27/2024,North Carolina,,,airtable,Women,10/5/2023,D1
Winter Wonderlax 5v5,2/3/2024,Michigan,,https://register.ryzer.com/camp.cfm?sport=27&id=251470,airtable,Women,8/4/2023,D2
Prospect Clinic,2/11/2024,Michigan,,https://www.grandvalleystatewomenslacrossecamps.com/,airtable,Women,8/4/2023,D2
Prospect Day,2/18/2024,Massachusetts,,https://aicmenslacrossecamps.totalcamps.com/shop/EVENT,airtable,Men,10/3/2023,D2
Prospect Day,2/25/2024,Massachusetts,,https://jumbolacrosseclinics.com/february-prospect-day/,airtable,Men,10/18/2023,D3
Prospect Day,12/2/2023,,,https://ngulacrossecamps.com/,airtable,Men,8/11/2023,D2
7 v 7 HS Tournament,12/2/2023,,,https://lynchburgmenslacrossecamps.totalcamps.com/shop/product/238319,airtable,Men,8/29/2023,D3
Elite Camp 2-Day,12/2/2023,,,https://stanfordgirlslacrossecamps.totalcamps.com/Content/51524,airtable,Women,9/12/2023,D1
Junior Day,12/2/2023,,,,airtable,Women,9/26/2023,D3
Prospect Clinic,12/2/2023,,,https://www.mountaindoglaxcamps.com/winter-prospect-clinic-at-dartmouth-college.cfm,airtable,Women,10/11/2023,D1
Prospect Day,12/2/2023,,,https://www.umolaxcamps.com/,airtable,Women,10/12/2023,D2
Elite Camp 2-day,12/2/2023,,,https://clemsontigers.com/camps/#:~:text=Allison%20Kwolek%20Lacrosse%20Camps,airtable,Women,10/13/2023,D1
Prospect Clinic,12/3/2023,,,https://register.ryzer.com/camp.cfm?sport=27&id=252277,airtable,Women,8/11/2023,D3
7 v 7 HS Tournament,12/3/2023,,,https://lynchburgmenslacrossecamps.totalcamps.com/shop/product/238319,airtable,Men,8/29/2023,D3
Prospect Clinic,12/3/2023,,,kglaxllc.com,airtable,Women,9/5/2023,D2
Prospect Day,12/3/2023,,,https://www.saintjosephslacrosse.com/Default.aspx?tabid=1433695,airtable,Men,9/13/2023,D1
Winter Skill Clinic,12/3/2023,,,https://cmulacrossecamps.totalcamps.com/shop/product/248186,airtable,Women,9/27/2023,D1
Prospect Clinic,12/3/2023,,,https://lehighwomenslacrossecamps.totalcamps.com/shop/product/246046,airtable,Women,9/27/2023,D1
Prospect Day,12/9/2023,,,https://www.captainselitelax.com/-winter-prospect-day.cfm,airtable,Women,8/24/2023,D3
Winter Camp 3-Day,12/27/2023,,,https://dukelacrossecamp.com/camp1.html,airtable,Women,10/11/2023,D1
Winter Camp 2-Day,12/28/2023,,,https://floridagators.com/sports/2023/1/27/winter-lacrosse-camp.aspx,airtable,Women,10/11/2023,D1
Prospect Weekend 3-Day,1/5/2024,,,https://www.eventbrite.com/e/rollins-womens-lacrosse-2023-24-prospect-clinics-registration-698423963877?aff=oddtdtcreator,airtable,Women,9/10/2023,D2
Winter College Showcase,1/7/2024,,,https://www.grandvalleystatewomenslacrossecamps.com/,airtable,Women,8/4/2023,D2
Prospect ID Clinic,1/11/2024,,,https://dominicanwomenslacrosseidcamp.totalcamps.com/shop/EVENT,airtable,Women,9/26/2023,D2
UNC High School Select Camp 3-Day,1/12/2024,,,,airtable,Men,9/8/2023,D1
Winter ID Clinic,1/15/2024,,,https://www.laxuhrelite.com/content/2024-winter-id-clinic,airtable,Women,9/25/2023,D3
Prospect Day,1/27/2024,,,https://www.eagleslacrossecamps.com/,airtable,Men,7/31/2023,D3
Prospect Clinic,1/27/2024,,,,airtable,Women,10/5/2023,D1
Winter Wonderlax 5v5,2/3/2024,,,https://register.ryzer.com/camp.cfm?sport=27&id=251470,airtable,Women,8/4/2023,D2
Prospect Clinic,2/11/2024,,,https://www.grandvalleystatewomenslacrossecamps.com/,airtable,Women,8/4/2023,D2
Prospect Day,2/18/2024,,,https://aicmenslacrossecamps.totalcamps.com/shop/EVENT,airtable,Men,10/3/2023,D2
Prospect Day,2/25/2024,,,https://jumbolacrosseclinics.com/february-prospect-day/,airtable,Men,10/18/2023,D3
Prospect Day,12/2/2023,South Carolina,,https://ngulacrossecamps.com/,airtable,Men,8/11/2023,D2
7 v 7 HS Tournament,12/2/2023,Virginia,,https://lynchburgmenslacrossecamps.totalcamps.com/shop/product/238319,airtable,Men,8/29/2023,D3
Elite Camp 2-Day,12/2/2023,California,,https://stanfordgirlslacrossecamps.totalcamps.com/Content/51524,airtable,Women,9/12/2023,D1
Junior Day,12/2/2023,Virginia,,,airtable,Women,9/26/2023,D3
Prospect Clinic,12/2/2023,New Hampshire,,https://www.mountaindoglaxcamps.com/winter-prospect-clinic-at-dartmouth-college.cfm,airtable,Women,10/11/2023,D1
Prospect Day,12/2/2023,North Carolina,,https://www.umolaxcamps.com/,airtable,Women,10/12/2023,D2
Elite Camp 2-day,12/2/2023,South Carolina,,https://clemsontigers.com/camps/#:~:text=Allison%20Kwolek%20Lacrosse%20Camps,airtable,Women,10/13/2023,D1
Prospect Clinic,12/3/2023,Virginia,,https://register.ryzer.com/camp.cfm?sport=27&id=252277,airtable,Women,8/11/2023,D3
7 v 7 HS Tournament,12/3/2023,Virginia,,https://lynchburgmenslacrossecamps.totalcamps.com/shop/product/238319,airtable,Men,8/29/2023,D3
Prospect Clinic,12/3/2023,Florida,,kglaxllc.com,airtable,Women,9/5/2023,D2
Prospect Day,12/3/2023,Pennsylvania,,https://www.saintjosephslacrosse.com/Default.aspx?tabid=1433695,airtable,Men,9/13/2023,D1
Winter Skill Clinic,12/3/2023,Michigan,,https://cmulacrossecamps.totalcamps.com/shop/product/248186,airtable,Women,9/27/2023,D1
Prospect Clinic,12/3/2023,Pennsylvania,,https://lehighwomenslacrossecamps.totalcamps.com/shop/product/246046,airtable,Women,9/27/2023,D1
Prospect Day,12/9/2023,Virginia,,https://www.captainselitelax.com/-winter-prospect-day.cfm,airtable,Women,8/24/2023,D3
Winter Camp 3-Day,12/27/2023,North Carolina,,https://dukelacrossecamp.com/camp1.html,airtable,Women,10/11/2023,D1
Winter Camp 2-Day,12/28/2023,Florida,,https://floridagators.com/sports/2023/1/27/winter-lacrosse-camp.aspx,airtable,Women,10/11/2023,D1
Prospect Weekend 3-Day,1/5/2024,Florida,,https://www.eventbrite.com/e/rollins-womens-lacrosse-2023-24-prospect-clinics-registration-698423963877?aff=oddtdtcreator,airtable,Women,9/10/2023,D2
Winter College Showcase,1/7/2024,Michigan,,https://www.grandvalleystatewomenslacrossecamps.com/,airtable,Women,8/4/2023,D2
Prospect ID Clinic,1/11/2024,California,,https://dominicanwomenslacrosseidcamp.totalcamps.com/shop/EVENT,airtable,Women,9/26/2023,D2
UNC High School Select Camp 3-Day,1/12/2024,North Carolina,,,airtable,Men,9/8/2023,D1
Winter ID Clinic,1/15/2024,California,,https://www.laxuhrelite.com/content/2024-winter-id-clinic,airtable,Women,9/25/2023,D3
Prospect Day,1/27/2024,Virginia,,https://www.eagleslacrossecamps.com/,airtable,Men,7/31/2023,D3
Prospect Clinic,1/27/2024,North Carolina,,,airtable,Women,10/5/2023,D1
Winter Wonderlax 5v5,2/3/2024,Michigan,,https://register.ryzer.com/camp.cfm?sport=27&id=251470,airtable,Women,8/4/2023,D2
Prospect Clinic,2/11/2024,Michigan,,https://www.grandvalleystatewomenslacrossecamps.com/,airtable,Women,8/4/2023,D2
Prospect Day,2/18/2024,Massachusetts,,https://aicmenslacrossecamps.totalcamps.com/shop/EVENT,airtable,Men,10/3/2023,D2
Prospect Day,2/25/2024,Massachusetts,,https://jumbolacrosseclinics.com/february-prospect-day/,airtable,Men,10/18/2023,D3
Prospect Day,12/2/2023,,,https://ngulacrossecamps.com/,airtable,Men,8/11/2023,D2
7 v 7 HS Tournament,12/2/2023,,,https://lynchburgmenslacrossecamps.totalcamps.com/shop/product/238319,airtable,Men,8/29/2023,D3
Elite Camp 2-Day,12/2/2023,,,https://stanfordgirlslacrossecamps.totalcamps.com/Content/51524,airtable,Women,9/12/2023,D1
Junior Day,12/2/2023,,,,airtable,Women,9/26/2023,D3
Prospect Clinic,12/2/2023,,,https://www.mountaindoglaxcamps.com/winter-prospect-clinic-at-dartmouth-college.cfm,airtable,Women,10/11/2023,D1
Prospect Day,12/2/2023,,,https://www.umolaxcamps.com/,airtable,Women,10/12/2023,D2
Elite Camp 2-day,12/2/2023,,,https://clemsontigers.com/camps/#:~:text=Allison%20Kwolek%20Lacrosse%20Camps,airtable,Women,10/13/2023,D1
Prospect Clinic,12/3/2023,,,https://register.ryzer.com/camp.cfm?sport=27&id=252277,airtable,Women,8/11/2023,D3
7 v 7 HS Tournament,12/3/2023,,,https://lynchburgmenslacrossecamps.totalcamps.com/shop/product/238319,airtable,Men,8/29/2023,D3
Prospect Clinic,12/3/2023,,,kglaxllc.com,airtable,Women,9/5/2023,D2
Prospect Day,12/3/2023,,,https://www.saintjosephslacrosse.com/Default.aspx?tabid=1433695,airtable,Men,9/13/2023,D1
Winter Skill Clinic,12/3/2023,,,https://cmulacrossecamps.totalcamps.com/shop/product/248186,airtable,Women,9/27/2023,D1
Prospect Clinic,12/3/2023,,,https://lehighwomenslacrossecamps.totalcamps.com/shop/product/246046,airtable,Women,9/27/2023,D1
Prospect Day,12/9/2023,,,https://www.captainselitelax.com/-winter-prospect-day.cfm,airtable,Women,8/24/2023,D3
Winter Camp 3-Day,12/27/2023,,,https://dukelacrossecamp.com/camp1.html,airtable,Women,10/11/2023,D1
Winter Camp 2-Day,12/28/2023,,,https://floridagators.com/sports/2023/1/27/winter-lacrosse-camp.aspx,airtable,Women,10/11/2023,D1
Prospect Weekend 3-Day,1/5/2024,,,https://www.eventbrite.com/e/rollins-womens-lacrosse-2023-24-prospect-clinics-registration-698423963877?aff=oddtdtcreator,airtable,Women,9/10/2023,D2
Winter College Showcase,1/7/2024,,,https://www.grandvalleystatewomenslacrossecamps.com/,airtable,Women,8/4/2023,D2
Prospect ID Clinic,1/11/2024,,,https://dominicanwomenslacrosseidcamp.totalcamps.com/shop/EVENT,airtable,Women,9/26/2023,D2
UNC High School Select Camp 3-Day,1/12/2024,,,,airtable,Men,9/8/2023,D1
Winter ID Clinic,1/15/2024,,,https://www.laxuhrelite.com/content/2024-winter-id-clinic,airtable,Women,9/25/2023,D3
Prospect Day,1/27/2024,,,https://www.eagleslacrossecamps.com/,airtable,Men,7/31/2023,D3
Prospect Clinic,1/27/2024,,,,airtable,Women,10/5/2023,D1
Winter Wonderlax 5v5,2/3/2024,,,https://register.ryzer.com/camp.cfm?sport=27&id=251470,airtable,Women,8/4/2023,D2
Prospect Clinic,2/11/2024,,,https://www.grandvalleystatewomenslacrossecamps.com/,airtable,Women,8/4/2023,D2
Prospect Day,2/18/2024,,,https://aicmenslacrossecamps.totalcamps.com/shop/EVENT,airtable,Men,10/3/2023,D2
Prospect Day,2/25/2024,,,https://jumbolacrosseclinics.com/february-prospect-day/,airtable,Men,10/18/2023,D3
Prospect Day,12/2/2023,,,https://ngulacrossecamps.com/,airtable,Men,8/11/2023,D2
7 v 7 HS Tournament,12/2/2023,,,https://lynchburgmenslacrossecamps.totalcamps.com/shop/product/238319,airtable,Men,8/29/2023,D3
Elite Camp 2-Day,12/2/2023,,,https://stanfordgirlslacrossecamps.totalcamps.com/Content/51524,airtable,Women,9/12/2023,D1
Junior Day,12/2/2023,,,,airtable,Women,9/26/2023,D3
Prospect Clinic,12/2/2023,,,https://www.mountaindoglaxcamps.com/winter-prospect-clinic-at-dartmouth-college.cfm,airtable,Women,10/11/2023,D1
Prospect Day,12/2/2023,,,https://www.umolaxcamps.com/,airtable,Women,10/12/2023,D2
Elite Camp 2-day,12/2/2023,,,https://clemsontigers.com/camps/#:~:text=Allison%20Kwolek%20Lacrosse%20Camps,airtable,Women,10/13/2023,D1
Prospect Clinic,12/3/2023,,,https://register.ryzer.com/camp.cfm?sport=27&id=252277,airtable,Women,8/11/2023,D3
7 v 7 HS Tournament,12/3/2023,,,https://lynchburgmenslacrossecamps.totalcamps.com/shop/product/238319,airtable,Men,8/29/2023,D3
Prospect Clinic,12/3/2023,,,kglaxllc.com,airtable,Women,9/5/2023,D2
Prospect Day,12/3/2023,,,https://www.saintjosephslacrosse.com/Default.aspx?tabid=1433695,airtable,Men,9/13/2023,D1
Winter Skill Clinic,12/3/2023,,,https://cmulacrossecamps.totalcamps.com/shop/product/248186,airtable,Women,9/27/2023,D1
Prospect Clinic,12/3/2023,,,https://lehighwomenslacrossecamps.totalcamps.com/shop/product/246046,airtable,Women,9/27/2023,D1
Prospect Day,12/9/2023,,,https://www.captainselitelax.com/-winter-prospect-day.cfm,airtable,Women,8/24/2023,D3
Winter Camp 3-Day,12/27/2023,,,https://dukelacrossecamp.com/camp1.html,airtable,Women,10/11/2023,D1
Winter Camp 2-Day,12/28/2023,,,https://floridagators.com/sports/2023/1/27/winter-lacrosse-camp.aspx,airtable,Women,10/11/2023,D1
Prospect Weekend 3-Day,1/5/2024,,,https://www.eventbrite.com/e/rollins-womens-lacrosse-2023-24-prospect-clinics-registration-698423963877?aff=oddtdtcreator,airtable,Women,9/10/2023,D2
Winter College Showcase,1/7/2024,,,https://www.grandvalleystatewomenslacrossecamps.com/,airtable,Women,8/4/2023,D2
Prospect ID Clinic,1/11/2024,,,https://dominicanwomenslacrosseidcamp.totalcamps.com/shop/EVENT,airtable,Women,9/26/2023,D2
UNC High School Select Camp 3-Day,1/12/2024,,,,airtable,Men,9/8/2023,D1
Winter ID Clinic,1/15/2024,,,https://www.laxuhrelite.com/content/2024-winter-id-clinic,airtable,Women,9/25/2023,D3
Prospect Day,1/27/2024,,,https://www.eagleslacrossecamps.com/,airtable,Men,7/31/2023,D3
Prospect Clinic,1/27/2024,,,,airtable,Women,10/5/2023,D1
Winter Wonderlax 5v5,2/3/2024,,,https://register.ryzer.com/camp.cfm?sport=27&id=251470,airtable,Women,8/4/2023,D2
Prospect Clinic,2/11/2024,,,https://www.grandvalleystatewomenslacrossecamps.com/,airtable,Women,8/4/2023,D2
Prospect Day,2/18/2024,,,https://aicmenslacrossecamps.totalcamps.com/shop/EVENT,airtable,Men,10/3/2023,D2
Prospect Day,2/25/2024,,,https://jumbolacrosseclinics.com/february-prospect-day/,airtable,Men,10/18/2023,D3
Prospect Day,12/2/2023,,,https://ngulacrossecamps.com/,airtable,Men,8/11/2023,D2
7 v 7 HS Tournament,12/2/2023,,,https://lynchburgmenslacrossecamps.totalcamps.com/shop/product/238319,airtable,Men,8/29/2023,D3
Elite Camp 2-Day,12/2/2023,,,https://stanfordgirlslacrossecamps.totalcamps.com/Content/51524,airtable,Women,9/12/2023,D1
Junior Day,12/2/2023,,,,airtable,Women,9/26/2023,D3
Prospect Clinic,12/2/2023,,,https://www.mountaindoglaxcamps.com/winter-prospect-clinic-at-dartmouth-college.cfm,airtable,Women,10/11/2023,D1
Prospect Day,12/2/2023,,,https://www.umolaxcamps.com/,airtable,Women,10/12/2023,D2
Elite Camp 2-day,12/2/2023,,,https://clemsontigers.com/camps/#:~:text=Allison%20Kwolek%20Lacrosse%20Camps,airtable,Women,10/13/2023,D1
Prospect Clinic,12/3/2023,,,https://register.ryzer.com/camp.cfm?sport=27&id=252277,airtable,Women,8/11/2023,D3
7 v 7 HS Tournament,12/3/2023,,,https://lynchburgmenslacrossecamps.totalcamps.com/shop/product/238319,airtable,Men,8/29/2023,D3
Prospect Clinic,12/3/2023,,,kglaxllc.com,airtable,Women,9/5/2023,D2
Prospect Day,12/3/2023,,,https://www.saintjosephslacrosse.com/Default.aspx?tabid=1433695,airtable,Men,9/13/2023,D1
Winter Skill Clinic,12/3/2023,,,https://cmulacrossecamps.totalcamps.com/shop/product/248186,airtable,Women,9/27/2023,D1
Prospect Clinic,12/3/2023,,,https://lehighwomenslacrossecamps.totalcamps.com/shop/product/246046,airtable,Women,9/27/2023,D1
Prospect Day,12/9/2023,,,https://www.captainselitelax.com/-winter-prospect-day.cfm,airtable,Women,8/24/2023,D3
Winter Camp 3-Day,12/27/2023,,,https://dukelacrossecamp.com/camp1.html,airtable,Women,10/11/2023,D1
Winter Camp 2-Day,12/28/2023,,,https://floridagators.com/sports/2023/1/27/winter-lacrosse-camp.aspx,airtable,Women,10/11/2023,D1
Prospect Weekend 3-Day,1/5/2024,,,https://www.eventbrite.com/e/rollins-womens-lacrosse-2023-24-prospect-clinics-registration-698423963877?aff=oddtdtcreator,airtable,Women,9/10/2023,D2
Winter College Showcase,1/7/2024,,,https://www.grandvalleystatewomenslacrossecamps.com/,airtable,Women,8/4/2023,D2
Prospect ID Clinic,1/11/2024,,,https://dominicanwomenslacrosseidcamp.totalcamps.com/shop/EVENT,airtable,Women,9/26/2023,D2
UNC High School Select Camp 3-Day,1/12/2024,,,,airtable,Men,9/8/2023,D1
Winter ID Clinic,1/15/2024,,,https://www.laxuhrelite.com/content/2024-winter-id-clinic,airtable,Women,9/25/2023,D3
Prospect Day,1/27/2024,,,https://www.eagleslacrossecamps.com/,airtable,Men,7/31/2023,D3
Prospect Clinic,1/27/2024,,,,airtable,Women,10/5/2023,D1
Winter Wonderlax 5v5,2/3/2024,,,https://register.ryzer.com/camp.cfm?sport=27&id=251470,airtable,Women,8/4/2023,D2
Prospect Clinic,2/11/2024,,,https://www.grandvalleystatewomenslacrossecamps.com/,airtable,Women,8/4/2023,D2
Prospect Day,2/18/2024,,,https://aicmenslacrossecamps.totalcamps.com/shop/EVENT,airtable,Men,10/3/2023,D2
Prospect Day,2/25/2024,,,https://jumbolacrosseclinics.com/february-prospect-day/,airtable,Men,10/18/2023,D3
