index,team,record,rpi,projections,1st,2nd,3rd,sos,vs_1-5,vs_6-10,vs_11-20,vs_21+,gender,division
1,Middlebury,13-0,0.749,,1.0,0.6687,0.6584,3,2 - 0,2 - 0,3 - 0,6 - 0,girls,D3
2,Tufts,11-2,0.7184,,0.8462,0.6963,0.6351,10,0 - 2,1 - 0,1 - 0,9 - 0,girls,D3
3,Gettysburg,11-2,0.7179,,0.8462,0.6905,0.6443,5,0 - 1,2 - 1,2 - 0,7 - 0,girls,D3
4,Salisbury,10-3,0.7172,,0.7692,0.7254,0.6487,1,1 - 1,2 - 1,1 - 1,6 - 0,girls,D3
5,Wesleyan (CT),10-2,0.7127,,0.8333,0.68,0.6577,4,2 - 1,0 - 0,2 - 1,6 - 0,girls,D3
6,Washington & Lee,11-3,0.7024,,0.7857,0.7073,0.6092,2,1 - 2,2 - 0,0 - 1,8 - 0,girls,D3
7,Franklin & Marshall,12-2,0.6977,,0.8571,0.6531,0.6273,13,1 - 1,1 - 1,0 - 0,10 - 0,girls,D3
8,Denison,9-4,0.6838,,0.6923,0.7119,0.6191,8,0 - 1,0 - 1,2 - 1,7 - 1,girls,D3
9,Ithaca,11-1,0.683,,0.9167,0.6215,0.5721,42,0 - 0,0 - 0,1 - 0,10 - 1,girls,D3
10,College of New Jersey,8-4,0.6784,,0.6667,0.7361,0.5746,28,0 - 3,0 - 1,0 - 0,8 - 0,girls,D3
11,Dickinson,8-4,0.6726,,0.6667,0.7202,0.5835,22,0 - 1,0 - 1,0 - 1,8 - 1,girls,D3
12,Pomona-Pitzer,12-1,0.6709,,0.9231,0.6013,0.5581,49,0 - 0,0 - 0,1 - 0,11 - 1,girls,D3
13,Chicago,6-4,0.6668,,0.6,0.7379,0.5915,29,0 - 1,1 - 0,0 - 2,5 - 1,girls,D3
14,Colorado College,10-3,0.6656,,0.7692,0.663,0.5671,24,0 - 0,0 - 0,1 - 1,9 - 2,girls,D3
15,Babson,11-2,0.6652,,0.8462,0.6149,0.5847,34,0 - 1,0 - 0,1 - 1,10 - 0,girls,D3
16,William Smith,12-2,0.659,,0.8571,0.5956,0.5879,27,1 - 1,0 - 1,0 - 0,11 - 0,girls,D3
17,Christopher Newport,11-4,0.659,,0.7333,0.6452,0.6123,16,0 - 0,1 - 1,0 - 1,10 - 2,girls,D3
18,Colby,9-4,0.6574,,0.6923,0.6555,0.6262,14,1 - 2,0 - 0,0 - 1,8 - 1,girls,D3
19,Haverford,8-4,0.6555,,0.6667,0.676,0.6033,21,0 - 1,0 - 0,2 - 0,6 - 3,girls,D3
20,Amherst,8-5,0.6539,,0.6154,0.6934,0.6135,9,0 - 2,0 - 0,2 - 0,6 - 3,girls,D3
21,Rhodes,9-3,0.6449,,0.75,0.6295,0.5708,40,0 - 0,0 - 0,1 - 2,8 - 1,girls,D3
22,University of Scranton,11-2,0.6439,,0.8462,0.5833,0.563,48,0 - 0,0 - 2,1 - 0,10 - 0,girls,D3
23,Shenandoah,10-3,0.6405,,0.7692,0.6028,0.5873,33,0 - 0,0 - 1,2 - 1,8 - 1,girls,D3
24,Roanoke,11-3,0.6382,,0.7857,0.5758,0.6155,23,0 - 1,1 - 1,0 - 1,10 - 0,girls,D3
25,MIT,12-2,0.6379,,0.8571,0.5554,0.5838,36,0 - 1,0 - 0,1 - 1,11 - 0,girls,D3
26,Capital University,9-4,0.6372,,0.6923,0.6422,0.5722,35,0 - 0,0 - 1,0 - 0,9 - 3,girls,D3
27,New Paltz,12-1,0.6326,,0.9231,0.5586,0.49,141,0 - 0,0 - 0,0 - 0,12 - 1,girls,D3
28,Bowdoin,8-5,0.6265,,0.6154,0.6392,0.6123,15,0 - 1,0 - 0,1 - 1,7 - 3,girls,D3
29,Catholic (DC),7-6,0.6242,,0.5385,0.6711,0.6159,12,0 - 3,0 - 2,2 - 0,5 - 1,girls,D3
30,Ohio Wesleyan,11-2,0.6227,,0.8462,0.5369,0.5709,53,0 - 0,0 - 0,0 - 1,11 - 1,girls,D3
31,Connecticut College,7-6,0.6182,,0.5385,0.6676,0.5993,20,0 - 2,0 - 0,0 - 2,7 - 2,girls,D3
32,Muhlenberg,9-3,0.6179,,0.75,0.5694,0.583,55,0 - 0,0 - 1,0 - 2,9 - 0,girls,D3
33,Williams,7-5,0.6172,,0.5833,0.6331,0.6191,17,0 - 2,0 - 0,1 - 1,6 - 2,girls,D3
34,Stevens,10-2,0.6149,,0.8333,0.5113,0.6035,47,0 - 1,0 - 0,1 - 1,9 - 0,girls,D3
35,Trinity,6-6,0.6147,,0.5,0.6633,0.6324,6,0 - 2,1 - 0,1 - 1,4 - 3,girls,D3
36,Springfield College,12-2,0.6146,,0.8571,0.5233,0.5546,59,0 - 0,0 - 0,0 - 0,12 - 2,girls,D3
37,Hamilton,5-6,0.6133,,0.4545,0.6701,0.6585,7,0 - 3,0 - 0,1 - 2,4 - 1,girls,D3
38,George Fox,9-3,0.6104,,0.75,0.6035,0.4848,123,0 - 0,0 - 1,0 - 0,9 - 2,girls,D3
39,Coast Guard,9-4,0.6102,,0.6923,0.6071,0.5344,51,0 - 0,0 - 0,0 - 1,9 - 3,girls,D3
40,Washington College,7-6,0.61,,0.5385,0.645,0.6116,19,0 - 2,0 - 1,0 - 1,7 - 2,girls,D3
41,St. Mary's (MD),7-5,0.6073,,0.5833,0.6539,0.538,43,0 - 0,0 - 2,0 - 1,7 - 2,girls,D3
42,Cortland,9-4,0.6037,,0.6923,0.5836,0.5553,52,0 - 1,0 - 1,0 - 1,9 - 1,girls,D3
43,Wisconsin Eau Claire,9-3,0.603,,0.75,0.5896,0.4827,125,0 - 0,0 - 0,0 - 1,9 - 2,girls,D3
44,Wooster,9-2,0.6021,,0.8182,0.5298,0.5308,127,0 - 0,0 - 1,0 - 0,9 - 1,girls,D3
45,Stevenson,9-4,0.5973,,0.6923,0.5605,0.5759,41,0 - 2,0 - 0,0 - 0,9 - 2,girls,D3
46,Stockton,13-1,0.5955,,0.9286,0.4608,0.5318,118,0 - 0,0 - 1,0 - 0,13 - 0,girls,D3
47,Geneseo,10-3,0.5954,,0.7692,0.5106,0.5912,61,0 - 0,0 - 0,0 - 2,10 - 1,girls,D3
48,Hope College,8-4,0.5948,,0.6667,0.5787,0.555,59,0 - 0,0 - 0,0 - 1,8 - 3,girls,D3
49,Cabrini,10-3,0.5901,,0.7692,0.5229,0.5456,67,0 - 0,0 - 1,0 - 1,10 - 1,girls,D3
50,Mount Union,8-3,0.59,,0.7273,0.533,0.5667,69,0 - 0,0 - 1,0 - 0,8 - 2,girls,D3
51,York,7-6,0.5894,,0.5385,0.6039,0.6112,11,0 - 2,0 - 2,2 - 1,5 - 1,girls,D3
52,Kalamazoo,6-1,0.5893,,0.8571,0.5103,0.4793,188,0 - 0,0 - 0,0 - 0,6 - 1,girls,D3
53,Endicott,8-6,0.5857,,0.5714,0.6228,0.5258,44,0 - 2,0 - 0,0 - 1,8 - 3,girls,D3
54,Berry,11-3,0.5851,,0.7857,0.5289,0.4969,122,0 - 0,0 - 0,0 - 0,11 - 3,girls,D3
55,Centre,11-3,0.5846,,0.7857,0.5217,0.5091,103,0 - 0,0 - 0,0 - 0,11 - 3,girls,D3
56,Montclair State,7-3,0.5826,,0.7,0.5558,0.5188,134,0 - 0,0 - 0,0 - 0,7 - 3,girls,D3
57,Kenyon,5-5,0.5814,,0.5,0.6443,0.5369,62,0 - 0,0 - 0,0 - 1,5 - 4,girls,D3
58,Lake Forest,11-2,0.5763,,0.8462,0.4791,0.5008,148,0 - 0,0 - 0,0 - 1,11 - 1,girls,D3
59,Claremont-Mudd-Scripps,10-3,0.574,,0.7692,0.4856,0.5556,70,0 - 0,0 - 0,0 - 2,10 - 1,girls,D3
60,Rensselaer,4-6,0.573,,0.4,0.6657,0.5607,56,0 - 1,0 - 1,0 - 2,4 - 2,girls,D3
61,Otterbein,7-4,0.5729,,0.6364,0.561,0.5334,84,0 - 0,0 - 0,0 - 0,7 - 4,girls,D3
62,Salve Regina,8-6,0.5721,,0.5714,0.6063,0.5044,72,0 - 0,0 - 0,0 - 1,8 - 5,girls,D3
63,St. John Fisher,5-7,0.5711,,0.4167,0.6598,0.548,31,0 - 0,0 - 1,0 - 2,5 - 4,girls,D3
64,Carroll (WI),10-3,0.5708,,0.7692,0.4957,0.5226,102,0 - 0,0 - 0,0 - 1,10 - 2,girls,D3
65,Western Connecticut,8-5,0.5698,,0.6154,0.5577,0.5482,73,0 - 1,0 - 0,0 - 0,8 - 4,girls,D3
66,Framingham State,10-3,0.5684,,0.7692,0.4984,0.5076,111,0 - 0,0 - 0,0 - 1,10 - 2,girls,D3
67,DePauw,6-4,0.5658,,0.6,0.5675,0.5283,115,0 - 0,0 - 0,0 - 1,6 - 3,girls,D3
68,Swarthmore,7-4,0.5645,,0.6364,0.5313,0.5589,89,0 - 1,0 - 1,0 - 1,7 - 1,girls,D3
69,Union,6-4,0.5632,,0.6,0.5488,0.5552,101,0 - 0,0 - 1,0 - 2,6 - 1,girls,D3
70,Johnson & Wales,8-4,0.5631,,0.6667,0.5514,0.4829,146,0 - 0,0 - 1,0 - 0,8 - 3,girls,D3
71,Emmanuel (MA),10-4,0.5624,,0.7143,0.5271,0.481,123,0 - 0,0 - 0,0 - 0,10 - 4,girls,D3
72,Oswego,8-5,0.5603,,0.6154,0.5678,0.4903,98,0 - 0,0 - 0,0 - 0,8 - 5,girls,D3
73,Westfield State,8-6,0.5589,,0.5714,0.5517,0.5609,37,0 - 0,0 - 0,0 - 2,8 - 4,girls,D3
74,Ursinus,7-5,0.5579,,0.5833,0.5525,0.5432,68,0 - 0,0 - 1,0 - 1,7 - 3,girls,D3
75,Juniata,11-2,0.5578,,0.8462,0.4305,0.5242,150,0 - 0,0 - 0,0 - 0,11 - 2,girls,D3
76,Randolph-Macon,9-5,0.5567,,0.6429,0.5221,0.5398,75,0 - 0,0 - 1,0 - 1,9 - 3,girls,D3
77,Sewanee,11-6,0.5562,,0.6471,0.5377,0.5024,58,0 - 0,0 - 0,0 - 0,11 - 6,girls,D3
78,Aurora,6-6,0.5557,,0.5,0.6193,0.4843,88,0 - 0,0 - 0,0 - 0,6 - 6,girls,D3
79,St. Joseph's (ME),9-3,0.555,,0.75,0.4982,0.4735,179,0 - 0,0 - 0,0 - 0,9 - 3,girls,D3
80,Chapman,8-3,0.5546,,0.7273,0.4856,0.5201,147,0 - 0,0 - 0,0 - 2,8 - 1,girls,D3
81,Oglethorpe,8-4,0.5539,,0.6667,0.5299,0.4889,145,0 - 0,0 - 0,0 - 0,8 - 4,girls,D3
82,UW-LaCrosse,9-4,0.5515,,0.6923,0.5044,0.505,109,0 - 0,0 - 0,0 - 1,9 - 3,girls,D3
83,Baldwin Wallace,9-6,0.5496,,0.6,0.5453,0.5078,66,0 - 0,0 - 0,0 - 0,9 - 6,girls,D3
84,Brockport,7-5,0.5477,,0.5833,0.5275,0.5524,81,0 - 0,0 - 1,0 - 0,7 - 4,girls,D3
85,Oberlin,4-9,0.5477,,0.3077,0.6573,0.5683,25,0 - 0,0 - 1,0 - 0,4 - 8,girls,D3
86,Susquehanna,9-5,0.5473,,0.6429,0.4975,0.5514,74,0 - 0,0 - 0,0 - 1,9 - 4,girls,D3
87,Carthage,9-4,0.546,,0.6923,0.4881,0.5155,117,0 - 0,0 - 0,0 - 1,9 - 3,girls,D3
88,Rowan,4-9,0.5459,,0.3077,0.6616,0.5528,32,0 - 0,0 - 1,0 - 1,4 - 7,girls,D3
89,UW-River Falls,9-3,0.545,,0.75,0.4554,0.5192,143,0 - 0,0 - 0,0 - 1,9 - 2,girls,D3
90,Occidental,6-5,0.5441,,0.5455,0.5652,0.5006,129,0 - 0,0 - 0,0 - 2,6 - 3,girls,D3
91,Utica,9-3,0.5437,,0.75,0.4451,0.5348,133,0 - 0,0 - 0,0 - 0,9 - 3,girls,D3
92,Lynchburg,9-5,0.5426,,0.6429,0.505,0.5177,96,0 - 0,0 - 0,0 - 1,9 - 4,girls,D3
93,Bates College,5-8,0.541,,0.3846,0.5908,0.5979,18,0 - 2,0 - 0,0 - 1,5 - 5,girls,D3
94,Mary Washington,4-8,0.5395,,0.3333,0.6243,0.5759,30,0 - 0,0 - 0,0 - 1,4 - 7,girls,D3
95,Clarkson,8-4,0.537,,0.6667,0.4626,0.5562,97,0 - 0,0 - 1,0 - 1,8 - 2,girls,D3
96,Methodist University,10-2,0.5368,,0.8333,0.4111,0.4918,181,0 - 0,0 - 0,0 - 0,10 - 2,girls,D3
97,John Carroll,6-6,0.5363,,0.5,0.5571,0.5309,71,0 - 0,0 - 0,0 - 0,6 - 6,girls,D3
98,Widener,7-6,0.5346,,0.5385,0.5278,0.5444,54,0 - 0,0 - 0,0 - 2,7 - 4,girls,D3
99,DeSales,10-2,0.5345,,0.8333,0.4006,0.5034,182,0 - 0,0 - 0,0 - 0,10 - 2,girls,D3
100,Washington & Jefferson,6-6,0.534,,0.5,0.5663,0.5035,95,0 - 0,0 - 0,0 - 1,6 - 5,girls,D3
101,Colby-Sawyer,10-3,0.5334,,0.7692,0.4625,0.4394,206,0 - 0,0 - 0,0 - 0,10 - 3,girls,D3
102,US Merchant Marine,8-2,0.5319,,0.8,0.4126,0.5025,203,0 - 0,0 - 0,0 - 0,8 - 2,girls,D3
103,Kean,7-7,0.5316,,0.5,0.5564,0.5134,63,0 - 0,0 - 0,0 - 0,7 - 7,girls,D3
104,Maritime College,6-3,0.531,,0.6667,0.4899,0.4774,194,0 - 0,0 - 0,0 - 0,6 - 3,girls,D3
105,Keene State,7-4,0.5299,,0.6364,0.5075,0.4683,158,0 - 0,0 - 0,0 - 0,7 - 4,girls,D3
106,Messiah,5-8,0.5297,,0.3846,0.5759,0.5825,25,0 - 2,0 - 1,0 - 0,5 - 5,girls,D3
107,Roger Williams,7-7,0.5266,,0.5,0.5379,0.5309,39,0 - 0,0 - 0,0 - 3,7 - 4,girls,D3
108,Meredith,8-5,0.5264,,0.6154,0.5021,0.4859,112,0 - 0,0 - 0,0 - 1,8 - 4,girls,D3
109,Marymount,8-6,0.5261,,0.5714,0.5322,0.4684,104,0 - 0,0 - 0,0 - 0,8 - 6,girls,D3
110,Nazareth,5-7,0.5261,,0.4167,0.5974,0.4927,79,0 - 0,0 - 0,0 - 1,5 - 6,girls,D3
111,Plymouth State,6-6,0.5256,,0.5,0.5494,0.5034,65,0 - 0,0 - 0,0 - 0,6 - 6,girls,D3
112,Cornell College,10-2,0.5239,,0.8333,0.4031,0.4562,227,0 - 0,0 - 0,0 - 0,10 - 2,girls,D3
113,Rochester,8-5,0.5231,,0.6154,0.4662,0.5446,78,0 - 0,0 - 1,0 - 0,8 - 4,girls,D3
114,Misericordia,4-7,0.523,,0.3636,0.6213,0.4857,93,0 - 0,0 - 0,0 - 0,4 - 7,girls,D3
115,Willamette,10-2,0.5223,,0.8333,0.3915,0.4727,215,0 - 0,0 - 0,0 - 0,10 - 2,girls,D3
116,Simmons,7-8,0.5212,,0.4667,0.5827,0.453,136,0 - 0,0 - 0,0 - 0,7 - 8,girls,D3
117,Saint Benedict,5-2,0.5209,,0.7143,0.4433,0.4828,212,0 - 0,0 - 0,0 - 0,5 - 2,girls,D3
118,Smith College,7-8,0.5207,,0.4667,0.5302,0.5558,45,0 - 0,0 - 0,0 - 1,7 - 7,girls,D3
119,Ohio Northern,8-6,0.5165,,0.5714,0.5082,0.4781,119,0 - 0,0 - 0,0 - 0,8 - 6,girls,D3
120,Moravian,6-6,0.516,,0.5,0.5147,0.5344,86,0 - 0,0 - 1,0 - 0,6 - 5,girls,D3
121,Wheaton,8-6,0.515,,0.5714,0.4754,0.5375,91,0 - 0,0 - 0,0 - 0,8 - 6,girls,D3
122,Worcester State,7-6,0.5137,,0.5385,0.4937,0.529,116,0 - 0,0 - 0,0 - 0,7 - 6,girls,D3
123,RIT,6-6,0.5133,,0.5,0.5127,0.5278,80,0 - 0,0 - 1,0 - 0,6 - 5,girls,D3
124,Skidmore,6-7,0.5101,,0.4615,0.512,0.5546,50,0 - 0,0 - 0,0 - 1,6 - 6,girls,D3
125,Trine,7-3,0.5066,,0.7,0.4354,0.4554,228,0 - 0,0 - 0,0 - 0,7 - 3,girls,D3
126,Bridgewater,8-7,0.5065,,0.5333,0.4882,0.5164,100,0 - 0,0 - 1,0 - 0,8 - 6,girls,D3
127,Edgewood,7-6,0.5062,,0.5385,0.5002,0.4858,140,0 - 0,0 - 0,0 - 0,7 - 6,girls,D3
128,Bryn Athyn,7-2,0.5059,,0.7778,0.3865,0.4729,241,0 - 0,0 - 0,0 - 0,7 - 2,girls,D3
129,Redlands,6-9,0.5046,,0.4,0.5566,0.5053,45,0 - 0,0 - 0,0 - 2,6 - 7,girls,D3
130,Illinois Wesleyan,6-7,0.5031,,0.4615,0.52,0.5109,75,0 - 0,0 - 0,0 - 1,6 - 6,girls,D3
131,Drew,7-7,0.503,,0.5,0.4843,0.5437,57,0 - 0,0 - 0,0 - 0,7 - 7,girls,D3
132,McDaniel,6-7,0.5029,,0.4615,0.5045,0.5411,64,0 - 0,0 - 1,0 - 1,6 - 5,girls,D3
133,Lebanon Valley,8-5,0.502,,0.6154,0.4376,0.5176,135,0 - 0,0 - 1,0 - 1,8 - 3,girls,D3
134,St. Lawrence,3-9,0.5017,,0.25,0.5966,0.5636,38,0 - 2,0 - 1,0 - 1,3 - 5,girls,D3
135,Hartwick,6-5,0.5003,,0.5455,0.4851,0.4856,158,0 - 0,0 - 0,0 - 0,6 - 5,girls,D3
136,Buffalo State,6-5,0.4992,,0.5455,0.4918,0.468,178,0 - 0,0 - 0,0 - 0,6 - 5,girls,D3
137,Southern Maine,5-5,0.498,,0.5,0.5015,0.4887,172,0 - 0,0 - 0,0 - 1,5 - 4,girls,D3
138,Neumann,6-7,0.4976,,0.4615,0.535,0.4587,139,0 - 0,0 - 0,0 - 0,6 - 7,girls,D3
139,Farmingdale State,5-8,0.4942,,0.3846,0.5453,0.5017,92,0 - 0,0 - 1,0 - 0,5 - 7,girls,D3
140,Nichols,11-3,0.4925,,0.7857,0.3535,0.4774,214,0 - 0,0 - 0,0 - 0,11 - 3,girls,D3
141,Norwich,8-3,0.4922,,0.7273,0.3801,0.4811,226,0 - 0,0 - 0,0 - 0,8 - 3,girls,D3
142,Lycoming,5-7,0.4899,,0.4167,0.5247,0.4936,113,0 - 0,0 - 0,0 - 0,5 - 7,girls,D3
143,Bridgewater State,5-9,0.4897,,0.3571,0.545,0.5118,77,0 - 0,0 - 0,0 - 0,5 - 9,girls,D3
144,Plattsburg State,3-9,0.4881,,0.25,0.6125,0.4775,82,0 - 0,0 - 0,0 - 0,3 - 9,girls,D3
145,Clark,7-7,0.4872,,0.5,0.4753,0.4983,110,0 - 0,0 - 0,0 - 1,7 - 6,girls,D3
146,Beloit,5-4,0.4858,,0.5556,0.4712,0.445,225,0 - 0,0 - 0,0 - 0,5 - 4,girls,D3
147,Whitworth,7-4,0.4856,,0.6364,0.4166,0.473,215,0 - 0,0 - 0,0 - 0,7 - 4,girls,D3
148,FDU Florham,3-7,0.4837,,0.3,0.5888,0.4573,153,0 - 0,0 - 0,0 - 0,3 - 7,girls,D3
149,Marywood,6-7,0.4836,,0.4615,0.5057,0.4615,154,0 - 0,0 - 0,0 - 0,6 - 7,girls,D3
150,Ferrum,8-4,0.4828,,0.6667,0.3822,0.5001,195,0 - 0,0 - 1,0 - 0,8 - 3,girls,D3
151,Immaculata,8-5,0.4823,,0.6154,0.431,0.4519,187,0 - 0,0 - 0,0 - 0,8 - 5,girls,D3
152,Transylvania,5-7,0.4823,,0.4167,0.5113,0.49,99,0 - 0,0 - 0,0 - 0,5 - 7,girls,D3
153,Oneonta,4-9,0.477,,0.3077,0.5465,0.5072,83,0 - 0,0 - 0,0 - 0,4 - 9,girls,D3
154,Eastern Connecticut,6-6,0.4755,,0.5,0.4401,0.5218,126,0 - 0,0 - 0,0 - 0,6 - 6,girls,D3
155,Piedmont,8-6,0.4754,,0.5714,0.4237,0.4826,149,0 - 0,0 - 0,0 - 0,8 - 6,girls,D3
156,Potsdam,3-7,0.4719,,0.3,0.5568,0.4743,161,0 - 0,0 - 0,0 - 0,3 - 7,girls,D3
157,Hood,4-9,0.4708,,0.3077,0.5439,0.4879,85,0 - 0,0 - 0,0 - 0,4 - 9,girls,D3
158,Emerson,5-8,0.4706,,0.3846,0.5009,0.4959,104,0 - 0,0 - 0,0 - 1,5 - 7,girls,D3
159,Rivier,6-6,0.4699,,0.5,0.4705,0.4387,207,0 - 0,0 - 0,0 - 0,6 - 6,girls,D3
160,Cedar Crest,4-3,0.4691,,0.5714,0.4331,0.4386,249,0 - 0,0 - 0,0 - 0,4 - 3,girls,D3
161,Allegheny,5-6,0.4673,,0.4545,0.4652,0.4842,165,0 - 0,0 - 0,0 - 0,5 - 6,girls,D3
162,North Central,6-3,0.4652,,0.6667,0.3639,0.4661,254,0 - 0,0 - 0,0 - 0,6 - 3,girls,D3
163,St. Joseph's (NY),6-4,0.4635,,0.6,0.3965,0.4609,244,0 - 0,0 - 0,0 - 0,6 - 4,girls,D3
164,Grove City,9-3,0.4625,,0.75,0.3209,0.4581,253,0 - 0,0 - 0,0 - 0,9 - 3,girls,D3
165,Southwestern,2-6,0.4614,,0.25,0.5427,0.5105,130,0 - 0,0 - 0,0 - 1,2 - 5,girls,D3
166,Mass Maritime,5-8,0.4605,,0.3846,0.5096,0.4383,170,0 - 0,0 - 0,0 - 0,5 - 8,girls,D3
167,Western New England,5-8,0.4596,,0.3846,0.4844,0.4847,108,0 - 0,0 - 0,0 - 0,5 - 8,girls,D3
168,Regis (MA),8-5,0.4586,,0.6154,0.3831,0.4527,202,0 - 0,0 - 0,0 - 0,8 - 5,girls,D3
169,Hamline,6-6,0.4583,,0.5,0.433,0.4673,177,0 - 0,0 - 0,0 - 0,6 - 6,girls,D3
170,Mount St. Mary,7-4,0.4583,,0.6364,0.3582,0.4802,235,0 - 0,0 - 0,0 - 0,7 - 4,girls,D3
171,Whitman,6-5,0.4566,,0.5455,0.4017,0.4777,204,0 - 0,0 - 0,0 - 0,6 - 5,girls,D3
172,Chatham,6-6,0.4558,,0.5,0.4388,0.4456,197,0 - 0,0 - 0,0 - 0,6 - 6,girls,D3
173,St. Joseph (CT),9-4,0.4533,,0.6923,0.3174,0.4859,204,0 - 0,0 - 0,0 - 0,9 - 4,girls,D3
174,UMass-Dartmouth,8-4,0.4533,,0.6667,0.3494,0.4475,240,0 - 0,0 - 0,0 - 0,8 - 4,girls,D3
175,SUNY Canton,5-5,0.4516,,0.5,0.4148,0.4766,200,0 - 0,0 - 0,0 - 0,5 - 5,girls,D3
176,MSOE,3-6,0.4508,,0.3333,0.5085,0.4528,192,0 - 0,0 - 0,0 - 0,3 - 6,girls,D3
177,Marietta,6-7,0.4506,,0.4615,0.4397,0.4616,171,0 - 0,0 - 0,0 - 0,6 - 7,girls,D3
178,Hartford,6-6,0.45,,0.5,0.4002,0.4995,160,0 - 0,0 - 0,0 - 0,6 - 6,girls,D3
179,Wells,11-0,0.4493,,1.0,0.1799,0.4375,280,0 - 0,0 - 0,0 - 0,11 - 0,girls,D3
180,Alvernia,4-9,0.4477,,0.3077,0.4945,0.4942,90,0 - 0,0 - 0,0 - 0,4 - 9,girls,D3
181,Elms,4-5,0.446,,0.4444,0.4349,0.4696,223,0 - 0,0 - 0,0 - 0,4 - 5,girls,D3
182,Southern Virginia,5-7,0.446,,0.4167,0.4512,0.4647,168,0 - 0,0 - 0,0 - 0,5 - 7,girls,D3
183,Guilford,5-7,0.4453,,0.4167,0.4712,0.422,190,0 - 0,0 - 0,0 - 0,5 - 7,girls,D3
184,Albion,2-6,0.4447,,0.25,0.5167,0.4954,157,0 - 0,0 - 0,0 - 0,2 - 6,girls,D3
185,Pfeiffer,5-6,0.4439,,0.4545,0.4494,0.4223,211,0 - 0,0 - 0,0 - 0,5 - 6,girls,D3
186,Ramapo,3-6,0.4428,,0.3333,0.4873,0.463,199,0 - 0,0 - 1,0 - 0,3 - 5,girls,D3
187,Hendrix,3-7,0.4397,,0.3,0.4858,0.4872,163,0 - 0,0 - 0,0 - 0,3 - 7,girls,D3
188,Manhattanville,5-7,0.4396,,0.4167,0.4328,0.476,175,0 - 0,0 - 0,0 - 0,5 - 7,girls,D3
189,Adrian,3-4,0.4395,,0.4286,0.431,0.4673,219,0 - 0,0 - 0,0 - 0,3 - 4,girls,D3
190,Maine Maritime,6-5,0.4393,,0.5455,0.408,0.3959,258,0 - 0,0 - 0,0 - 0,6 - 5,girls,D3
191,New England College,5-8,0.4393,,0.3846,0.4656,0.4414,173,0 - 0,0 - 0,0 - 0,5 - 8,girls,D3
192,Muskingum,7-7,0.4393,,0.5,0.4103,0.4365,180,0 - 0,0 - 0,0 - 0,7 - 7,girls,D3
193,Wilson College,7-4,0.4384,,0.6364,0.3191,0.4788,247,0 - 0,0 - 0,0 - 0,7 - 4,girls,D3
194,Wittenberg,6-7,0.4382,,0.4615,0.406,0.4792,167,0 - 0,0 - 1,0 - 0,6 - 6,girls,D3
195,Virginia Wesleyan,4-8,0.4374,,0.3333,0.4735,0.4692,142,0 - 0,0 - 0,0 - 0,4 - 8,girls,D3
196,Fitchburg State,6-7,0.4349,,0.4615,0.4126,0.453,189,0 - 0,0 - 0,0 - 0,6 - 7,girls,D3
197,Averett,1-10,0.4337,,0.0909,0.6014,0.4409,144,0 - 0,0 - 0,0 - 0,1 - 10,girls,D3
198,Mount St. Vincent,4-7,0.4335,,0.3636,0.4611,0.4482,198,0 - 0,0 - 0,0 - 0,4 - 7,girls,D3
199,Wellesley,2-11,0.4334,,0.1538,0.5583,0.463,106,0 - 0,0 - 0,0 - 0,2 - 11,girls,D3
200,Vassar,3-9,0.4327,,0.25,0.487,0.5068,113,0 - 0,0 - 0,0 - 0,3 - 9,girls,D3
201,Northwestern St. Paul,4-7,0.4321,,0.3636,0.4581,0.4484,201,0 - 0,0 - 0,0 - 0,4 - 7,girls,D3
202,Thiel College,6-3,0.432,,0.6667,0.3193,0.4228,272,0 - 0,0 - 0,0 - 0,6 - 3,girls,D3
203,Elizabethtown,4-7,0.4311,,0.3636,0.4511,0.4585,196,0 - 0,0 - 0,0 - 0,4 - 7,girls,D3
204,St. Mary's (IN),1-9,0.4302,,0.1,0.5646,0.4914,131,0 - 0,0 - 0,0 - 0,1 - 9,girls,D3
205,Brevard,8-5,0.4293,,0.6154,0.3238,0.454,243,0 - 0,0 - 0,0 - 0,8 - 5,girls,D3
206,Alma,2-6,0.428,,0.25,0.4795,0.503,151,0 - 0,0 - 0,0 - 0,2 - 6,girls,D3
207,Delaware Valley,5-8,0.428,,0.3846,0.4383,0.4507,166,0 - 0,0 - 0,0 - 0,5 - 8,girls,D3
208,University of New England,5-8,0.4268,,0.3846,0.4238,0.4751,156,0 - 0,0 - 0,0 - 0,5 - 8,girls,D3
209,Cal Lutheran,4-10,0.4264,,0.2857,0.4674,0.4852,94,0 - 0,0 - 0,0 - 1,4 - 9,girls,D3
210,Calvin,3-8,0.4261,,0.2727,0.4623,0.5071,152,0 - 0,0 - 0,0 - 0,3 - 8,girls,D3
211,Anderson,3-1,0.425,,0.75,0.2752,0.3994,279,0 - 0,0 - 0,0 - 0,3 - 1,girls,D3
212,Marian (WI),4-8,0.4239,,0.3333,0.4408,0.4805,174,0 - 0,0 - 0,0 - 0,4 - 8,girls,D3
213,Lasell,5-7,0.4215,,0.4167,0.4311,0.4073,230,0 - 0,0 - 0,0 - 0,5 - 7,girls,D3
214,Goucher,3-10,0.4206,,0.2308,0.4884,0.4747,137,0 - 0,0 - 0,0 - 0,3 - 10,girls,D3
215,Arcadia,6-7,0.4204,,0.4615,0.3509,0.5183,155,0 - 0,0 - 0,0 - 0,6 - 7,girls,D3
216,UW Stout,2-7,0.4194,,0.2222,0.4915,0.4725,183,0 - 0,0 - 0,0 - 1,2 - 6,girls,D3
217,Husson,3-7,0.4186,,0.3,0.4632,0.4481,208,0 - 0,0 - 0,0 - 0,3 - 7,girls,D3
218,Fredonia,4-10,0.4177,,0.2857,0.4501,0.4848,120,0 - 0,0 - 0,0 - 0,4 - 10,girls,D3
219,Sage,5-6,0.4158,,0.4545,0.3559,0.4968,220,0 - 0,0 - 0,0 - 0,5 - 6,girls,D3
220,Eastern Mennonite,2-9,0.4137,,0.1818,0.5356,0.4018,185,0 - 0,0 - 1,0 - 0,2 - 8,girls,D3
221,Concordia WI,4-7,0.4119,,0.3636,0.406,0.4719,193,0 - 0,0 - 0,0 - 0,4 - 7,girls,D3
222,Alfred,5-6,0.4103,,0.4545,0.3851,0.4164,262,0 - 0,0 - 0,0 - 0,5 - 6,girls,D3
223,Albright,1-12,0.4084,,0.0769,0.5321,0.4926,87,0 - 0,0 - 0,0 - 0,1 - 12,girls,D3
224,Bryn Mawr,0-6,0.4047,,0.0,0.5909,0.4371,162,0 - 0,0 - 0,0 - 0,0 - 6,girls,D3
225,Puget Sound,2-7,0.4046,,0.2222,0.4765,0.4431,210,0 - 0,0 - 0,0 - 0,2 - 7,girls,D3
226,Randolph,2-4,0.4037,,0.3333,0.4192,0.443,231,0 - 0,0 - 0,0 - 0,2 - 4,girls,D3
227,Mount Holyoke,1-12,0.4031,,0.0769,0.5264,0.4826,107,0 - 0,0 - 0,0 - 1,1 - 11,girls,D3
228,Linfield,3-7,0.4023,,0.3,0.4312,0.4467,221,0 - 0,0 - 0,0 - 0,3 - 7,girls,D3
229,Illinois Tech,3-9,0.3987,,0.25,0.4474,0.4501,184,0 - 0,0 - 0,0 - 0,3 - 9,girls,D3
230,Mount Aloysius,5-4,0.3973,,0.5556,0.3256,0.3825,275,0 - 0,0 - 0,0 - 0,5 - 4,girls,D3
231,Morrisville State,5-5,0.3964,,0.5,0.3226,0.4401,266,0 - 0,0 - 0,0 - 0,5 - 5,girls,D3
232,Elmhurst,2-8,0.3859,,0.2,0.4566,0.4304,224,0 - 0,0 - 0,0 - 0,2 - 8,girls,D3
233,Wilkes,2-12,0.3859,,0.1429,0.4687,0.4634,128,0 - 0,0 - 0,0 - 0,2 - 12,girls,D3
234,Gordon,2-11,0.3847,,0.1538,0.4589,0.4674,164,0 - 0,0 - 0,0 - 0,2 - 11,girls,D3
235,Hanover,4-6,0.3831,,0.4,0.3557,0.4211,261,0 - 0,0 - 0,0 - 0,4 - 6,girls,D3
236,SUNY Poly,4-7,0.3809,,0.3636,0.3843,0.3914,264,0 - 0,0 - 0,0 - 0,4 - 7,girls,D3
237,La Roche,1-7,0.3791,,0.125,0.5428,0.3059,270,0 - 0,0 - 0,0 - 0,1 - 7,girls,D3
238,Franciscan,1-8,0.3774,,0.1111,0.4831,0.4324,213,0 - 0,0 - 0,0 - 0,1 - 8,girls,D3
239,Spalding,3-9,0.3759,,0.25,0.4132,0.4271,232,0 - 0,0 - 0,0 - 0,3 - 9,girls,D3
240,Bard,1-11,0.3752,,0.0833,0.4619,0.4937,120,0 - 0,0 - 0,0 - 1,1 - 10,girls,D3
241,Dean,3-9,0.3748,,0.25,0.4302,0.3887,237,0 - 0,0 - 0,0 - 0,3 - 9,girls,D3
242,Augsburg,2-11,0.3735,,0.1538,0.4298,0.4805,138,0 - 0,0 - 0,0 - 0,2 - 11,girls,D3
243,Whittier,0-11,0.3728,,0.0,0.4965,0.4981,132,0 - 0,0 - 0,0 - 1,0 - 10,girls,D3
244,Westminster (PA),3-6,0.3728,,0.3333,0.3586,0.4405,265,0 - 0,0 - 0,0 - 0,3 - 6,girls,D3
245,Centenary,3-7,0.372,,0.3,0.3681,0.4516,252,0 - 0,0 - 0,0 - 0,3 - 7,girls,D3
246,Castleton,2-10,0.3706,,0.1667,0.4764,0.3627,233,0 - 0,0 - 0,0 - 0,2 - 10,girls,D3
247,Eastern,1-9,0.3662,,0.1,0.4448,0.475,169,0 - 0,0 - 0,0 - 0,1 - 9,girls,D3
248,Salem State,2-9,0.3617,,0.1818,0.4151,0.4347,217,0 - 0,0 - 0,0 - 0,2 - 9,girls,D3
249,Maine-Farmington,3-6,0.3615,,0.3333,0.3611,0.3903,271,0 - 0,0 - 0,0 - 0,3 - 6,girls,D3
250,Augustana,2-8,0.3592,,0.2,0.3974,0.442,244,0 - 0,0 - 0,0 - 0,2 - 8,girls,D3
251,Anna Maria,3-8,0.3577,,0.2727,0.3737,0.4109,242,0 - 0,0 - 0,0 - 0,3 - 8,girls,D3
252,Old Westbury,1-7,0.3571,,0.125,0.4545,0.3945,250,0 - 0,0 - 0,0 - 0,1 - 7,girls,D3
253,Curry,5-9,0.3569,,0.3571,0.3164,0.4376,234,0 - 0,0 - 0,0 - 0,5 - 9,girls,D3
254,Notre Dame (MD),2-7,0.3548,,0.2222,0.3711,0.4549,238,0 - 0,0 - 0,0 - 0,2 - 7,girls,D3
255,William Peace,1-8,0.3533,,0.1111,0.4518,0.3983,236,0 - 0,0 - 0,0 - 0,1 - 8,girls,D3
256,Huntingdon,2-8,0.3469,,0.2,0.3814,0.4249,257,0 - 0,0 - 0,0 - 0,2 - 8,girls,D3
257,Bethany,2-9,0.345,,0.1818,0.4013,0.3957,255,0 - 0,0 - 0,0 - 0,2 - 9,girls,D3
258,King's,1-12,0.3426,,0.0769,0.4254,0.4427,186,0 - 0,0 - 0,0 - 0,1 - 12,girls,D3
259,Mitchell,0-9,0.3411,,0.0,0.4881,0.3881,244,0 - 0,0 - 0,0 - 0,0 - 9,girls,D3
260,Pacific University,1-10,0.3394,,0.0909,0.4159,0.4348,217,0 - 0,0 - 0,0 - 0,1 - 10,girls,D3
261,Warren Wilson,3-3,0.3383,,0.5,0.2241,0.4049,277,0 - 0,0 - 0,0 - 0,3 - 3,girls,D3
262,Keuka,1-9,0.3381,,0.1,0.4091,0.4341,239,0 - 0,0 - 0,0 - 0,1 - 9,girls,D3
263,UW Stevens Point,0-9,0.3358,,0.0,0.4348,0.4735,191,0 - 0,0 - 0,0 - 0,0 - 9,girls,D3
264,Purchase College,1-9,0.3344,,0.1,0.43,0.3775,263,0 - 0,0 - 0,0 - 0,1 - 9,girls,D3
265,Greensboro,1-10,0.3289,,0.0909,0.4069,0.4109,229,0 - 0,0 - 0,0 - 0,1 - 10,girls,D3
266,Lewis & Clark,0-12,0.326,,0.0,0.4236,0.4568,176,0 - 0,0 - 0,0 - 0,0 - 12,girls,D3
267,Franklin,1-6,0.324,,0.1429,0.3726,0.408,259,0 - 0,0 - 0,0 - 0,1 - 6,girls,D3
268,NC Wesleyan,0-10,0.317,,0.0,0.4489,0.3703,251,0 - 0,0 - 0,0 - 0,0 - 10,girls,D3
269,Saint Vincent,1-8,0.3153,,0.1111,0.3821,0.3859,267,0 - 0,0 - 0,0 - 0,1 - 8,girls,D3
270,Gwynedd-Mercy,0-11,0.315,,0.0,0.407,0.4462,209,0 - 0,0 - 0,0 - 0,0 - 11,girls,D3
271,UMass-Boston,0-11,0.313,,0.0,0.4083,0.4356,222,0 - 0,0 - 0,0 - 0,0 - 11,girls,D3
272,Thomas College,2-8,0.3123,,0.2,0.3257,0.3978,273,0 - 0,0 - 0,0 - 0,2 - 8,girls,D3
273,Wentworth,0-9,0.3119,,0.0,0.4196,0.4083,248,0 - 0,0 - 0,0 - 0,0 - 9,girls,D3
274,Albertus Magnus,1-12,0.2967,,0.0769,0.36,0.3898,256,0 - 0,0 - 0,0 - 0,1 - 12,girls,D3
275,Hilbert,0-7,0.287,,0.0,0.3983,0.3514,274,0 - 0,0 - 0,0 - 0,0 - 7,girls,D3
276,Rhode Island College,2-9,0.2866,,0.1818,0.2691,0.4263,269,0 - 0,0 - 0,0 - 0,2 - 9,girls,D3
277,Waynesburg,1-12,0.2857,,0.0769,0.3501,0.3657,268,0 - 0,0 - 0,0 - 0,1 - 12,girls,D3
278,Mount St. Joseph,0-10,0.2714,,0.0,0.3245,0.4366,260,0 - 0,0 - 0,0 - 0,0 - 10,girls,D3
279,NVU-Lyndon,0-6,0.2365,,0.0,0.2744,0.3972,276,0 - 0,0 - 0,0 - 0,0 - 6,girls,D3
280,Sweet Briar,1-8,0.219,,0.1111,0.1707,0.4235,278,0 - 0,0 - 0,0 - 0,1 - 8,girls,D3
